date_published,id,type,country,country_code,name,status,admin_year,intersected_area_ha,intersected_area_ha_cumulative,bbox_minx,bbox_miny,bbox_maxx,bbox_maxy
2026-08-29,AMAZ,national_admin,Entire Amazon,,Entire Amazon,,201800,516402.36,516402.36,-79.6125,-20.4788133408,-43.6947206152,10.0591514308
2026-08-29,AMAZ,national_admin,Entire Amazon,,Entire Amazon,,201900,95284.0,611686.36,-79.6125,-20.4788133408,-43.6947206152,10.0591514308
2026-08-29,AMAZ,national_admin,Entire Amazon,,Entire Amazon,,202000,92406.93,704093.29,-79.6125,-20.4788133408,-43.6947206152,10.0591514308
2026-08-29,AMAZ,national_admin,Entire Amazon,,Entire Amazon,,202100,98991.35,803084.65,-79.6125,-20.4788133408,-43.6947206152,10.0591514308
2026-08-29,AMAZ,national_admin,Entire Amazon,,Entire Amazon,,202200,91181.43,894266.08,-79.6125,-20.4788133408,-43.6947206152,10.0591514308
2026-08-29,AMAZ,national_admin,Entire Amazon,,Entire Amazon,,202300,88926.29,983192.36,-79.6125,-20.4788133408,-43.6947206152,10.0591514308
2026-08-29,AMAZ,national_admin,Entire Amazon,,Entire Amazon,,202400,62410.83,1045603.2,-79.6125,-20.4788133408,-43.6947206152,10.0591514308
2026-08-29,AMAZ,national_admin,Entire Amazon,,Entire Amazon,,202501,17790.54,1063393.73,-79.6125,-20.4788133408,-43.6947206152,10.0591514308
2026-08-29,AMAZ,national_admin,Entire Amazon,,Entire Amazon,,202502,18890.37,1082284.1,-79.6125,-20.4788133408,-43.6947206152,10.0591514308
2026-08-29,AMAZ,national_admin,Entire Amazon,,Entire Amazon,,202503,23053.9,1105338.0,-79.6125,-20.4788133408,-43.6947206152,10.0591514308
2026-08-29,AMAZ,national_admin,Entire Amazon,,Entire Amazon,,202504,8028.03,1113366.03,-79.6125,-20.4788133408,-43.6947206152,10.0591514308
2026-08-29,AMAZ,national_admin,Entire Amazon,,Entire Amazon,,202601,4158.25,1117524.28,-79.6125,-20.4788133408,-43.6947206152,10.0591514308
2026-08-29,AMAZ,national_admin,Entire Amazon,,Entire Amazon,,202602,31615.77,1149140.05,-79.6125,-20.4788133408,-43.6947206152,10.0591514308
2026-08-29,BOL,national_admin,Bolivia,BO,Bolivia,,201800,6555.62,6555.62,-69.5747,-20.4788133408,-57.747,-9.6709
2026-08-29,BOL,national_admin,Bolivia,BO,Bolivia,,201900,2403.65,8959.27,-69.5747,-20.4788133408,-57.747,-9.6709
2026-08-29,BOL,national_admin,Bolivia,BO,Bolivia,,202000,2012.85,10972.12,-69.5747,-20.4788133408,-57.747,-9.6709
2026-08-29,BOL,national_admin,Bolivia,BO,Bolivia,,202100,1685.08,12657.2,-69.5747,-20.4788133408,-57.747,-9.6709
2026-08-29,BOL,national_admin,Bolivia,BO,Bolivia,,202200,1517.75,14174.95,-69.5747,-20.4788133408,-57.747,-9.6709
2026-08-29,BOL,national_admin,Bolivia,BO,Bolivia,,202300,3425.83,17600.77,-69.5747,-20.4788133408,-57.747,-9.6709
2026-08-29,BOL,national_admin,Bolivia,BO,Bolivia,,202400,704.91,18305.69,-69.5747,-20.4788133408,-57.747,-9.6709
2026-08-29,BOL,national_admin,Bolivia,BO,Bolivia,,202501,99.26,18404.94,-69.5747,-20.4788133408,-57.747,-9.6709
2026-08-29,BOL,national_admin,Bolivia,BO,Bolivia,,202502,108.73,18513.68,-69.5747,-20.4788133408,-57.747,-9.6709
2026-08-29,BOL,national_admin,Bolivia,BO,Bolivia,,202503,330.52,18844.2,-69.5747,-20.4788133408,-57.747,-9.6709
2026-08-29,BOL,national_admin,Bolivia,BO,Bolivia,,202504,63.73,18907.93,-69.5747,-20.4788133408,-57.747,-9.6709
2026-08-29,BOL,national_admin,Bolivia,BO,Bolivia,,202601,107.89,19015.82,-69.5747,-20.4788133408,-57.747,-9.6709
2026-08-29,BOL,national_admin,Bolivia,BO,Bolivia,,202602,451.19,19467.01,-69.5747,-20.4788133408,-57.747,-9.6709
2026-08-29,BRA,national_admin,Brazil,BR,Brazil,,201800,208926.97,208926.97,-73.9897,-18.0417666687,-43.6968385711,5.2649
2026-08-29,BRA,national_admin,Brazil,BR,Brazil,,201900,47459.31,256386.28,-73.9897,-18.0417666687,-43.6968385711,5.2649
2026-08-29,BRA,national_admin,Brazil,BR,Brazil,,202000,46978.87,303365.15,-73.9897,-18.0417666687,-43.6968385711,5.2649
2026-08-29,BRA,national_admin,Brazil,BR,Brazil,,202100,50156.02,353521.17,-73.9897,-18.0417666687,-43.6968385711,5.2649
2026-08-29,BRA,national_admin,Brazil,BR,Brazil,,202200,47956.1,401477.27,-73.9897,-18.0417666687,-43.6968385711,5.2649
2026-08-29,BRA,national_admin,Brazil,BR,Brazil,,202300,39950.77,441428.04,-73.9897,-18.0417666687,-43.6968385711,5.2649
2026-08-29,BRA,national_admin,Brazil,BR,Brazil,,202400,22577.18,464005.22,-73.9897,-18.0417666687,-43.6968385711,5.2649
2026-08-29,BRA,national_admin,Brazil,BR,Brazil,,202501,1772.16,465777.38,-73.9897,-18.0417666687,-43.6968385711,5.2649
2026-08-29,BRA,national_admin,Brazil,BR,Brazil,,202502,9547.75,475325.13,-73.9897,-18.0417666687,-43.6968385711,5.2649
2026-08-29,BRA,national_admin,Brazil,BR,Brazil,,202503,8525.02,483850.15,-73.9897,-18.0417666687,-43.6968385711,5.2649
2026-08-29,BRA,national_admin,Brazil,BR,Brazil,,202504,2463.35,486313.49,-73.9897,-18.0417666687,-43.6968385711,5.2649
2026-08-29,BRA,national_admin,Brazil,BR,Brazil,,202601,1250.15,487563.65,-73.9897,-18.0417666687,-43.6968385711,5.2649
2026-08-29,BRA,national_admin,Brazil,BR,Brazil,,202602,11439.9,499003.55,-73.9897,-18.0417666687,-43.6968385711,5.2649
2026-08-29,COL,national_admin,Colombia,CO,Colombia,,201800,39.0,39.0,-77.6662096428,-4.2284,-66.8377,6.1666555302
2026-08-29,COL,national_admin,Colombia,CO,Colombia,,201900,4.01,43.0,-77.6662096428,-4.2284,-66.8377,6.1666555302
2026-08-29,COL,national_admin,Colombia,CO,Colombia,,202000,0.93,43.93,-77.6662096428,-4.2284,-66.8377,6.1666555302
2026-08-29,COL,national_admin,Colombia,CO,Colombia,,202100,3.29,47.22,-77.6662096428,-4.2284,-66.8377,6.1666555302
2026-08-29,COL,national_admin,Colombia,CO,Colombia,,202200,103.48,150.7,-77.6662096428,-4.2284,-66.8377,6.1666555302
2026-08-29,COL,national_admin,Colombia,CO,Colombia,,202300,126.37,277.06,-77.6662096428,-4.2284,-66.8377,6.1666555302
2026-08-29,COL,national_admin,Colombia,CO,Colombia,,202400,26.59,303.65,-77.6662096428,-4.2284,-66.8377,6.1666555302
2026-08-29,COL,national_admin,Colombia,CO,Colombia,,202501,23.04,326.69,-77.6662096428,-4.2284,-66.8377,6.1666555302
2026-08-29,COL,national_admin,Colombia,CO,Colombia,,202502,0.0,326.69,-77.6662096428,-4.2284,-66.8377,6.1666555302
2026-08-29,COL,national_admin,Colombia,CO,Colombia,,202503,203.44,530.14,-77.6662096428,-4.2284,-66.8377,6.1666555302
2026-08-29,COL,national_admin,Colombia,CO,Colombia,,202504,0.0,530.14,-77.6662096428,-4.2284,-66.8377,6.1666555302
2026-08-29,COL,national_admin,Colombia,CO,Colombia,,202601,28.07,558.21,-77.6662096428,-4.2284,-66.8377,6.1666555302
2026-08-29,COL,national_admin,Colombia,CO,Colombia,,202602,105.6,663.8,-77.6662096428,-4.2284,-66.8377,6.1666555302
2026-08-29,ECU,national_admin,Ecuador,EC,Ecuador,,201800,759.14,759.14,-79.4277878852,-5.0158,-75.1871,0.7345833336
2026-08-29,ECU,national_admin,Ecuador,EC,Ecuador,,201900,402.39,1161.54,-79.4277878852,-5.0158,-75.1871,0.7345833336
2026-08-29,ECU,national_admin,Ecuador,EC,Ecuador,,202000,645.46,1806.99,-79.4277878852,-5.0158,-75.1871,0.7345833336
2026-08-29,ECU,national_admin,Ecuador,EC,Ecuador,,202100,1311.87,3118.86,-79.4277878852,-5.0158,-75.1871,0.7345833336
2026-08-29,ECU,national_admin,Ecuador,EC,Ecuador,,202200,908.16,4027.02,-79.4277878852,-5.0158,-75.1871,0.7345833336
2026-08-29,ECU,national_admin,Ecuador,EC,Ecuador,,202300,2248.38,6275.4,-79.4277878852,-5.0158,-75.1871,0.7345833336
2026-08-29,ECU,national_admin,Ecuador,EC,Ecuador,,202400,3302.46,9577.86,-79.4277878852,-5.0158,-75.1871,0.7345833336
2026-08-29,ECU,national_admin,Ecuador,EC,Ecuador,,202501,898.4,10476.26,-79.4277878852,-5.0158,-75.1871,0.7345833336
2026-08-29,ECU,national_admin,Ecuador,EC,Ecuador,,202502,29.52,10505.78,-79.4277878852,-5.0158,-75.1871,0.7345833336
2026-08-29,ECU,national_admin,Ecuador,EC,Ecuador,,202503,1093.19,11598.96,-79.4277878852,-5.0158,-75.1871,0.7345833336
2026-08-29,ECU,national_admin,Ecuador,EC,Ecuador,,202504,491.46,12090.42,-79.4277878852,-5.0158,-75.1871,0.7345833336
2026-08-29,ECU,national_admin,Ecuador,EC,Ecuador,,202601,0.0,12090.42,-79.4277878852,-5.0158,-75.1871,0.7345833336
2026-08-29,ECU,national_admin,Ecuador,EC,Ecuador,,202602,649.88,12740.31,-79.4277878852,-5.0158,-75.1871,0.7345833336
2026-08-29,GUF,national_admin,FrenchGuiana,GF,FrenchGuiana,,201800,13407.01,13407.01,-54.5418,2.1287,-51.6080607269,5.751
2026-08-29,GUF,national_admin,FrenchGuiana,GF,FrenchGuiana,,201900,1934.26,15341.27,-54.5418,2.1287,-51.6080607269,5.751
2026-08-29,GUF,national_admin,FrenchGuiana,GF,FrenchGuiana,,202000,1954.71,17295.98,-54.5418,2.1287,-51.6080607269,5.751
2026-08-29,GUF,national_admin,FrenchGuiana,GF,FrenchGuiana,,202100,2093.11,19389.09,-54.5418,2.1287,-51.6080607269,5.751
2026-08-29,GUF,national_admin,FrenchGuiana,GF,FrenchGuiana,,202200,1595.27,20984.35,-54.5418,2.1287,-51.6080607269,5.751
2026-08-29,GUF,national_admin,FrenchGuiana,GF,FrenchGuiana,,202300,1221.28,22205.63,-54.5418,2.1287,-51.6080607269,5.751
2026-08-29,GUF,national_admin,FrenchGuiana,GF,FrenchGuiana,,202400,641.52,22847.15,-54.5418,2.1287,-51.6080607269,5.751
2026-08-29,GUF,national_admin,FrenchGuiana,GF,FrenchGuiana,,202501,490.4,23337.55,-54.5418,2.1287,-51.6080607269,5.751
2026-08-29,GUF,national_admin,FrenchGuiana,GF,FrenchGuiana,,202502,387.72,23725.27,-54.5418,2.1287,-51.6080607269,5.751
2026-08-29,GUF,national_admin,FrenchGuiana,GF,FrenchGuiana,,202503,633.33,24358.6,-54.5418,2.1287,-51.6080607269,5.751
2026-08-29,GUF,national_admin,FrenchGuiana,GF,FrenchGuiana,,202504,70.78,24429.38,-54.5418,2.1287,-51.6080607269,5.751
2026-08-29,GUF,national_admin,FrenchGuiana,GF,FrenchGuiana,,202601,58.35,24487.73,-54.5418,2.1287,-51.6080607269,5.751
2026-08-29,GUF,national_admin,FrenchGuiana,GF,FrenchGuiana,,202602,428.72,24916.45,-54.5418,2.1287,-51.6080607269,5.751
2026-08-29,GUY,national_admin,Guyana,GY,Guyana,,201800,94585.04,94585.04,-61.3869,1.1768,-56.4803,8.5308
2026-08-29,GUY,national_admin,Guyana,GY,Guyana,,201900,12619.0,107204.04,-61.3869,1.1768,-56.4803,8.5308
2026-08-29,GUY,national_admin,Guyana,GY,Guyana,,202000,13126.4,120330.45,-61.3869,1.1768,-56.4803,8.5308
2026-08-29,GUY,national_admin,Guyana,GY,Guyana,,202100,13587.56,133918.01,-61.3869,1.1768,-56.4803,8.5308
2026-08-29,GUY,national_admin,Guyana,GY,Guyana,,202200,11050.35,144968.36,-61.3869,1.1768,-56.4803,8.5308
2026-08-29,GUY,national_admin,Guyana,GY,Guyana,,202300,12587.06,157555.42,-61.3869,1.1768,-56.4803,8.5308
2026-08-29,GUY,national_admin,Guyana,GY,Guyana,,202400,9701.58,167257.0,-61.3869,1.1768,-56.4803,8.5308
2026-08-29,GUY,national_admin,Guyana,GY,Guyana,,202501,3623.06,170880.06,-61.3869,1.1768,-56.4803,8.5308
2026-08-29,GUY,national_admin,Guyana,GY,Guyana,,202502,1016.57,171896.63,-61.3869,1.1768,-56.4803,8.5308
2026-08-29,GUY,national_admin,Guyana,GY,Guyana,,202503,4692.17,176588.8,-61.3869,1.1768,-56.4803,8.5308
2026-08-29,GUY,national_admin,Guyana,GY,Guyana,,202504,1504.31,178093.11,-61.3869,1.1768,-56.4803,8.5308
2026-08-29,GUY,national_admin,Guyana,GY,Guyana,,202601,1302.56,179395.67,-61.3869,1.1768,-56.4803,8.5308
2026-08-29,GUY,national_admin,Guyana,GY,Guyana,,202602,6392.34,185788.02,-61.3869,1.1768,-56.4803,8.5308
2026-08-29,PER,national_admin,Peru,PE,Peru,,201800,77890.28,77890.28,-79.6125,-15.5214006212,-68.6522,-0.039
2026-08-29,PER,national_admin,Peru,PE,Peru,,201900,14028.5,91918.78,-79.6125,-15.5214006212,-68.6522,-0.039
2026-08-29,PER,national_admin,Peru,PE,Peru,,202000,13573.65,105492.43,-79.6125,-15.5214006212,-68.6522,-0.039
2026-08-29,PER,national_admin,Peru,PE,Peru,,202100,14367.62,119860.05,-79.6125,-15.5214006212,-68.6522,-0.039
2026-08-29,PER,national_admin,Peru,PE,Peru,,202200,11298.78,131158.84,-79.6125,-15.5214006212,-68.6522,-0.039
2026-08-29,PER,national_admin,Peru,PE,Peru,,202300,12842.12,144000.96,-79.6125,-15.5214006212,-68.6522,-0.039
2026-08-29,PER,national_admin,Peru,PE,Peru,,202400,14510.98,158511.94,-79.6125,-15.5214006212,-68.6522,-0.039
2026-08-29,PER,national_admin,Peru,PE,Peru,,202501,2475.42,160987.36,-79.6125,-15.5214006212,-68.6522,-0.039
2026-08-29,PER,national_admin,Peru,PE,Peru,,202502,4275.6,165262.96,-79.6125,-15.5214006212,-68.6522,-0.039
2026-08-29,PER,national_admin,Peru,PE,Peru,,202503,3816.45,169079.41,-79.6125,-15.5214006212,-68.6522,-0.039
2026-08-29,PER,national_admin,Peru,PE,Peru,,202504,2686.48,171765.88,-79.6125,-15.5214006212,-68.6522,-0.039
2026-08-29,PER,national_admin,Peru,PE,Peru,,202601,307.76,172073.64,-79.6125,-15.5214006212,-68.6522,-0.039
2026-08-29,PER,national_admin,Peru,PE,Peru,,202602,7812.2,179885.84,-79.6125,-15.5214006212,-68.6522,-0.039
2026-08-29,SUR,national_admin,Suriname,SR,Suriname,,201800,58576.21,58576.21,-58.0866,1.8311,-53.9775,6.0001502046
2026-08-29,SUR,national_admin,Suriname,SR,Suriname,,201900,8771.36,67347.57,-58.0866,1.8311,-53.9775,6.0001502046
2026-08-29,SUR,national_admin,Suriname,SR,Suriname,,202000,8108.87,75456.45,-58.0866,1.8311,-53.9775,6.0001502046
2026-08-29,SUR,national_admin,Suriname,SR,Suriname,,202100,9527.02,84983.47,-58.0866,1.8311,-53.9775,6.0001502046
2026-08-29,SUR,national_admin,Suriname,SR,Suriname,,202200,9769.53,94753.0,-58.0866,1.8311,-53.9775,6.0001502046
2026-08-29,SUR,national_admin,Suriname,SR,Suriname,,202300,9000.0,103753.0,-58.0866,1.8311,-53.9775,6.0001502046
2026-08-29,SUR,national_admin,Suriname,SR,Suriname,,202400,5962.36,109715.35,-58.0866,1.8311,-53.9775,6.0001502046
2026-08-29,SUR,national_admin,Suriname,SR,Suriname,,202501,6695.97,116411.32,-58.0866,1.8311,-53.9775,6.0001502046
2026-08-29,SUR,national_admin,Suriname,SR,Suriname,,202502,1304.89,117716.21,-58.0866,1.8311,-53.9775,6.0001502046
2026-08-29,SUR,national_admin,Suriname,SR,Suriname,,202503,2427.51,120143.71,-58.0866,1.8311,-53.9775,6.0001502046
2026-08-29,SUR,national_admin,Suriname,SR,Suriname,,202504,270.2,120413.91,-58.0866,1.8311,-53.9775,6.0001502046
2026-08-29,SUR,national_admin,Suriname,SR,Suriname,,202601,344.39,120758.29,-58.0866,1.8311,-53.9775,6.0001502046
2026-08-29,SUR,national_admin,Suriname,SR,Suriname,,202602,2512.45,123270.74,-58.0866,1.8311,-53.9775,6.0001502046
2026-08-29,VEN,national_admin,Venezuela,VE,Venezuela,,201800,55663.09,55663.09,-67.8589,0.6488,-59.8072,10.0591300249
2026-08-29,VEN,national_admin,Venezuela,VE,Venezuela,,201900,7661.51,63324.6,-67.8589,0.6488,-59.8072,10.0591300249
2026-08-29,VEN,national_admin,Venezuela,VE,Venezuela,,202000,6005.19,69329.8,-67.8589,0.6488,-59.8072,10.0591300249
2026-08-29,VEN,national_admin,Venezuela,VE,Venezuela,,202100,6259.79,75589.59,-67.8589,0.6488,-59.8072,10.0591300249
2026-08-29,VEN,national_admin,Venezuela,VE,Venezuela,,202200,6982.01,82571.6,-67.8589,0.6488,-59.8072,10.0591300249
2026-08-29,VEN,national_admin,Venezuela,VE,Venezuela,,202300,7524.49,90096.09,-67.8589,0.6488,-59.8072,10.0591300249
2026-08-29,VEN,national_admin,Venezuela,VE,Venezuela,,202400,4983.25,95079.35,-67.8589,0.6488,-59.8072,10.0591300249
2026-08-29,VEN,national_admin,Venezuela,VE,Venezuela,,202501,1712.83,96792.17,-67.8589,0.6488,-59.8072,10.0591300249
2026-08-29,VEN,national_admin,Venezuela,VE,Venezuela,,202502,2219.59,99011.77,-67.8589,0.6488,-59.8072,10.0591300249
2026-08-29,VEN,national_admin,Venezuela,VE,Venezuela,,202503,1332.27,100344.03,-67.8589,0.6488,-59.8072,10.0591300249
2026-08-29,VEN,national_admin,Venezuela,VE,Venezuela,,202504,477.74,100821.78,-67.8589,0.6488,-59.8072,10.0591300249
2026-08-29,VEN,national_admin,Venezuela,VE,Venezuela,,202601,759.08,101580.85,-67.8589,0.6488,-59.8072,10.0591300249
2026-08-29,VEN,national_admin,Venezuela,VE,Venezuela,,202602,1823.49,103404.34,-67.8589,0.6488,-59.8072,10.0591300249
2026-08-29,BO_BO08,subnational_admin,Bolivia,BO,Beni,,201800,79.82,79.82,-67.562060631,-16.491651133,-61.515744427,-10.381217905
2026-08-29,BO_BO08,subnational_admin,Bolivia,BO,Beni,,201900,60.85,140.67,-67.562060631,-16.491651133,-61.515744427,-10.381217905
2026-08-29,BO_BO08,subnational_admin,Bolivia,BO,Beni,,202000,4.48,145.15,-67.562060631,-16.491651133,-61.515744427,-10.381217905
2026-08-29,BO_BO08,subnational_admin,Bolivia,BO,Beni,,202100,101.08,246.22,-67.562060631,-16.491651133,-61.515744427,-10.381217905
2026-08-29,BO_BO08,subnational_admin,Bolivia,BO,Beni,,202200,49.93,296.16,-67.562060631,-16.491651133,-61.515744427,-10.381217905
2026-08-29,BO_BO08,subnational_admin,Bolivia,BO,Beni,,202300,8.6,304.76,-67.562060631,-16.491651133,-61.515744427,-10.381217905
2026-08-29,BO_BO08,subnational_admin,Bolivia,BO,Beni,,202400,31.44,336.2,-67.562060631,-16.491651133,-61.515744427,-10.381217905
2026-08-29,BO_BO08,subnational_admin,Bolivia,BO,Beni,,202501,0.0,336.2,-67.562060631,-16.491651133,-61.515744427,-10.381217905
2026-08-29,BO_BO08,subnational_admin,Bolivia,BO,Beni,,202502,43.42,379.62,-67.562060631,-16.491651133,-61.515744427,-10.381217905
2026-08-29,BO_BO08,subnational_admin,Bolivia,BO,Beni,,202503,33.88,413.51,-67.562060631,-16.491651133,-61.515744427,-10.381217905
2026-08-29,BO_BO08,subnational_admin,Bolivia,BO,Beni,,202504,0.0,413.51,-67.562060631,-16.491651133,-61.515744427,-10.381217905
2026-08-29,BO_BO08,subnational_admin,Bolivia,BO,Beni,,202601,75.18,488.68,-67.562060631,-16.491651133,-61.515744427,-10.381217905
2026-08-29,BO_BO08,subnational_admin,Bolivia,BO,Beni,,202602,343.37,832.06,-67.562060631,-16.491651133,-61.515744427,-10.381217905
2026-08-29,BO_BO03,subnational_admin,Bolivia,BO,Cochabamba,,201800,0.0,0.0,-67.005741904,-18.681740649,-64.234105825,-15.779917436
2026-08-29,BO_BO03,subnational_admin,Bolivia,BO,Cochabamba,,201900,0.0,0.0,-67.005741904,-18.681740649,-64.234105825,-15.779917436
2026-08-29,BO_BO03,subnational_admin,Bolivia,BO,Cochabamba,,202000,0.0,0.0,-67.005741904,-18.681740649,-64.234105825,-15.779917436
2026-08-29,BO_BO03,subnational_admin,Bolivia,BO,Cochabamba,,202100,0.0,0.0,-67.005741904,-18.681740649,-64.234105825,-15.779917436
2026-08-29,BO_BO03,subnational_admin,Bolivia,BO,Cochabamba,,202200,0.0,0.0,-67.005741904,-18.681740649,-64.234105825,-15.779917436
2026-08-29,BO_BO03,subnational_admin,Bolivia,BO,Cochabamba,,202300,0.0,0.0,-67.005741904,-18.681740649,-64.234105825,-15.779917436
2026-08-29,BO_BO03,subnational_admin,Bolivia,BO,Cochabamba,,202400,0.0,0.0,-67.005741904,-18.681740649,-64.234105825,-15.779917436
2026-08-29,BO_BO03,subnational_admin,Bolivia,BO,Cochabamba,,202501,0.0,0.0,-67.005741904,-18.681740649,-64.234105825,-15.779917436
2026-08-29,BO_BO03,subnational_admin,Bolivia,BO,Cochabamba,,202502,0.0,0.0,-67.005741904,-18.681740649,-64.234105825,-15.779917436
2026-08-29,BO_BO03,subnational_admin,Bolivia,BO,Cochabamba,,202503,8.18,8.18,-67.005741904,-18.681740649,-64.234105825,-15.779917436
2026-08-29,BO_BO03,subnational_admin,Bolivia,BO,Cochabamba,,202504,0.0,8.18,-67.005741904,-18.681740649,-64.234105825,-15.779917436
2026-08-29,BO_BO03,subnational_admin,Bolivia,BO,Cochabamba,,202601,0.0,8.18,-67.005741904,-18.681740649,-64.234105825,-15.779917436
2026-08-29,BO_BO03,subnational_admin,Bolivia,BO,Cochabamba,,202602,0.0,8.18,-67.005741904,-18.681740649,-64.234105825,-15.779917436
2026-08-29,BO_BO02,subnational_admin,Bolivia,BO,La Paz,,201800,5691.31,5691.31,-69.64493137,-18.043750858,-66.732113432,-11.839695909
2026-08-29,BO_BO02,subnational_admin,Bolivia,BO,La Paz,,201900,1972.46,7663.77,-69.64493137,-18.043750858,-66.732113432,-11.839695909
2026-08-29,BO_BO02,subnational_admin,Bolivia,BO,La Paz,,202000,1897.49,9561.26,-69.64493137,-18.043750858,-66.732113432,-11.839695909
2026-08-29,BO_BO02,subnational_admin,Bolivia,BO,La Paz,,202100,1520.23,11081.49,-69.64493137,-18.043750858,-66.732113432,-11.839695909
2026-08-29,BO_BO02,subnational_admin,Bolivia,BO,La Paz,,202200,1342.07,12423.56,-69.64493137,-18.043750858,-66.732113432,-11.839695909
2026-08-29,BO_BO02,subnational_admin,Bolivia,BO,La Paz,,202300,3212.71,15636.27,-69.64493137,-18.043750858,-66.732113432,-11.839695909
2026-08-29,BO_BO02,subnational_admin,Bolivia,BO,La Paz,,202400,624.31,16260.58,-69.64493137,-18.043750858,-66.732113432,-11.839695909
2026-08-29,BO_BO02,subnational_admin,Bolivia,BO,La Paz,,202501,0.0,16260.58,-69.64493137,-18.043750858,-66.732113432,-11.839695909
2026-08-29,BO_BO02,subnational_admin,Bolivia,BO,La Paz,,202502,55.28,16315.86,-69.64493137,-18.043750858,-66.732113432,-11.839695909
2026-08-29,BO_BO02,subnational_admin,Bolivia,BO,La Paz,,202503,263.26,16579.12,-69.64493137,-18.043750858,-66.732113432,-11.839695909
2026-08-29,BO_BO02,subnational_admin,Bolivia,BO,La Paz,,202504,63.73,16642.86,-69.64493137,-18.043750858,-66.732113432,-11.839695909
2026-08-29,BO_BO02,subnational_admin,Bolivia,BO,La Paz,,202601,0.0,16642.86,-69.64493137,-18.043750858,-66.732113432,-11.839695909
2026-08-29,BO_BO02,subnational_admin,Bolivia,BO,La Paz,,202602,0.0,16642.86,-69.64493137,-18.043750858,-66.732113432,-11.839695909
2026-08-29,BO_BO09,subnational_admin,Bolivia,BO,Pando,,201800,147.86,147.86,-69.574747639,-12.498439765,-65.286810284,-9.669633002
2026-08-29,BO_BO09,subnational_admin,Bolivia,BO,Pando,,201900,151.04,298.9,-69.574747639,-12.498439765,-65.286810284,-9.669633002
2026-08-29,BO_BO09,subnational_admin,Bolivia,BO,Pando,,202000,3.95,302.85,-69.574747639,-12.498439765,-65.286810284,-9.669633002
2026-08-29,BO_BO09,subnational_admin,Bolivia,BO,Pando,,202100,2.76,305.61,-69.574747639,-12.498439765,-65.286810284,-9.669633002
2026-08-29,BO_BO09,subnational_admin,Bolivia,BO,Pando,,202200,64.35,369.96,-69.574747639,-12.498439765,-65.286810284,-9.669633002
2026-08-29,BO_BO09,subnational_admin,Bolivia,BO,Pando,,202300,24.3,394.26,-69.574747639,-12.498439765,-65.286810284,-9.669633002
2026-08-29,BO_BO09,subnational_admin,Bolivia,BO,Pando,,202400,11.23,405.49,-69.574747639,-12.498439765,-65.286810284,-9.669633002
2026-08-29,BO_BO09,subnational_admin,Bolivia,BO,Pando,,202501,0.0,405.49,-69.574747639,-12.498439765,-65.286810284,-9.669633002
2026-08-29,BO_BO09,subnational_admin,Bolivia,BO,Pando,,202502,2.83,408.33,-69.574747639,-12.498439765,-65.286810284,-9.669633002
2026-08-29,BO_BO09,subnational_admin,Bolivia,BO,Pando,,202503,25.2,433.53,-69.574747639,-12.498439765,-65.286810284,-9.669633002
2026-08-29,BO_BO09,subnational_admin,Bolivia,BO,Pando,,202504,0.0,433.53,-69.574747639,-12.498439765,-65.286810284,-9.669633002
2026-08-29,BO_BO09,subnational_admin,Bolivia,BO,Pando,,202601,0.0,433.53,-69.574747639,-12.498439765,-65.286810284,-9.669633002
2026-08-29,BO_BO09,subnational_admin,Bolivia,BO,Pando,,202602,67.62,501.15,-69.574747639,-12.498439765,-65.286810284,-9.669633002
2026-08-29,BO_BO07,subnational_admin,Bolivia,BO,Santa Cruz,,201800,636.62,636.62,-64.842662361,-20.4651573,-57.454433528,-13.477752588
2026-08-29,BO_BO07,subnational_admin,Bolivia,BO,Santa Cruz,,201900,219.3,855.92,-64.842662361,-20.4651573,-57.454433528,-13.477752588
2026-08-29,BO_BO07,subnational_admin,Bolivia,BO,Santa Cruz,,202000,106.93,962.86,-64.842662361,-20.4651573,-57.454433528,-13.477752588
2026-08-29,BO_BO07,subnational_admin,Bolivia,BO,Santa Cruz,,202100,61.02,1023.88,-64.842662361,-20.4651573,-57.454433528,-13.477752588
2026-08-29,BO_BO07,subnational_admin,Bolivia,BO,Santa Cruz,,202200,61.39,1085.27,-64.842662361,-20.4651573,-57.454433528,-13.477752588
2026-08-29,BO_BO07,subnational_admin,Bolivia,BO,Santa Cruz,,202300,180.22,1265.49,-64.842662361,-20.4651573,-57.454433528,-13.477752588
2026-08-29,BO_BO07,subnational_admin,Bolivia,BO,Santa Cruz,,202400,37.92,1303.41,-64.842662361,-20.4651573,-57.454433528,-13.477752588
2026-08-29,BO_BO07,subnational_admin,Bolivia,BO,Santa Cruz,,202501,99.26,1402.67,-64.842662361,-20.4651573,-57.454433528,-13.477752588
2026-08-29,BO_BO07,subnational_admin,Bolivia,BO,Santa Cruz,,202502,7.19,1409.86,-64.842662361,-20.4651573,-57.454433528,-13.477752588
2026-08-29,BO_BO07,subnational_admin,Bolivia,BO,Santa Cruz,,202503,0.0,1409.86,-64.842662361,-20.4651573,-57.454433528,-13.477752588
2026-08-29,BO_BO07,subnational_admin,Bolivia,BO,Santa Cruz,,202504,0.0,1409.86,-64.842662361,-20.4651573,-57.454433528,-13.477752588
2026-08-29,BO_BO07,subnational_admin,Bolivia,BO,Santa Cruz,,202601,32.72,1442.58,-64.842662361,-20.4651573,-57.454433528,-13.477752588
2026-08-29,BO_BO07,subnational_admin,Bolivia,BO,Santa Cruz,,202602,40.19,1482.77,-64.842662361,-20.4651573,-57.454433528,-13.477752588
2026-08-29,BR_12,subnational_admin,Brasil,BR,Acre,,201800,0.0,0.0,-73.982896625,-11.14448889,-66.6244606042,-7.11297681
2026-08-29,BR_12,subnational_admin,Brasil,BR,Acre,,201900,0.0,0.0,-73.982896625,-11.14448889,-66.6244606042,-7.11297681
2026-08-29,BR_12,subnational_admin,Brasil,BR,Acre,,202000,10.66,10.66,-73.982896625,-11.14448889,-66.6244606042,-7.11297681
2026-08-29,BR_12,subnational_admin,Brasil,BR,Acre,,202100,29.74,40.4,-73.982896625,-11.14448889,-66.6244606042,-7.11297681
2026-08-29,BR_12,subnational_admin,Brasil,BR,Acre,,202200,12.92,53.32,-73.982896625,-11.14448889,-66.6244606042,-7.11297681
2026-08-29,BR_12,subnational_admin,Brasil,BR,Acre,,202300,0.0,53.32,-73.982896625,-11.14448889,-66.6244606042,-7.11297681
2026-08-29,BR_12,subnational_admin,Brasil,BR,Acre,,202400,0.0,53.32,-73.982896625,-11.14448889,-66.6244606042,-7.11297681
2026-08-29,BR_12,subnational_admin,Brasil,BR,Acre,,202501,0.0,53.32,-73.982896625,-11.14448889,-66.6244606042,-7.11297681
2026-08-29,BR_12,subnational_admin,Brasil,BR,Acre,,202502,10.92,64.24,-73.982896625,-11.14448889,-66.6244606042,-7.11297681
2026-08-29,BR_12,subnational_admin,Brasil,BR,Acre,,202503,0.0,64.24,-73.982896625,-11.14448889,-66.6244606042,-7.11297681
2026-08-29,BR_12,subnational_admin,Brasil,BR,Acre,,202504,0.0,64.24,-73.982896625,-11.14448889,-66.6244606042,-7.11297681
2026-08-29,BR_12,subnational_admin,Brasil,BR,Acre,,202601,0.0,64.24,-73.982896625,-11.14448889,-66.6244606042,-7.11297681
2026-08-29,BR_12,subnational_admin,Brasil,BR,Acre,,202602,0.0,64.24,-73.982896625,-11.14448889,-66.6244606042,-7.11297681
2026-08-29,BR_16,subnational_admin,Brasil,BR,Amapá,,201800,2696.15,2696.15,-54.876921656,-1.236181162,-49.8771646891,4.43712222
2026-08-29,BR_16,subnational_admin,Brasil,BR,Amapá,,201900,347.56,3043.72,-54.876921656,-1.236181162,-49.8771646891,4.43712222
2026-08-29,BR_16,subnational_admin,Brasil,BR,Amapá,,202000,305.71,3349.43,-54.876921656,-1.236181162,-49.8771646891,4.43712222
2026-08-29,BR_16,subnational_admin,Brasil,BR,Amapá,,202100,455.89,3805.32,-54.876921656,-1.236181162,-49.8771646891,4.43712222
2026-08-29,BR_16,subnational_admin,Brasil,BR,Amapá,,202200,729.96,4535.28,-54.876921656,-1.236181162,-49.8771646891,4.43712222
2026-08-29,BR_16,subnational_admin,Brasil,BR,Amapá,,202300,910.78,5446.05,-54.876921656,-1.236181162,-49.8771646891,4.43712222
2026-08-29,BR_16,subnational_admin,Brasil,BR,Amapá,,202400,491.71,5937.77,-54.876921656,-1.236181162,-49.8771646891,4.43712222
2026-08-29,BR_16,subnational_admin,Brasil,BR,Amapá,,202501,44.58,5982.34,-54.876921656,-1.236181162,-49.8771646891,4.43712222
2026-08-29,BR_16,subnational_admin,Brasil,BR,Amapá,,202502,1549.26,7531.6,-54.876921656,-1.236181162,-49.8771646891,4.43712222
2026-08-29,BR_16,subnational_admin,Brasil,BR,Amapá,,202503,825.06,8356.66,-54.876921656,-1.236181162,-49.8771646891,4.43712222
2026-08-29,BR_16,subnational_admin,Brasil,BR,Amapá,,202504,409.39,8766.05,-54.876921656,-1.236181162,-49.8771646891,4.43712222
2026-08-29,BR_16,subnational_admin,Brasil,BR,Amapá,,202601,104.94,8870.99,-54.876921656,-1.236181162,-49.8771646891,4.43712222
2026-08-29,BR_16,subnational_admin,Brasil,BR,Amapá,,202602,487.49,9358.48,-54.876921656,-1.236181162,-49.8771646891,4.43712222
2026-08-29,BR_13,subnational_admin,Brasil,BR,Amazonas,,201800,5975.13,5975.13,-73.798342486,-9.818055556,-56.073274537,2.233316765
2026-08-29,BR_13,subnational_admin,Brasil,BR,Amazonas,,201900,1582.98,7558.11,-73.798342486,-9.818055556,-56.073274537,2.233316765
2026-08-29,BR_13,subnational_admin,Brasil,BR,Amazonas,,202000,1940.79,9498.9,-73.798342486,-9.818055556,-56.073274537,2.233316765
2026-08-29,BR_13,subnational_admin,Brasil,BR,Amazonas,,202100,3637.93,13136.84,-73.798342486,-9.818055556,-56.073274537,2.233316765
2026-08-29,BR_13,subnational_admin,Brasil,BR,Amazonas,,202200,6938.08,20074.91,-73.798342486,-9.818055556,-56.073274537,2.233316765
2026-08-29,BR_13,subnational_admin,Brasil,BR,Amazonas,,202300,6823.79,26898.7,-73.798342486,-9.818055556,-56.073274537,2.233316765
2026-08-29,BR_13,subnational_admin,Brasil,BR,Amazonas,,202400,2018.81,28917.51,-73.798342486,-9.818055556,-56.073274537,2.233316765
2026-08-29,BR_13,subnational_admin,Brasil,BR,Amazonas,,202501,36.58,28954.09,-73.798342486,-9.818055556,-56.073274537,2.233316765
2026-08-29,BR_13,subnational_admin,Brasil,BR,Amazonas,,202502,457.91,29412.0,-73.798342486,-9.818055556,-56.073274537,2.233316765
2026-08-29,BR_13,subnational_admin,Brasil,BR,Amazonas,,202503,2390.42,31802.42,-73.798342486,-9.818055556,-56.073274537,2.233316765
2026-08-29,BR_13,subnational_admin,Brasil,BR,Amazonas,,202504,238.35,32040.77,-73.798342486,-9.818055556,-56.073274537,2.233316765
2026-08-29,BR_13,subnational_admin,Brasil,BR,Amazonas,,202601,566.14,32606.91,-73.798342486,-9.818055556,-56.073274537,2.233316765
2026-08-29,BR_13,subnational_admin,Brasil,BR,Amazonas,,202602,414.71,33021.62,-73.798342486,-9.818055556,-56.073274537,2.233316765
2026-08-29,BR_21,subnational_admin,Brasil,BR,Maranhão,,201800,3730.49,3730.49,-48.75754543,-10.26177525,-43.9519185601,-1.049724579
2026-08-29,BR_21,subnational_admin,Brasil,BR,Maranhão,,201900,1034.16,4764.65,-48.75754543,-10.26177525,-43.9519185601,-1.049724579
2026-08-29,BR_21,subnational_admin,Brasil,BR,Maranhão,,202000,1150.56,5915.21,-48.75754543,-10.26177525,-43.9519185601,-1.049724579
2026-08-29,BR_21,subnational_admin,Brasil,BR,Maranhão,,202100,960.42,6875.63,-48.75754543,-10.26177525,-43.9519185601,-1.049724579
2026-08-29,BR_21,subnational_admin,Brasil,BR,Maranhão,,202200,1371.9,8247.53,-48.75754543,-10.26177525,-43.9519185601,-1.049724579
2026-08-29,BR_21,subnational_admin,Brasil,BR,Maranhão,,202300,1864.81,10112.34,-48.75754543,-10.26177525,-43.9519185601,-1.049724579
2026-08-29,BR_21,subnational_admin,Brasil,BR,Maranhão,,202400,462.86,10575.2,-48.75754543,-10.26177525,-43.9519185601,-1.049724579
2026-08-29,BR_21,subnational_admin,Brasil,BR,Maranhão,,202501,154.3,10729.5,-48.75754543,-10.26177525,-43.9519185601,-1.049724579
2026-08-29,BR_21,subnational_admin,Brasil,BR,Maranhão,,202502,103.36,10832.85,-48.75754543,-10.26177525,-43.9519185601,-1.049724579
2026-08-29,BR_21,subnational_admin,Brasil,BR,Maranhão,,202503,401.71,11234.56,-48.75754543,-10.26177525,-43.9519185601,-1.049724579
2026-08-29,BR_21,subnational_admin,Brasil,BR,Maranhão,,202504,116.4,11350.96,-48.75754543,-10.26177525,-43.9519185601,-1.049724579
2026-08-29,BR_21,subnational_admin,Brasil,BR,Maranhão,,202601,117.25,11468.21,-48.75754543,-10.26177525,-43.9519185601,-1.049724579
2026-08-29,BR_21,subnational_admin,Brasil,BR,Maranhão,,202602,155.93,11624.14,-48.75754543,-10.26177525,-43.9519185601,-1.049724579
2026-08-29,BR_51,subnational_admin,Brasil,BR,Mato Grosso,,201800,55021.16,55021.16,-61.633277222,-18.041561,-50.209140259,-7.34808755
2026-08-29,BR_51,subnational_admin,Brasil,BR,Mato Grosso,,201900,10912.99,65934.15,-61.633277222,-18.041561,-50.209140259,-7.34808755
2026-08-29,BR_51,subnational_admin,Brasil,BR,Mato Grosso,,202000,9540.74,75474.9,-61.633277222,-18.041561,-50.209140259,-7.34808755
2026-08-29,BR_51,subnational_admin,Brasil,BR,Mato Grosso,,202100,7393.97,82868.86,-61.633277222,-18.041561,-50.209140259,-7.34808755
2026-08-29,BR_51,subnational_admin,Brasil,BR,Mato Grosso,,202200,6108.47,88977.33,-61.633277222,-18.041561,-50.209140259,-7.34808755
2026-08-29,BR_51,subnational_admin,Brasil,BR,Mato Grosso,,202300,5296.86,94274.19,-61.633277222,-18.041561,-50.209140259,-7.34808755
2026-08-29,BR_51,subnational_admin,Brasil,BR,Mato Grosso,,202400,5224.0,99498.2,-61.633277222,-18.041561,-50.209140259,-7.34808755
2026-08-29,BR_51,subnational_admin,Brasil,BR,Mato Grosso,,202501,638.13,100136.32,-61.633277222,-18.041561,-50.209140259,-7.34808755
2026-08-29,BR_51,subnational_admin,Brasil,BR,Mato Grosso,,202502,2663.59,102799.91,-61.633277222,-18.041561,-50.209140259,-7.34808755
2026-08-29,BR_51,subnational_admin,Brasil,BR,Mato Grosso,,202503,867.37,103667.29,-61.633277222,-18.041561,-50.209140259,-7.34808755
2026-08-29,BR_51,subnational_admin,Brasil,BR,Mato Grosso,,202504,394.64,104061.93,-61.633277222,-18.041561,-50.209140259,-7.34808755
2026-08-29,BR_51,subnational_admin,Brasil,BR,Mato Grosso,,202601,268.88,104330.81,-61.633277222,-18.041561,-50.209140259,-7.34808755
2026-08-29,BR_51,subnational_admin,Brasil,BR,Mato Grosso,,202602,3383.55,107714.36,-61.633277222,-18.041561,-50.209140259,-7.34808755
2026-08-29,BR_15,subnational_admin,Brasil,BR,Pará,,201800,125935.33,125935.33,-58.8953926918,-9.844624548,-46.0716086701,2.59138889
2026-08-29,BR_15,subnational_admin,Brasil,BR,Pará,,201900,29970.34,155905.67,-58.8953926918,-9.844624548,-46.0716086701,2.59138889
2026-08-29,BR_15,subnational_admin,Brasil,BR,Pará,,202000,31260.2,187165.87,-58.8953926918,-9.844624548,-46.0716086701,2.59138889
2026-08-29,BR_15,subnational_admin,Brasil,BR,Pará,,202100,34163.33,221329.2,-58.8953926918,-9.844624548,-46.0716086701,2.59138889
2026-08-29,BR_15,subnational_admin,Brasil,BR,Pará,,202200,28405.12,249734.32,-58.8953926918,-9.844624548,-46.0716086701,2.59138889
2026-08-29,BR_15,subnational_admin,Brasil,BR,Pará,,202300,22970.05,272704.37,-58.8953926918,-9.844624548,-46.0716086701,2.59138889
2026-08-29,BR_15,subnational_admin,Brasil,BR,Pará,,202400,13117.51,285821.87,-58.8953926918,-9.844624548,-46.0716086701,2.59138889
2026-08-29,BR_15,subnational_admin,Brasil,BR,Pará,,202501,801.65,286623.53,-58.8953926918,-9.844624548,-46.0716086701,2.59138889
2026-08-29,BR_15,subnational_admin,Brasil,BR,Pará,,202502,4543.12,291166.65,-58.8953926918,-9.844624548,-46.0716086701,2.59138889
2026-08-29,BR_15,subnational_admin,Brasil,BR,Pará,,202503,3415.05,294581.69,-58.8953926918,-9.844624548,-46.0716086701,2.59138889
2026-08-29,BR_15,subnational_admin,Brasil,BR,Pará,,202504,1296.94,295878.63,-58.8953926918,-9.844624548,-46.0716086701,2.59138889
2026-08-29,BR_15,subnational_admin,Brasil,BR,Pará,,202601,177.5,296056.13,-58.8953926918,-9.844624548,-46.0716086701,2.59138889
2026-08-29,BR_15,subnational_admin,Brasil,BR,Pará,,202602,6423.13,302479.25,-58.8953926918,-9.844624548,-46.0716086701,2.59138889
2026-08-29,BR_11,subnational_admin,Brasil,BR,Rondônia,,201800,14741.32,14741.32,-66.810202778,-13.6918782337,-59.771975631,-7.969357222
2026-08-29,BR_11,subnational_admin,Brasil,BR,Rondônia,,201900,2568.4,17309.73,-66.810202778,-13.6918782337,-59.771975631,-7.969357222
2026-08-29,BR_11,subnational_admin,Brasil,BR,Rondônia,,202000,2237.58,19547.31,-66.810202778,-13.6918782337,-59.771975631,-7.969357222
2026-08-29,BR_11,subnational_admin,Brasil,BR,Rondônia,,202100,1891.64,21438.95,-66.810202778,-13.6918782337,-59.771975631,-7.969357222
2026-08-29,BR_11,subnational_admin,Brasil,BR,Rondônia,,202200,1477.75,22916.69,-66.810202778,-13.6918782337,-59.771975631,-7.969357222
2026-08-29,BR_11,subnational_admin,Brasil,BR,Rondônia,,202300,1047.0,23963.69,-66.810202778,-13.6918782337,-59.771975631,-7.969357222
2026-08-29,BR_11,subnational_admin,Brasil,BR,Rondônia,,202400,985.57,24949.26,-66.810202778,-13.6918782337,-59.771975631,-7.969357222
2026-08-29,BR_11,subnational_admin,Brasil,BR,Rondônia,,202501,16.5,24965.76,-66.810202778,-13.6918782337,-59.771975631,-7.969357222
2026-08-29,BR_11,subnational_admin,Brasil,BR,Rondônia,,202502,197.1,25162.85,-66.810202778,-13.6918782337,-59.771975631,-7.969357222
2026-08-29,BR_11,subnational_admin,Brasil,BR,Rondônia,,202503,579.08,25741.93,-66.810202778,-13.6918782337,-59.771975631,-7.969357222
2026-08-29,BR_11,subnational_admin,Brasil,BR,Rondônia,,202504,7.63,25749.56,-66.810202778,-13.6918782337,-59.771975631,-7.969357222
2026-08-29,BR_11,subnational_admin,Brasil,BR,Rondônia,,202601,15.4,25764.96,-66.810202778,-13.6918782337,-59.771975631,-7.969357222
2026-08-29,BR_11,subnational_admin,Brasil,BR,Rondônia,,202602,284.07,26049.02,-66.810202778,-13.6918782337,-59.771975631,-7.969357222
2026-08-29,BR_14,subnational_admin,Brasil,BR,Roraima,,201800,773.89,773.89,-64.82138611,-1.591776286,-58.887982516,5.269580833
2026-08-29,BR_14,subnational_admin,Brasil,BR,Roraima,,201900,972.59,1746.48,-64.82138611,-1.591776286,-58.887982516,5.269580833
2026-08-29,BR_14,subnational_admin,Brasil,BR,Roraima,,202000,486.5,2232.98,-64.82138611,-1.591776286,-58.887982516,5.269580833
2026-08-29,BR_14,subnational_admin,Brasil,BR,Roraima,,202100,1619.22,3852.2,-64.82138611,-1.591776286,-58.887982516,5.269580833
2026-08-29,BR_14,subnational_admin,Brasil,BR,Roraima,,202200,2802.82,6655.02,-64.82138611,-1.591776286,-58.887982516,5.269580833
2026-08-29,BR_14,subnational_admin,Brasil,BR,Roraima,,202300,1014.24,7669.25,-64.82138611,-1.591776286,-58.887982516,5.269580833
2026-08-29,BR_14,subnational_admin,Brasil,BR,Roraima,,202400,222.31,7891.56,-64.82138611,-1.591776286,-58.887982516,5.269580833
2026-08-29,BR_14,subnational_admin,Brasil,BR,Roraima,,202501,80.43,7971.99,-64.82138611,-1.591776286,-58.887982516,5.269580833
2026-08-29,BR_14,subnational_admin,Brasil,BR,Roraima,,202502,0.68,7972.67,-64.82138611,-1.591776286,-58.887982516,5.269580833
2026-08-29,BR_14,subnational_admin,Brasil,BR,Roraima,,202503,46.33,8019.0,-64.82138611,-1.591776286,-58.887982516,5.269580833
2026-08-29,BR_14,subnational_admin,Brasil,BR,Roraima,,202504,0.0,8019.0,-64.82138611,-1.591776286,-58.887982516,5.269580833
2026-08-29,BR_14,subnational_admin,Brasil,BR,Roraima,,202601,0.05,8019.05,-64.82138611,-1.591776286,-58.887982516,5.269580833
2026-08-29,BR_14,subnational_admin,Brasil,BR,Roraima,,202602,252.39,8271.45,-64.82138611,-1.591776286,-58.887982516,5.269580833
2026-08-29,BR_17,subnational_admin,Brasil,BR,Tocantins,,201800,53.24,53.24,-50.741086865,-13.4673538756,-45.6961117288,-5.169776926
2026-08-29,BR_17,subnational_admin,Brasil,BR,Tocantins,,201900,69.43,122.67,-50.741086865,-13.4673538756,-45.6961117288,-5.169776926
2026-08-29,BR_17,subnational_admin,Brasil,BR,Tocantins,,202000,44.03,166.7,-50.741086865,-13.4673538756,-45.6961117288,-5.169776926
2026-08-29,BR_17,subnational_admin,Brasil,BR,Tocantins,,202100,0.38,167.08,-50.741086865,-13.4673538756,-45.6961117288,-5.169776926
2026-08-29,BR_17,subnational_admin,Brasil,BR,Tocantins,,202200,68.61,235.68,-50.741086865,-13.4673538756,-45.6961117288,-5.169776926
2026-08-29,BR_17,subnational_admin,Brasil,BR,Tocantins,,202300,0.85,236.54,-50.741086865,-13.4673538756,-45.6961117288,-5.169776926
2026-08-29,BR_17,subnational_admin,Brasil,BR,Tocantins,,202400,0.0,236.54,-50.741086865,-13.4673538756,-45.6961117288,-5.169776926
2026-08-29,BR_17,subnational_admin,Brasil,BR,Tocantins,,202501,0.0,236.54,-50.741086865,-13.4673538756,-45.6961117288,-5.169776926
2026-08-29,BR_17,subnational_admin,Brasil,BR,Tocantins,,202502,21.81,258.35,-50.741086865,-13.4673538756,-45.6961117288,-5.169776926
2026-08-29,BR_17,subnational_admin,Brasil,BR,Tocantins,,202503,0.0,258.35,-50.741086865,-13.4673538756,-45.6961117288,-5.169776926
2026-08-29,BR_17,subnational_admin,Brasil,BR,Tocantins,,202504,0.0,258.35,-50.741086865,-13.4673538756,-45.6961117288,-5.169776926
2026-08-29,BR_17,subnational_admin,Brasil,BR,Tocantins,,202601,0.0,258.35,-50.741086865,-13.4673538756,-45.6961117288,-5.169776926
2026-08-29,BR_17,subnational_admin,Brasil,BR,Tocantins,,202602,37.29,295.64,-50.741086865,-13.4673538756,-45.6961117288,-5.169776926
2026-08-29,CO_91,subnational_admin,Colombia,CO,Amazonas,,201800,0.0,0.0,-74.3876294688,-4.2259384392,-69.3969172664,0.0972568557
2026-08-29,CO_91,subnational_admin,Colombia,CO,Amazonas,,201900,0.0,0.0,-74.3876294688,-4.2259384392,-69.3969172664,0.0972568557
2026-08-29,CO_91,subnational_admin,Colombia,CO,Amazonas,,202000,0.0,0.0,-74.3876294688,-4.2259384392,-69.3969172664,0.0972568557
2026-08-29,CO_91,subnational_admin,Colombia,CO,Amazonas,,202100,0.0,0.0,-74.3876294688,-4.2259384392,-69.3969172664,0.0972568557
2026-08-29,CO_91,subnational_admin,Colombia,CO,Amazonas,,202200,0.0,0.0,-74.3876294688,-4.2259384392,-69.3969172664,0.0972568557
2026-08-29,CO_91,subnational_admin,Colombia,CO,Amazonas,,202300,0.0,0.0,-74.3876294688,-4.2259384392,-69.3969172664,0.0972568557
2026-08-29,CO_91,subnational_admin,Colombia,CO,Amazonas,,202400,0.0,0.0,-74.3876294688,-4.2259384392,-69.3969172664,0.0972568557
2026-08-29,CO_91,subnational_admin,Colombia,CO,Amazonas,,202501,0.0,0.0,-74.3876294688,-4.2259384392,-69.3969172664,0.0972568557
2026-08-29,CO_91,subnational_admin,Colombia,CO,Amazonas,,202502,0.0,0.0,-74.3876294688,-4.2259384392,-69.3969172664,0.0972568557
2026-08-29,CO_91,subnational_admin,Colombia,CO,Amazonas,,202503,66.43,66.43,-74.3876294688,-4.2259384392,-69.3969172664,0.0972568557
2026-08-29,CO_91,subnational_admin,Colombia,CO,Amazonas,,202504,0.0,66.43,-74.3876294688,-4.2259384392,-69.3969172664,0.0972568557
2026-08-29,CO_91,subnational_admin,Colombia,CO,Amazonas,,202601,19.14,85.57,-74.3876294688,-4.2259384392,-69.3969172664,0.0972568557
2026-08-29,CO_91,subnational_admin,Colombia,CO,Amazonas,,202602,104.41,189.98,-74.3876294688,-4.2259384392,-69.3969172664,0.0972568557
2026-08-29,CO_94,subnational_admin,Colombia,CO,Guainía,,201800,39.0,39.0,-70.9424923797,1.1661574356,-66.8568895842,4.0419493288
2026-08-29,CO_94,subnational_admin,Colombia,CO,Guainía,,201900,4.01,43.0,-70.9424923797,1.1661574356,-66.8568895842,4.0419493288
2026-08-29,CO_94,subnational_admin,Colombia,CO,Guainía,,202000,0.93,43.93,-70.9424923797,1.1661574356,-66.8568895842,4.0419493288
2026-08-29,CO_94,subnational_admin,Colombia,CO,Guainía,,202100,3.29,47.22,-70.9424923797,1.1661574356,-66.8568895842,4.0419493288
2026-08-29,CO_94,subnational_admin,Colombia,CO,Guainía,,202200,8.73,55.95,-70.9424923797,1.1661574356,-66.8568895842,4.0419493288
2026-08-29,CO_94,subnational_admin,Colombia,CO,Guainía,,202300,14.55,70.5,-70.9424923797,1.1661574356,-66.8568895842,4.0419493288
2026-08-29,CO_94,subnational_admin,Colombia,CO,Guainía,,202400,4.79,75.29,-70.9424923797,1.1661574356,-66.8568895842,4.0419493288
2026-08-29,CO_94,subnational_admin,Colombia,CO,Guainía,,202501,23.04,98.33,-70.9424923797,1.1661574356,-66.8568895842,4.0419493288
2026-08-29,CO_94,subnational_admin,Colombia,CO,Guainía,,202502,0.0,98.33,-70.9424923797,1.1661574356,-66.8568895842,4.0419493288
2026-08-29,CO_94,subnational_admin,Colombia,CO,Guainía,,202503,0.0,98.33,-70.9424923797,1.1661574356,-66.8568895842,4.0419493288
2026-08-29,CO_94,subnational_admin,Colombia,CO,Guainía,,202504,0.0,98.33,-70.9424923797,1.1661574356,-66.8568895842,4.0419493288
2026-08-29,CO_94,subnational_admin,Colombia,CO,Guainía,,202601,8.93,107.26,-70.9424923797,1.1661574356,-66.8568895842,4.0419493288
2026-08-29,CO_94,subnational_admin,Colombia,CO,Guainía,,202602,1.19,108.45,-70.9424923797,1.1661574356,-66.8568895842,4.0419493288
2026-08-29,CO_50,subnational_admin,Colombia,CO,Meta,,201800,0.0,0.0,-74.935513002,1.6177319441,-71.0775256963,4.8991013338
2026-08-29,CO_50,subnational_admin,Colombia,CO,Meta,,201900,0.0,0.0,-74.935513002,1.6177319441,-71.0775256963,4.8991013338
2026-08-29,CO_50,subnational_admin,Colombia,CO,Meta,,202000,0.0,0.0,-74.935513002,1.6177319441,-71.0775256963,4.8991013338
2026-08-29,CO_50,subnational_admin,Colombia,CO,Meta,,202100,0.0,0.0,-74.935513002,1.6177319441,-71.0775256963,4.8991013338
2026-08-29,CO_50,subnational_admin,Colombia,CO,Meta,,202200,0.0,0.0,-74.935513002,1.6177319441,-71.0775256963,4.8991013338
2026-08-29,CO_50,subnational_admin,Colombia,CO,Meta,,202300,0.0,0.0,-74.935513002,1.6177319441,-71.0775256963,4.8991013338
2026-08-29,CO_50,subnational_admin,Colombia,CO,Meta,,202400,0.0,0.0,-74.935513002,1.6177319441,-71.0775256963,4.8991013338
2026-08-29,CO_50,subnational_admin,Colombia,CO,Meta,,202501,0.0,0.0,-74.935513002,1.6177319441,-71.0775256963,4.8991013338
2026-08-29,CO_50,subnational_admin,Colombia,CO,Meta,,202502,0.0,0.0,-74.935513002,1.6177319441,-71.0775256963,4.8991013338
2026-08-29,CO_50,subnational_admin,Colombia,CO,Meta,,202503,137.02,137.02,-74.935513002,1.6177319441,-71.0775256963,4.8991013338
2026-08-29,CO_50,subnational_admin,Colombia,CO,Meta,,202504,0.0,137.02,-74.935513002,1.6177319441,-71.0775256963,4.8991013338
2026-08-29,CO_50,subnational_admin,Colombia,CO,Meta,,202601,0.0,137.02,-74.935513002,1.6177319441,-71.0775256963,4.8991013338
2026-08-29,CO_50,subnational_admin,Colombia,CO,Meta,,202602,0.0,137.02,-74.935513002,1.6177319441,-71.0775256963,4.8991013338
2026-08-29,CO_86,subnational_admin,Colombia,CO,Putumayo,,201800,0.0,0.0,-77.1868057317,-0.5527005539,-73.8413179334,1.4673038144
2026-08-29,CO_86,subnational_admin,Colombia,CO,Putumayo,,201900,0.0,0.0,-77.1868057317,-0.5527005539,-73.8413179334,1.4673038144
2026-08-29,CO_86,subnational_admin,Colombia,CO,Putumayo,,202000,0.0,0.0,-77.1868057317,-0.5527005539,-73.8413179334,1.4673038144
2026-08-29,CO_86,subnational_admin,Colombia,CO,Putumayo,,202100,0.0,0.0,-77.1868057317,-0.5527005539,-73.8413179334,1.4673038144
2026-08-29,CO_86,subnational_admin,Colombia,CO,Putumayo,,202200,94.75,94.75,-77.1868057317,-0.5527005539,-73.8413179334,1.4673038144
2026-08-29,CO_86,subnational_admin,Colombia,CO,Putumayo,,202300,111.81,206.56,-77.1868057317,-0.5527005539,-73.8413179334,1.4673038144
2026-08-29,CO_86,subnational_admin,Colombia,CO,Putumayo,,202400,21.8,228.36,-77.1868057317,-0.5527005539,-73.8413179334,1.4673038144
2026-08-29,CO_86,subnational_admin,Colombia,CO,Putumayo,,202501,0.0,228.36,-77.1868057317,-0.5527005539,-73.8413179334,1.4673038144
2026-08-29,CO_86,subnational_admin,Colombia,CO,Putumayo,,202502,0.0,228.36,-77.1868057317,-0.5527005539,-73.8413179334,1.4673038144
2026-08-29,CO_86,subnational_admin,Colombia,CO,Putumayo,,202503,0.0,228.36,-77.1868057317,-0.5527005539,-73.8413179334,1.4673038144
2026-08-29,CO_86,subnational_admin,Colombia,CO,Putumayo,,202504,0.0,228.36,-77.1868057317,-0.5527005539,-73.8413179334,1.4673038144
2026-08-29,CO_86,subnational_admin,Colombia,CO,Putumayo,,202601,0.0,228.36,-77.1868057317,-0.5527005539,-73.8413179334,1.4673038144
2026-08-29,CO_86,subnational_admin,Colombia,CO,Putumayo,,202602,0.0,228.36,-77.1868057317,-0.5527005539,-73.8413179334,1.4673038144
2026-08-29,EC_14,subnational_admin,Ecuador,EC,MORONA SANTIAGO,,201800,155.11,155.11,-78.953893852,-3.5877498629,-76.6920897757,-1.4485003072
2026-08-29,EC_14,subnational_admin,Ecuador,EC,MORONA SANTIAGO,,201900,69.64,224.75,-78.953893852,-3.5877498629,-76.6920897757,-1.4485003072
2026-08-29,EC_14,subnational_admin,Ecuador,EC,MORONA SANTIAGO,,202000,142.21,366.96,-78.953893852,-3.5877498629,-76.6920897757,-1.4485003072
2026-08-29,EC_14,subnational_admin,Ecuador,EC,MORONA SANTIAGO,,202100,211.24,578.2,-78.953893852,-3.5877498629,-76.6920897757,-1.4485003072
2026-08-29,EC_14,subnational_admin,Ecuador,EC,MORONA SANTIAGO,,202200,70.38,648.58,-78.953893852,-3.5877498629,-76.6920897757,-1.4485003072
2026-08-29,EC_14,subnational_admin,Ecuador,EC,MORONA SANTIAGO,,202300,49.49,698.07,-78.953893852,-3.5877498629,-76.6920897757,-1.4485003072
2026-08-29,EC_14,subnational_admin,Ecuador,EC,MORONA SANTIAGO,,202400,122.4,820.47,-78.953893852,-3.5877498629,-76.6920897757,-1.4485003072
2026-08-29,EC_14,subnational_admin,Ecuador,EC,MORONA SANTIAGO,,202501,16.21,836.67,-78.953893852,-3.5877498629,-76.6920897757,-1.4485003072
2026-08-29,EC_14,subnational_admin,Ecuador,EC,MORONA SANTIAGO,,202502,0.0,836.67,-78.953893852,-3.5877498629,-76.6920897757,-1.4485003072
2026-08-29,EC_14,subnational_admin,Ecuador,EC,MORONA SANTIAGO,,202503,177.63,1014.3,-78.953893852,-3.5877498629,-76.6920897757,-1.4485003072
2026-08-29,EC_14,subnational_admin,Ecuador,EC,MORONA SANTIAGO,,202504,39.82,1054.12,-78.953893852,-3.5877498629,-76.6920897757,-1.4485003072
2026-08-29,EC_14,subnational_admin,Ecuador,EC,MORONA SANTIAGO,,202601,0.0,1054.12,-78.953893852,-3.5877498629,-76.6920897757,-1.4485003072
2026-08-29,EC_14,subnational_admin,Ecuador,EC,MORONA SANTIAGO,,202602,6.93,1061.05,-78.953893852,-3.5877498629,-76.6920897757,-1.4485003072
2026-08-29,EC_15,subnational_admin,Ecuador,EC,NAPO,,201800,246.23,246.23,-78.4299230944,-1.2488162497,-77.0228276246,0.0340076524
2026-08-29,EC_15,subnational_admin,Ecuador,EC,NAPO,,201900,81.07,327.31,-78.4299230944,-1.2488162497,-77.0228276246,0.0340076524
2026-08-29,EC_15,subnational_admin,Ecuador,EC,NAPO,,202000,33.88,361.19,-78.4299230944,-1.2488162497,-77.0228276246,0.0340076524
2026-08-29,EC_15,subnational_admin,Ecuador,EC,NAPO,,202100,67.67,428.85,-78.4299230944,-1.2488162497,-77.0228276246,0.0340076524
2026-08-29,EC_15,subnational_admin,Ecuador,EC,NAPO,,202200,117.95,546.8,-78.4299230944,-1.2488162497,-77.0228276246,0.0340076524
2026-08-29,EC_15,subnational_admin,Ecuador,EC,NAPO,,202300,352.19,898.99,-78.4299230944,-1.2488162497,-77.0228276246,0.0340076524
2026-08-29,EC_15,subnational_admin,Ecuador,EC,NAPO,,202400,855.28,1754.27,-78.4299230944,-1.2488162497,-77.0228276246,0.0340076524
2026-08-29,EC_15,subnational_admin,Ecuador,EC,NAPO,,202501,347.17,2101.44,-78.4299230944,-1.2488162497,-77.0228276246,0.0340076524
2026-08-29,EC_15,subnational_admin,Ecuador,EC,NAPO,,202502,0.0,2101.44,-78.4299230944,-1.2488162497,-77.0228276246,0.0340076524
2026-08-29,EC_15,subnational_admin,Ecuador,EC,NAPO,,202503,146.32,2247.77,-78.4299230944,-1.2488162497,-77.0228276246,0.0340076524
2026-08-29,EC_15,subnational_admin,Ecuador,EC,NAPO,,202504,3.22,2250.99,-78.4299230944,-1.2488162497,-77.0228276246,0.0340076524
2026-08-29,EC_15,subnational_admin,Ecuador,EC,NAPO,,202601,0.0,2250.99,-78.4299230944,-1.2488162497,-77.0228276246,0.0340076524
2026-08-29,EC_15,subnational_admin,Ecuador,EC,NAPO,,202602,78.1,2329.09,-78.4299230944,-1.2488162497,-77.0228276246,0.0340076524
2026-08-29,EC_22,subnational_admin,Ecuador,EC,ORELLANA,,201800,0.0,0.0,-77.6286906835,-1.5634066376,-75.187146747,-0.0452995028
2026-08-29,EC_22,subnational_admin,Ecuador,EC,ORELLANA,,201900,0.0,0.0,-77.6286906835,-1.5634066376,-75.187146747,-0.0452995028
2026-08-29,EC_22,subnational_admin,Ecuador,EC,ORELLANA,,202000,0.0,0.0,-77.6286906835,-1.5634066376,-75.187146747,-0.0452995028
2026-08-29,EC_22,subnational_admin,Ecuador,EC,ORELLANA,,202100,0.0,0.0,-77.6286906835,-1.5634066376,-75.187146747,-0.0452995028
2026-08-29,EC_22,subnational_admin,Ecuador,EC,ORELLANA,,202200,11.55,11.55,-77.6286906835,-1.5634066376,-75.187146747,-0.0452995028
2026-08-29,EC_22,subnational_admin,Ecuador,EC,ORELLANA,,202300,979.9,991.44,-77.6286906835,-1.5634066376,-75.187146747,-0.0452995028
2026-08-29,EC_22,subnational_admin,Ecuador,EC,ORELLANA,,202400,790.58,1782.02,-77.6286906835,-1.5634066376,-75.187146747,-0.0452995028
2026-08-29,EC_22,subnational_admin,Ecuador,EC,ORELLANA,,202501,401.36,2183.38,-77.6286906835,-1.5634066376,-75.187146747,-0.0452995028
2026-08-29,EC_22,subnational_admin,Ecuador,EC,ORELLANA,,202502,5.38,2188.77,-77.6286906835,-1.5634066376,-75.187146747,-0.0452995028
2026-08-29,EC_22,subnational_admin,Ecuador,EC,ORELLANA,,202503,23.27,2212.04,-77.6286906835,-1.5634066376,-75.187146747,-0.0452995028
2026-08-29,EC_22,subnational_admin,Ecuador,EC,ORELLANA,,202504,0.0,2212.04,-77.6286906835,-1.5634066376,-75.187146747,-0.0452995028
2026-08-29,EC_22,subnational_admin,Ecuador,EC,ORELLANA,,202601,0.0,2212.04,-77.6286906835,-1.5634066376,-75.187146747,-0.0452995028
2026-08-29,EC_22,subnational_admin,Ecuador,EC,ORELLANA,,202602,0.0,2212.04,-77.6286906835,-1.5634066376,-75.187146747,-0.0452995028
2026-08-29,EC_21,subnational_admin,Ecuador,EC,SUCUMBÍOS,,201800,76.63,76.63,-77.9787530935,-0.6560113384,-75.2234000965,0.6624800474
2026-08-29,EC_21,subnational_admin,Ecuador,EC,SUCUMBÍOS,,201900,14.85,91.48,-77.9787530935,-0.6560113384,-75.2234000965,0.6624800474
2026-08-29,EC_21,subnational_admin,Ecuador,EC,SUCUMBÍOS,,202000,94.61,186.09,-77.9787530935,-0.6560113384,-75.2234000965,0.6624800474
2026-08-29,EC_21,subnational_admin,Ecuador,EC,SUCUMBÍOS,,202100,152.86,338.95,-77.9787530935,-0.6560113384,-75.2234000965,0.6624800474
2026-08-29,EC_21,subnational_admin,Ecuador,EC,SUCUMBÍOS,,202200,251.07,590.02,-77.9787530935,-0.6560113384,-75.2234000965,0.6624800474
2026-08-29,EC_21,subnational_admin,Ecuador,EC,SUCUMBÍOS,,202300,253.25,843.27,-77.9787530935,-0.6560113384,-75.2234000965,0.6624800474
2026-08-29,EC_21,subnational_admin,Ecuador,EC,SUCUMBÍOS,,202400,263.32,1106.58,-77.9787530935,-0.6560113384,-75.2234000965,0.6624800474
2026-08-29,EC_21,subnational_admin,Ecuador,EC,SUCUMBÍOS,,202501,25.12,1131.7,-77.9787530935,-0.6560113384,-75.2234000965,0.6624800474
2026-08-29,EC_21,subnational_admin,Ecuador,EC,SUCUMBÍOS,,202502,0.0,1131.7,-77.9787530935,-0.6560113384,-75.2234000965,0.6624800474
2026-08-29,EC_21,subnational_admin,Ecuador,EC,SUCUMBÍOS,,202503,0.0,1131.7,-77.9787530935,-0.6560113384,-75.2234000965,0.6624800474
2026-08-29,EC_21,subnational_admin,Ecuador,EC,SUCUMBÍOS,,202504,25.85,1157.55,-77.9787530935,-0.6560113384,-75.2234000965,0.6624800474
2026-08-29,EC_21,subnational_admin,Ecuador,EC,SUCUMBÍOS,,202601,0.0,1157.55,-77.9787530935,-0.6560113384,-75.2234000965,0.6624800474
2026-08-29,EC_21,subnational_admin,Ecuador,EC,SUCUMBÍOS,,202602,0.0,1157.55,-77.9787530935,-0.6560113384,-75.2234000965,0.6624800474
2026-08-29,EC_19,subnational_admin,Ecuador,EC,ZAMORA CHINCHIPE,,201800,281.17,281.17,-79.4276694767,-5.0156170581,-78.3651995639,-3.3434056608
2026-08-29,EC_19,subnational_admin,Ecuador,EC,ZAMORA CHINCHIPE,,201900,236.83,518.01,-79.4276694767,-5.0156170581,-78.3651995639,-3.3434056608
2026-08-29,EC_19,subnational_admin,Ecuador,EC,ZAMORA CHINCHIPE,,202000,374.75,892.76,-79.4276694767,-5.0156170581,-78.3651995639,-3.3434056608
2026-08-29,EC_19,subnational_admin,Ecuador,EC,ZAMORA CHINCHIPE,,202100,880.1,1772.86,-79.4276694767,-5.0156170581,-78.3651995639,-3.3434056608
2026-08-29,EC_19,subnational_admin,Ecuador,EC,ZAMORA CHINCHIPE,,202200,457.21,2230.07,-79.4276694767,-5.0156170581,-78.3651995639,-3.3434056608
2026-08-29,EC_19,subnational_admin,Ecuador,EC,ZAMORA CHINCHIPE,,202300,613.23,2843.3,-79.4276694767,-5.0156170581,-78.3651995639,-3.3434056608
2026-08-29,EC_19,subnational_admin,Ecuador,EC,ZAMORA CHINCHIPE,,202400,1270.84,4114.14,-79.4276694767,-5.0156170581,-78.3651995639,-3.3434056608
2026-08-29,EC_19,subnational_admin,Ecuador,EC,ZAMORA CHINCHIPE,,202501,108.32,4222.47,-79.4276694767,-5.0156170581,-78.3651995639,-3.3434056608
2026-08-29,EC_19,subnational_admin,Ecuador,EC,ZAMORA CHINCHIPE,,202502,24.13,4246.6,-79.4276694767,-5.0156170581,-78.3651995639,-3.3434056608
2026-08-29,EC_19,subnational_admin,Ecuador,EC,ZAMORA CHINCHIPE,,202503,745.96,4992.56,-79.4276694767,-5.0156170581,-78.3651995639,-3.3434056608
2026-08-29,EC_19,subnational_admin,Ecuador,EC,ZAMORA CHINCHIPE,,202504,422.56,5415.13,-79.4276694767,-5.0156170581,-78.3651995639,-3.3434056608
2026-08-29,EC_19,subnational_admin,Ecuador,EC,ZAMORA CHINCHIPE,,202601,0.0,5415.13,-79.4276694767,-5.0156170581,-78.3651995639,-3.3434056608
2026-08-29,EC_19,subnational_admin,Ecuador,EC,ZAMORA CHINCHIPE,,202602,564.85,5979.98,-79.4276694767,-5.0156170581,-78.3651995639,-3.3434056608
2026-08-29,GY_GY01,subnational_admin,Guyana,GY,Barima-Waini,,201800,16995.97,16995.97,-60.725906,6.980433,-58.785369,8.557562
2026-08-29,GY_GY01,subnational_admin,Guyana,GY,Barima-Waini,,201900,2157.68,19153.65,-60.725906,6.980433,-58.785369,8.557562
2026-08-29,GY_GY01,subnational_admin,Guyana,GY,Barima-Waini,,202000,2484.83,21638.48,-60.725906,6.980433,-58.785369,8.557562
2026-08-29,GY_GY01,subnational_admin,Guyana,GY,Barima-Waini,,202100,2612.39,24250.87,-60.725906,6.980433,-58.785369,8.557562
2026-08-29,GY_GY01,subnational_admin,Guyana,GY,Barima-Waini,,202200,1787.44,26038.32,-60.725906,6.980433,-58.785369,8.557562
2026-08-29,GY_GY01,subnational_admin,Guyana,GY,Barima-Waini,,202300,1932.43,27970.75,-60.725906,6.980433,-58.785369,8.557562
2026-08-29,GY_GY01,subnational_admin,Guyana,GY,Barima-Waini,,202400,1772.24,29742.98,-60.725906,6.980433,-58.785369,8.557562
2026-08-29,GY_GY01,subnational_admin,Guyana,GY,Barima-Waini,,202501,608.15,30351.14,-60.725906,6.980433,-58.785369,8.557562
2026-08-29,GY_GY01,subnational_admin,Guyana,GY,Barima-Waini,,202502,155.9,30507.04,-60.725906,6.980433,-58.785369,8.557562
2026-08-29,GY_GY01,subnational_admin,Guyana,GY,Barima-Waini,,202503,491.01,30998.04,-60.725906,6.980433,-58.785369,8.557562
2026-08-29,GY_GY01,subnational_admin,Guyana,GY,Barima-Waini,,202504,162.7,31160.74,-60.725906,6.980433,-58.785369,8.557562
2026-08-29,GY_GY01,subnational_admin,Guyana,GY,Barima-Waini,,202601,586.54,31747.28,-60.725906,6.980433,-58.785369,8.557562
2026-08-29,GY_GY01,subnational_admin,Guyana,GY,Barima-Waini,,202602,1048.87,32796.15,-60.725906,6.980433,-58.785369,8.557562
2026-08-29,GY_GY07,subnational_admin,Guyana,GY,Cuyuni-Mazaruni,,201800,56018.54,56018.54,-61.393867,5.145704,-58.575931,7.232441
2026-08-29,GY_GY07,subnational_admin,Guyana,GY,Cuyuni-Mazaruni,,201900,7530.16,63548.69,-61.393867,5.145704,-58.575931,7.232441
2026-08-29,GY_GY07,subnational_admin,Guyana,GY,Cuyuni-Mazaruni,,202000,7770.72,71319.41,-61.393867,5.145704,-58.575931,7.232441
2026-08-29,GY_GY07,subnational_admin,Guyana,GY,Cuyuni-Mazaruni,,202100,8792.57,80111.98,-61.393867,5.145704,-58.575931,7.232441
2026-08-29,GY_GY07,subnational_admin,Guyana,GY,Cuyuni-Mazaruni,,202200,7176.24,87288.23,-61.393867,5.145704,-58.575931,7.232441
2026-08-29,GY_GY07,subnational_admin,Guyana,GY,Cuyuni-Mazaruni,,202300,7999.27,95287.49,-61.393867,5.145704,-58.575931,7.232441
2026-08-29,GY_GY07,subnational_admin,Guyana,GY,Cuyuni-Mazaruni,,202400,6227.62,101515.11,-61.393867,5.145704,-58.575931,7.232441
2026-08-29,GY_GY07,subnational_admin,Guyana,GY,Cuyuni-Mazaruni,,202501,2409.37,103924.48,-61.393867,5.145704,-58.575931,7.232441
2026-08-29,GY_GY07,subnational_admin,Guyana,GY,Cuyuni-Mazaruni,,202502,584.23,104508.71,-61.393867,5.145704,-58.575931,7.232441
2026-08-29,GY_GY07,subnational_admin,Guyana,GY,Cuyuni-Mazaruni,,202503,3254.35,107763.06,-61.393867,5.145704,-58.575931,7.232441
2026-08-29,GY_GY07,subnational_admin,Guyana,GY,Cuyuni-Mazaruni,,202504,1081.47,108844.53,-61.393867,5.145704,-58.575931,7.232441
2026-08-29,GY_GY07,subnational_admin,Guyana,GY,Cuyuni-Mazaruni,,202601,671.25,109515.78,-61.393867,5.145704,-58.575931,7.232441
2026-08-29,GY_GY07,subnational_admin,Guyana,GY,Cuyuni-Mazaruni,,202602,3571.73,113087.51,-61.393867,5.145704,-58.575931,7.232441
2026-08-29,GY_GY04,subnational_admin,Guyana,GY,Demerara-Mahaica,,201800,0.0,0.0,-58.307918,6.096466,-57.88285,6.835969
2026-08-29,GY_GY04,subnational_admin,Guyana,GY,Demerara-Mahaica,,201900,0.0,0.0,-58.307918,6.096466,-57.88285,6.835969
2026-08-29,GY_GY04,subnational_admin,Guyana,GY,Demerara-Mahaica,,202000,0.0,0.0,-58.307918,6.096466,-57.88285,6.835969
2026-08-29,GY_GY04,subnational_admin,Guyana,GY,Demerara-Mahaica,,202100,90.01,90.01,-58.307918,6.096466,-57.88285,6.835969
2026-08-29,GY_GY04,subnational_admin,Guyana,GY,Demerara-Mahaica,,202200,0.0,90.01,-58.307918,6.096466,-57.88285,6.835969
2026-08-29,GY_GY04,subnational_admin,Guyana,GY,Demerara-Mahaica,,202300,0.0,90.01,-58.307918,6.096466,-57.88285,6.835969
2026-08-29,GY_GY04,subnational_admin,Guyana,GY,Demerara-Mahaica,,202400,0.0,90.01,-58.307918,6.096466,-57.88285,6.835969
2026-08-29,GY_GY04,subnational_admin,Guyana,GY,Demerara-Mahaica,,202501,0.0,90.01,-58.307918,6.096466,-57.88285,6.835969
2026-08-29,GY_GY04,subnational_admin,Guyana,GY,Demerara-Mahaica,,202502,148.13,238.14,-58.307918,6.096466,-57.88285,6.835969
2026-08-29,GY_GY04,subnational_admin,Guyana,GY,Demerara-Mahaica,,202503,89.46,327.6,-58.307918,6.096466,-57.88285,6.835969
2026-08-29,GY_GY04,subnational_admin,Guyana,GY,Demerara-Mahaica,,202504,0.0,327.6,-58.307918,6.096466,-57.88285,6.835969
2026-08-29,GY_GY04,subnational_admin,Guyana,GY,Demerara-Mahaica,,202601,0.0,327.6,-58.307918,6.096466,-57.88285,6.835969
2026-08-29,GY_GY04,subnational_admin,Guyana,GY,Demerara-Mahaica,,202602,539.36,866.96,-58.307918,6.096466,-57.88285,6.835969
2026-08-29,GY_GY06,subnational_admin,Guyana,GY,East Berbice-Corentyne,,201800,0.0,0.0,-58.50885,1.456447,-56.480766,6.32515
2026-08-29,GY_GY06,subnational_admin,Guyana,GY,East Berbice-Corentyne,,201900,0.0,0.0,-58.50885,1.456447,-56.480766,6.32515
2026-08-29,GY_GY06,subnational_admin,Guyana,GY,East Berbice-Corentyne,,202000,0.0,0.0,-58.50885,1.456447,-56.480766,6.32515
2026-08-29,GY_GY06,subnational_admin,Guyana,GY,East Berbice-Corentyne,,202100,0.0,0.0,-58.50885,1.456447,-56.480766,6.32515
2026-08-29,GY_GY06,subnational_admin,Guyana,GY,East Berbice-Corentyne,,202200,0.0,0.0,-58.50885,1.456447,-56.480766,6.32515
2026-08-29,GY_GY06,subnational_admin,Guyana,GY,East Berbice-Corentyne,,202300,0.0,0.0,-58.50885,1.456447,-56.480766,6.32515
2026-08-29,GY_GY06,subnational_admin,Guyana,GY,East Berbice-Corentyne,,202400,9.03,9.03,-58.50885,1.456447,-56.480766,6.32515
2026-08-29,GY_GY06,subnational_admin,Guyana,GY,East Berbice-Corentyne,,202501,0.0,9.03,-58.50885,1.456447,-56.480766,6.32515
2026-08-29,GY_GY06,subnational_admin,Guyana,GY,East Berbice-Corentyne,,202502,0.0,9.03,-58.50885,1.456447,-56.480766,6.32515
2026-08-29,GY_GY06,subnational_admin,Guyana,GY,East Berbice-Corentyne,,202503,0.0,9.03,-58.50885,1.456447,-56.480766,6.32515
2026-08-29,GY_GY06,subnational_admin,Guyana,GY,East Berbice-Corentyne,,202504,18.8,27.82,-58.50885,1.456447,-56.480766,6.32515
2026-08-29,GY_GY06,subnational_admin,Guyana,GY,East Berbice-Corentyne,,202601,0.0,27.82,-58.50885,1.456447,-56.480766,6.32515
2026-08-29,GY_GY06,subnational_admin,Guyana,GY,East Berbice-Corentyne,,202602,17.71,45.53,-58.50885,1.456447,-56.480766,6.32515
2026-08-29,GY_GY03,subnational_admin,Guyana,GY,Essequibo Islands-West Demerara,,201800,850.26,850.26,-58.833,6.114797,-58.178527,7.11334
2026-08-29,GY_GY03,subnational_admin,Guyana,GY,Essequibo Islands-West Demerara,,201900,188.77,1039.03,-58.833,6.114797,-58.178527,7.11334
2026-08-29,GY_GY03,subnational_admin,Guyana,GY,Essequibo Islands-West Demerara,,202000,100.18,1139.21,-58.833,6.114797,-58.178527,7.11334
2026-08-29,GY_GY03,subnational_admin,Guyana,GY,Essequibo Islands-West Demerara,,202100,70.97,1210.18,-58.833,6.114797,-58.178527,7.11334
2026-08-29,GY_GY03,subnational_admin,Guyana,GY,Essequibo Islands-West Demerara,,202200,137.85,1348.03,-58.833,6.114797,-58.178527,7.11334
2026-08-29,GY_GY03,subnational_admin,Guyana,GY,Essequibo Islands-West Demerara,,202300,148.17,1496.19,-58.833,6.114797,-58.178527,7.11334
2026-08-29,GY_GY03,subnational_admin,Guyana,GY,Essequibo Islands-West Demerara,,202400,78.0,1574.19,-58.833,6.114797,-58.178527,7.11334
2026-08-29,GY_GY03,subnational_admin,Guyana,GY,Essequibo Islands-West Demerara,,202501,7.52,1581.71,-58.833,6.114797,-58.178527,7.11334
2026-08-29,GY_GY03,subnational_admin,Guyana,GY,Essequibo Islands-West Demerara,,202502,55.7,1637.41,-58.833,6.114797,-58.178527,7.11334
2026-08-29,GY_GY03,subnational_admin,Guyana,GY,Essequibo Islands-West Demerara,,202503,55.01,1692.42,-58.833,6.114797,-58.178527,7.11334
2026-08-29,GY_GY03,subnational_admin,Guyana,GY,Essequibo Islands-West Demerara,,202504,15.24,1707.67,-58.833,6.114797,-58.178527,7.11334
2026-08-29,GY_GY03,subnational_admin,Guyana,GY,Essequibo Islands-West Demerara,,202601,6.34,1714.01,-58.833,6.114797,-58.178527,7.11334
2026-08-29,GY_GY03,subnational_admin,Guyana,GY,Essequibo Islands-West Demerara,,202602,49.87,1763.88,-58.833,6.114797,-58.178527,7.11334
2026-08-29,GY_GY02,subnational_admin,Guyana,GY,Pomeroon-Supenaam,,201800,0.0,0.0,-59.179218,6.751706,-58.466087,7.704515
2026-08-29,GY_GY02,subnational_admin,Guyana,GY,Pomeroon-Supenaam,,201900,0.0,0.0,-59.179218,6.751706,-58.466087,7.704515
2026-08-29,GY_GY02,subnational_admin,Guyana,GY,Pomeroon-Supenaam,,202000,0.0,0.0,-59.179218,6.751706,-58.466087,7.704515
2026-08-29,GY_GY02,subnational_admin,Guyana,GY,Pomeroon-Supenaam,,202100,0.0,0.0,-59.179218,6.751706,-58.466087,7.704515
2026-08-29,GY_GY02,subnational_admin,Guyana,GY,Pomeroon-Supenaam,,202200,0.0,0.0,-59.179218,6.751706,-58.466087,7.704515
2026-08-29,GY_GY02,subnational_admin,Guyana,GY,Pomeroon-Supenaam,,202300,0.0,0.0,-59.179218,6.751706,-58.466087,7.704515
2026-08-29,GY_GY02,subnational_admin,Guyana,GY,Pomeroon-Supenaam,,202400,0.0,0.0,-59.179218,6.751706,-58.466087,7.704515
2026-08-29,GY_GY02,subnational_admin,Guyana,GY,Pomeroon-Supenaam,,202501,0.0,0.0,-59.179218,6.751706,-58.466087,7.704515
2026-08-29,GY_GY02,subnational_admin,Guyana,GY,Pomeroon-Supenaam,,202502,0.0,0.0,-59.179218,6.751706,-58.466087,7.704515
2026-08-29,GY_GY02,subnational_admin,Guyana,GY,Pomeroon-Supenaam,,202503,20.63,20.63,-59.179218,6.751706,-58.466087,7.704515
2026-08-29,GY_GY02,subnational_admin,Guyana,GY,Pomeroon-Supenaam,,202504,0.0,20.63,-59.179218,6.751706,-58.466087,7.704515
2026-08-29,GY_GY02,subnational_admin,Guyana,GY,Pomeroon-Supenaam,,202601,0.0,20.63,-59.179218,6.751706,-58.466087,7.704515
2026-08-29,GY_GY02,subnational_admin,Guyana,GY,Pomeroon-Supenaam,,202602,140.98,161.6,-59.179218,6.751706,-58.466087,7.704515
2026-08-29,GY_GY08,subnational_admin,Guyana,GY,Potaro-Siparuni,,201800,15165.77,15165.77,-60.163257,3.992063,-58.274421,5.734025
2026-08-29,GY_GY08,subnational_admin,Guyana,GY,Potaro-Siparuni,,201900,2065.15,17230.92,-60.163257,3.992063,-58.274421,5.734025
2026-08-29,GY_GY08,subnational_admin,Guyana,GY,Potaro-Siparuni,,202000,2184.47,19415.39,-60.163257,3.992063,-58.274421,5.734025
2026-08-29,GY_GY08,subnational_admin,Guyana,GY,Potaro-Siparuni,,202100,1528.56,20943.94,-60.163257,3.992063,-58.274421,5.734025
2026-08-29,GY_GY08,subnational_admin,Guyana,GY,Potaro-Siparuni,,202200,1267.04,22210.98,-60.163257,3.992063,-58.274421,5.734025
2026-08-29,GY_GY08,subnational_admin,Guyana,GY,Potaro-Siparuni,,202300,1813.95,24024.93,-60.163257,3.992063,-58.274421,5.734025
2026-08-29,GY_GY08,subnational_admin,Guyana,GY,Potaro-Siparuni,,202400,1032.33,25057.26,-60.163257,3.992063,-58.274421,5.734025
2026-08-29,GY_GY08,subnational_admin,Guyana,GY,Potaro-Siparuni,,202501,193.34,25250.6,-60.163257,3.992063,-58.274421,5.734025
2026-08-29,GY_GY08,subnational_admin,Guyana,GY,Potaro-Siparuni,,202502,36.23,25286.83,-60.163257,3.992063,-58.274421,5.734025
2026-08-29,GY_GY08,subnational_admin,Guyana,GY,Potaro-Siparuni,,202503,470.91,25757.74,-60.163257,3.992063,-58.274421,5.734025
2026-08-29,GY_GY08,subnational_admin,Guyana,GY,Potaro-Siparuni,,202504,123.01,25880.76,-60.163257,3.992063,-58.274421,5.734025
2026-08-29,GY_GY08,subnational_admin,Guyana,GY,Potaro-Siparuni,,202601,29.0,25909.76,-60.163257,3.992063,-58.274421,5.734025
2026-08-29,GY_GY08,subnational_admin,Guyana,GY,Potaro-Siparuni,,202602,587.18,26496.94,-60.163257,3.992063,-58.274421,5.734025
2026-08-29,GY_GY10,subnational_admin,Guyana,GY,Upper Demerara-Berbice,,201800,4682.14,4682.14,-58.875598,4.607182,-57.589839,6.502366
2026-08-29,GY_GY10,subnational_admin,Guyana,GY,Upper Demerara-Berbice,,201900,553.96,5236.09,-58.875598,4.607182,-57.589839,6.502366
2026-08-29,GY_GY10,subnational_admin,Guyana,GY,Upper Demerara-Berbice,,202000,554.52,5790.61,-58.875598,4.607182,-57.589839,6.502366
2026-08-29,GY_GY10,subnational_admin,Guyana,GY,Upper Demerara-Berbice,,202100,443.16,6233.77,-58.875598,4.607182,-57.589839,6.502366
2026-08-29,GY_GY10,subnational_admin,Guyana,GY,Upper Demerara-Berbice,,202200,593.86,6827.63,-58.875598,4.607182,-57.589839,6.502366
2026-08-29,GY_GY10,subnational_admin,Guyana,GY,Upper Demerara-Berbice,,202300,642.73,7470.35,-58.875598,4.607182,-57.589839,6.502366
2026-08-29,GY_GY10,subnational_admin,Guyana,GY,Upper Demerara-Berbice,,202400,496.13,7966.48,-58.875598,4.607182,-57.589839,6.502366
2026-08-29,GY_GY10,subnational_admin,Guyana,GY,Upper Demerara-Berbice,,202501,404.68,8371.16,-58.875598,4.607182,-57.589839,6.502366
2026-08-29,GY_GY10,subnational_admin,Guyana,GY,Upper Demerara-Berbice,,202502,28.59,8399.76,-58.875598,4.607182,-57.589839,6.502366
2026-08-29,GY_GY10,subnational_admin,Guyana,GY,Upper Demerara-Berbice,,202503,281.83,8681.59,-58.875598,4.607182,-57.589839,6.502366
2026-08-29,GY_GY10,subnational_admin,Guyana,GY,Upper Demerara-Berbice,,202504,99.44,8781.03,-58.875598,4.607182,-57.589839,6.502366
2026-08-29,GY_GY10,subnational_admin,Guyana,GY,Upper Demerara-Berbice,,202601,9.44,8790.46,-58.875598,4.607182,-57.589839,6.502366
2026-08-29,GY_GY10,subnational_admin,Guyana,GY,Upper Demerara-Berbice,,202602,423.95,9214.42,-58.875598,4.607182,-57.589839,6.502366
2026-08-29,GY_GY09,subnational_admin,Guyana,GY,Upper Takutu-Upper Essequibo,,201800,847.8,847.8,-59.991035,1.171398,-57.930919,4.521605
2026-08-29,GY_GY09,subnational_admin,Guyana,GY,Upper Takutu-Upper Essequibo,,201900,123.13,970.93,-59.991035,1.171398,-57.930919,4.521605
2026-08-29,GY_GY09,subnational_admin,Guyana,GY,Upper Takutu-Upper Essequibo,,202000,31.64,1002.57,-59.991035,1.171398,-57.930919,4.521605
2026-08-29,GY_GY09,subnational_admin,Guyana,GY,Upper Takutu-Upper Essequibo,,202100,46.54,1049.12,-59.991035,1.171398,-57.930919,4.521605
2026-08-29,GY_GY09,subnational_admin,Guyana,GY,Upper Takutu-Upper Essequibo,,202200,79.33,1128.45,-59.991035,1.171398,-57.930919,4.521605
2026-08-29,GY_GY09,subnational_admin,Guyana,GY,Upper Takutu-Upper Essequibo,,202300,42.29,1170.74,-59.991035,1.171398,-57.930919,4.521605
2026-08-29,GY_GY09,subnational_admin,Guyana,GY,Upper Takutu-Upper Essequibo,,202400,71.97,1242.71,-59.991035,1.171398,-57.930919,4.521605
2026-08-29,GY_GY09,subnational_admin,Guyana,GY,Upper Takutu-Upper Essequibo,,202501,0.0,1242.71,-59.991035,1.171398,-57.930919,4.521605
2026-08-29,GY_GY09,subnational_admin,Guyana,GY,Upper Takutu-Upper Essequibo,,202502,7.79,1250.5,-59.991035,1.171398,-57.930919,4.521605
2026-08-29,GY_GY09,subnational_admin,Guyana,GY,Upper Takutu-Upper Essequibo,,202503,28.97,1279.47,-59.991035,1.171398,-57.930919,4.521605
2026-08-29,GY_GY09,subnational_admin,Guyana,GY,Upper Takutu-Upper Essequibo,,202504,3.65,1283.12,-59.991035,1.171398,-57.930919,4.521605
2026-08-29,GY_GY09,subnational_admin,Guyana,GY,Upper Takutu-Upper Essequibo,,202601,0.0,1283.12,-59.991035,1.171398,-57.930919,4.521605
2026-08-29,GY_GY09,subnational_admin,Guyana,GY,Upper Takutu-Upper Essequibo,,202602,12.69,1295.81,-59.991035,1.171398,-57.930919,4.521605
2026-08-29,GF_GF1,subnational_admin,Guyana_Francesa,GF,Cayenne,,201800,5025.24,5025.24,-53.5377637579,2.1680717753,-51.6190405207,5.5688657872
2026-08-29,GF_GF1,subnational_admin,Guyana_Francesa,GF,Cayenne,,201900,582.74,5607.98,-53.5377637579,2.1680717753,-51.6190405207,5.5688657872
2026-08-29,GF_GF1,subnational_admin,Guyana_Francesa,GF,Cayenne,,202000,504.17,6112.15,-53.5377637579,2.1680717753,-51.6190405207,5.5688657872
2026-08-29,GF_GF1,subnational_admin,Guyana_Francesa,GF,Cayenne,,202100,554.33,6666.48,-53.5377637579,2.1680717753,-51.6190405207,5.5688657872
2026-08-29,GF_GF1,subnational_admin,Guyana_Francesa,GF,Cayenne,,202200,362.9,7029.38,-53.5377637579,2.1680717753,-51.6190405207,5.5688657872
2026-08-29,GF_GF1,subnational_admin,Guyana_Francesa,GF,Cayenne,,202300,266.71,7296.09,-53.5377637579,2.1680717753,-51.6190405207,5.5688657872
2026-08-29,GF_GF1,subnational_admin,Guyana_Francesa,GF,Cayenne,,202400,157.22,7453.31,-53.5377637579,2.1680717753,-51.6190405207,5.5688657872
2026-08-29,GF_GF1,subnational_admin,Guyana_Francesa,GF,Cayenne,,202501,33.08,7486.39,-53.5377637579,2.1680717753,-51.6190405207,5.5688657872
2026-08-29,GF_GF1,subnational_admin,Guyana_Francesa,GF,Cayenne,,202502,98.85,7585.25,-53.5377637579,2.1680717753,-51.6190405207,5.5688657872
2026-08-29,GF_GF1,subnational_admin,Guyana_Francesa,GF,Cayenne,,202503,190.49,7775.74,-53.5377637579,2.1680717753,-51.6190405207,5.5688657872
2026-08-29,GF_GF1,subnational_admin,Guyana_Francesa,GF,Cayenne,,202504,27.4,7803.14,-53.5377637579,2.1680717753,-51.6190405207,5.5688657872
2026-08-29,GF_GF1,subnational_admin,Guyana_Francesa,GF,Cayenne,,202601,0.0,7803.14,-53.5377637579,2.1680717753,-51.6190405207,5.5688657872
2026-08-29,GF_GF1,subnational_admin,Guyana_Francesa,GF,Cayenne,,202602,57.73,7860.87,-53.5377637579,2.1680717753,-51.6190405207,5.5688657872
2026-08-29,GF_GF2,subnational_admin,Guyana_Francesa,GF,Saint-Laurent-du-Maroni,,201800,8381.77,8381.77,-54.6023356517,2.1113058625,-53.0526831276,5.747773265
2026-08-29,GF_GF2,subnational_admin,Guyana_Francesa,GF,Saint-Laurent-du-Maroni,,201900,1351.52,9733.3,-54.6023356517,2.1113058625,-53.0526831276,5.747773265
2026-08-29,GF_GF2,subnational_admin,Guyana_Francesa,GF,Saint-Laurent-du-Maroni,,202000,1450.53,11183.83,-54.6023356517,2.1113058625,-53.0526831276,5.747773265
2026-08-29,GF_GF2,subnational_admin,Guyana_Francesa,GF,Saint-Laurent-du-Maroni,,202100,1538.78,12722.61,-54.6023356517,2.1113058625,-53.0526831276,5.747773265
2026-08-29,GF_GF2,subnational_admin,Guyana_Francesa,GF,Saint-Laurent-du-Maroni,,202200,1232.37,13954.98,-54.6023356517,2.1113058625,-53.0526831276,5.747773265
2026-08-29,GF_GF2,subnational_admin,Guyana_Francesa,GF,Saint-Laurent-du-Maroni,,202300,954.56,14909.54,-54.6023356517,2.1113058625,-53.0526831276,5.747773265
2026-08-29,GF_GF2,subnational_admin,Guyana_Francesa,GF,Saint-Laurent-du-Maroni,,202400,484.29,15393.83,-54.6023356517,2.1113058625,-53.0526831276,5.747773265
2026-08-29,GF_GF2,subnational_admin,Guyana_Francesa,GF,Saint-Laurent-du-Maroni,,202501,457.32,15851.16,-54.6023356517,2.1113058625,-53.0526831276,5.747773265
2026-08-29,GF_GF2,subnational_admin,Guyana_Francesa,GF,Saint-Laurent-du-Maroni,,202502,288.86,16140.02,-54.6023356517,2.1113058625,-53.0526831276,5.747773265
2026-08-29,GF_GF2,subnational_admin,Guyana_Francesa,GF,Saint-Laurent-du-Maroni,,202503,442.84,16582.86,-54.6023356517,2.1113058625,-53.0526831276,5.747773265
2026-08-29,GF_GF2,subnational_admin,Guyana_Francesa,GF,Saint-Laurent-du-Maroni,,202504,43.37,16626.23,-54.6023356517,2.1113058625,-53.0526831276,5.747773265
2026-08-29,GF_GF2,subnational_admin,Guyana_Francesa,GF,Saint-Laurent-du-Maroni,,202601,58.35,16684.59,-54.6023356517,2.1113058625,-53.0526831276,5.747773265
2026-08-29,GF_GF2,subnational_admin,Guyana_Francesa,GF,Saint-Laurent-du-Maroni,,202602,370.59,17055.17,-54.6023356517,2.1113058625,-53.0526831276,5.747773265
2026-08-29,PE_01,subnational_admin,Peru,PE,AMAZONAS,,201800,0.0,0.0,-78.712120738,-6.98675935,-77.132302736,-2.986125096
2026-08-29,PE_01,subnational_admin,Peru,PE,AMAZONAS,,201900,0.0,0.0,-78.712120738,-6.98675935,-77.132302736,-2.986125096
2026-08-29,PE_01,subnational_admin,Peru,PE,AMAZONAS,,202000,0.0,0.0,-78.712120738,-6.98675935,-77.132302736,-2.986125096
2026-08-29,PE_01,subnational_admin,Peru,PE,AMAZONAS,,202100,0.0,0.0,-78.712120738,-6.98675935,-77.132302736,-2.986125096
2026-08-29,PE_01,subnational_admin,Peru,PE,AMAZONAS,,202200,0.0,0.0,-78.712120738,-6.98675935,-77.132302736,-2.986125096
2026-08-29,PE_01,subnational_admin,Peru,PE,AMAZONAS,,202300,0.0,0.0,-78.712120738,-6.98675935,-77.132302736,-2.986125096
2026-08-29,PE_01,subnational_admin,Peru,PE,AMAZONAS,,202400,0.0,0.0,-78.712120738,-6.98675935,-77.132302736,-2.986125096
2026-08-29,PE_01,subnational_admin,Peru,PE,AMAZONAS,,202501,0.0,0.0,-78.712120738,-6.98675935,-77.132302736,-2.986125096
2026-08-29,PE_01,subnational_admin,Peru,PE,AMAZONAS,,202502,0.0,0.0,-78.712120738,-6.98675935,-77.132302736,-2.986125096
2026-08-29,PE_01,subnational_admin,Peru,PE,AMAZONAS,,202503,0.0,0.0,-78.712120738,-6.98675935,-77.132302736,-2.986125096
2026-08-29,PE_01,subnational_admin,Peru,PE,AMAZONAS,,202504,46.48,46.48,-78.712120738,-6.98675935,-77.132302736,-2.986125096
2026-08-29,PE_01,subnational_admin,Peru,PE,AMAZONAS,,202601,0.0,46.48,-78.712120738,-6.98675935,-77.132302736,-2.986125096
2026-08-29,PE_01,subnational_admin,Peru,PE,AMAZONAS,,202602,32.25,78.72,-78.712120738,-6.98675935,-77.132302736,-2.986125096
2026-08-29,PE_06,subnational_admin,Peru,PE,CAJAMARCA,,201800,0.0,0.0,-79.458451114,-7.763460975,-77.741371612,-4.623873098
2026-08-29,PE_06,subnational_admin,Peru,PE,CAJAMARCA,,201900,0.0,0.0,-79.458451114,-7.763460975,-77.741371612,-4.623873098
2026-08-29,PE_06,subnational_admin,Peru,PE,CAJAMARCA,,202000,0.0,0.0,-79.458451114,-7.763460975,-77.741371612,-4.623873098
2026-08-29,PE_06,subnational_admin,Peru,PE,CAJAMARCA,,202100,0.0,0.0,-79.458451114,-7.763460975,-77.741371612,-4.623873098
2026-08-29,PE_06,subnational_admin,Peru,PE,CAJAMARCA,,202200,0.0,0.0,-79.458451114,-7.763460975,-77.741371612,-4.623873098
2026-08-29,PE_06,subnational_admin,Peru,PE,CAJAMARCA,,202300,0.0,0.0,-79.458451114,-7.763460975,-77.741371612,-4.623873098
2026-08-29,PE_06,subnational_admin,Peru,PE,CAJAMARCA,,202400,0.0,0.0,-79.458451114,-7.763460975,-77.741371612,-4.623873098
2026-08-29,PE_06,subnational_admin,Peru,PE,CAJAMARCA,,202501,6.29,6.29,-79.458451114,-7.763460975,-77.741371612,-4.623873098
2026-08-29,PE_06,subnational_admin,Peru,PE,CAJAMARCA,,202502,0.0,6.29,-79.458451114,-7.763460975,-77.741371612,-4.623873098
2026-08-29,PE_06,subnational_admin,Peru,PE,CAJAMARCA,,202503,0.0,6.29,-79.458451114,-7.763460975,-77.741371612,-4.623873098
2026-08-29,PE_06,subnational_admin,Peru,PE,CAJAMARCA,,202504,0.0,6.29,-79.458451114,-7.763460975,-77.741371612,-4.623873098
2026-08-29,PE_06,subnational_admin,Peru,PE,CAJAMARCA,,202601,0.0,6.29,-79.458451114,-7.763460975,-77.741371612,-4.623873098
2026-08-29,PE_06,subnational_admin,Peru,PE,CAJAMARCA,,202602,0.0,6.29,-79.458451114,-7.763460975,-77.741371612,-4.623873098
2026-08-29,PE_08,subnational_admin,Peru,PE,CUSCO,,201800,504.17,504.17,-73.980936984,-15.457504233,-70.34507198,-11.212293479
2026-08-29,PE_08,subnational_admin,Peru,PE,CUSCO,,201900,528.98,1033.15,-73.980936984,-15.457504233,-70.34507198,-11.212293479
2026-08-29,PE_08,subnational_admin,Peru,PE,CUSCO,,202000,365.95,1399.1,-73.980936984,-15.457504233,-70.34507198,-11.212293479
2026-08-29,PE_08,subnational_admin,Peru,PE,CUSCO,,202100,255.16,1654.25,-73.980936984,-15.457504233,-70.34507198,-11.212293479
2026-08-29,PE_08,subnational_admin,Peru,PE,CUSCO,,202200,186.02,1840.27,-73.980936984,-15.457504233,-70.34507198,-11.212293479
2026-08-29,PE_08,subnational_admin,Peru,PE,CUSCO,,202300,297.51,2137.78,-73.980936984,-15.457504233,-70.34507198,-11.212293479
2026-08-29,PE_08,subnational_admin,Peru,PE,CUSCO,,202400,205.96,2343.74,-73.980936984,-15.457504233,-70.34507198,-11.212293479
2026-08-29,PE_08,subnational_admin,Peru,PE,CUSCO,,202501,162.75,2506.48,-73.980936984,-15.457504233,-70.34507198,-11.212293479
2026-08-29,PE_08,subnational_admin,Peru,PE,CUSCO,,202502,9.58,2516.07,-73.980936984,-15.457504233,-70.34507198,-11.212293479
2026-08-29,PE_08,subnational_admin,Peru,PE,CUSCO,,202503,28.5,2544.56,-73.980936984,-15.457504233,-70.34507198,-11.212293479
2026-08-29,PE_08,subnational_admin,Peru,PE,CUSCO,,202504,314.35,2858.91,-73.980936984,-15.457504233,-70.34507198,-11.212293479
2026-08-29,PE_08,subnational_admin,Peru,PE,CUSCO,,202601,0.0,2858.91,-73.980936984,-15.457504233,-70.34507198,-11.212293479
2026-08-29,PE_08,subnational_admin,Peru,PE,CUSCO,,202602,12.0,2870.92,-73.980936984,-15.457504233,-70.34507198,-11.212293479
2026-08-29,PE_10,subnational_admin,Peru,PE,HUANUCO,,201800,17.39,17.39,-77.317486362,-10.488806603,-74.525351234,-8.3051697119
2026-08-29,PE_10,subnational_admin,Peru,PE,HUANUCO,,201900,59.41,76.8,-77.317486362,-10.488806603,-74.525351234,-8.3051697119
2026-08-29,PE_10,subnational_admin,Peru,PE,HUANUCO,,202000,69.03,145.83,-77.317486362,-10.488806603,-74.525351234,-8.3051697119
2026-08-29,PE_10,subnational_admin,Peru,PE,HUANUCO,,202100,190.26,336.09,-77.317486362,-10.488806603,-74.525351234,-8.3051697119
2026-08-29,PE_10,subnational_admin,Peru,PE,HUANUCO,,202200,380.95,717.04,-77.317486362,-10.488806603,-74.525351234,-8.3051697119
2026-08-29,PE_10,subnational_admin,Peru,PE,HUANUCO,,202300,237.37,954.41,-77.317486362,-10.488806603,-74.525351234,-8.3051697119
2026-08-29,PE_10,subnational_admin,Peru,PE,HUANUCO,,202400,842.16,1796.57,-77.317486362,-10.488806603,-74.525351234,-8.3051697119
2026-08-29,PE_10,subnational_admin,Peru,PE,HUANUCO,,202501,582.57,2379.14,-77.317486362,-10.488806603,-74.525351234,-8.3051697119
2026-08-29,PE_10,subnational_admin,Peru,PE,HUANUCO,,202502,228.47,2607.61,-77.317486362,-10.488806603,-74.525351234,-8.3051697119
2026-08-29,PE_10,subnational_admin,Peru,PE,HUANUCO,,202503,798.39,3406.0,-77.317486362,-10.488806603,-74.525351234,-8.3051697119
2026-08-29,PE_10,subnational_admin,Peru,PE,HUANUCO,,202504,102.56,3508.56,-77.317486362,-10.488806603,-74.525351234,-8.3051697119
2026-08-29,PE_10,subnational_admin,Peru,PE,HUANUCO,,202601,54.75,3563.31,-77.317486362,-10.488806603,-74.525351234,-8.3051697119
2026-08-29,PE_10,subnational_admin,Peru,PE,HUANUCO,,202602,569.86,4133.17,-77.317486362,-10.488806603,-74.525351234,-8.3051697119
2026-08-29,PE_16,subnational_admin,Peru,PE,LORETO,,201800,94.83,94.83,-77.825957987,-8.7151913837,-69.949039355,-0.038605968
2026-08-29,PE_16,subnational_admin,Peru,PE,LORETO,,201900,115.82,210.64,-77.825957987,-8.7151913837,-69.949039355,-0.038605968
2026-08-29,PE_16,subnational_admin,Peru,PE,LORETO,,202000,43.57,254.21,-77.825957987,-8.7151913837,-69.949039355,-0.038605968
2026-08-29,PE_16,subnational_admin,Peru,PE,LORETO,,202100,115.69,369.9,-77.825957987,-8.7151913837,-69.949039355,-0.038605968
2026-08-29,PE_16,subnational_admin,Peru,PE,LORETO,,202200,26.19,396.09,-77.825957987,-8.7151913837,-69.949039355,-0.038605968
2026-08-29,PE_16,subnational_admin,Peru,PE,LORETO,,202300,90.53,486.62,-77.825957987,-8.7151913837,-69.949039355,-0.038605968
2026-08-29,PE_16,subnational_admin,Peru,PE,LORETO,,202400,122.3,608.92,-77.825957987,-8.7151913837,-69.949039355,-0.038605968
2026-08-29,PE_16,subnational_admin,Peru,PE,LORETO,,202501,4.73,613.65,-77.825957987,-8.7151913837,-69.949039355,-0.038605968
2026-08-29,PE_16,subnational_admin,Peru,PE,LORETO,,202502,107.83,721.48,-77.825957987,-8.7151913837,-69.949039355,-0.038605968
2026-08-29,PE_16,subnational_admin,Peru,PE,LORETO,,202503,173.76,895.24,-77.825957987,-8.7151913837,-69.949039355,-0.038605968
2026-08-29,PE_16,subnational_admin,Peru,PE,LORETO,,202504,55.31,950.55,-77.825957987,-8.7151913837,-69.949039355,-0.038605968
2026-08-29,PE_16,subnational_admin,Peru,PE,LORETO,,202601,6.89,957.44,-77.825957987,-8.7151913837,-69.949039355,-0.038605968
2026-08-29,PE_16,subnational_admin,Peru,PE,LORETO,,202602,134.68,1092.12,-77.825957987,-8.7151913837,-69.949039355,-0.038605968
2026-08-29,PE_17,subnational_admin,Peru,PE,MADRE DE DIOS,,201800,76575.61,76575.61,-72.428738732,-13.341716856,-68.652279103,-9.8733933325
2026-08-29,PE_17,subnational_admin,Peru,PE,MADRE DE DIOS,,201900,13088.26,89663.87,-72.428738732,-13.341716856,-68.652279103,-9.8733933325
2026-08-29,PE_17,subnational_admin,Peru,PE,MADRE DE DIOS,,202000,12853.02,102516.88,-72.428738732,-13.341716856,-68.652279103,-9.8733933325
2026-08-29,PE_17,subnational_admin,Peru,PE,MADRE DE DIOS,,202100,13619.77,116136.66,-72.428738732,-13.341716856,-68.652279103,-9.8733933325
2026-08-29,PE_17,subnational_admin,Peru,PE,MADRE DE DIOS,,202200,10439.09,126575.75,-72.428738732,-13.341716856,-68.652279103,-9.8733933325
2026-08-29,PE_17,subnational_admin,Peru,PE,MADRE DE DIOS,,202300,11801.78,138377.53,-72.428738732,-13.341716856,-68.652279103,-9.8733933325
2026-08-29,PE_17,subnational_admin,Peru,PE,MADRE DE DIOS,,202400,13062.71,151440.24,-72.428738732,-13.341716856,-68.652279103,-9.8733933325
2026-08-29,PE_17,subnational_admin,Peru,PE,MADRE DE DIOS,,202501,1532.98,152973.22,-72.428738732,-13.341716856,-68.652279103,-9.8733933325
2026-08-29,PE_17,subnational_admin,Peru,PE,MADRE DE DIOS,,202502,3897.12,156870.34,-72.428738732,-13.341716856,-68.652279103,-9.8733933325
2026-08-29,PE_17,subnational_admin,Peru,PE,MADRE DE DIOS,,202503,2716.32,159586.65,-72.428738732,-13.341716856,-68.652279103,-9.8733933325
2026-08-29,PE_17,subnational_admin,Peru,PE,MADRE DE DIOS,,202504,1824.55,161411.2,-72.428738732,-13.341716856,-68.652279103,-9.8733933325
2026-08-29,PE_17,subnational_admin,Peru,PE,MADRE DE DIOS,,202601,246.12,161657.32,-72.428738732,-13.341716856,-68.652279103,-9.8733933325
2026-08-29,PE_17,subnational_admin,Peru,PE,MADRE DE DIOS,,202602,6903.52,168560.84,-72.428738732,-13.341716856,-68.652279103,-9.8733933325
2026-08-29,PE_20,subnational_admin,Peru,PE,PIURA,,201800,0.0,0.0,-81.328195365,-6.3720801,-79.209873863,-4.083128847
2026-08-29,PE_20,subnational_admin,Peru,PE,PIURA,,201900,0.0,0.0,-81.328195365,-6.3720801,-79.209873863,-4.083128847
2026-08-29,PE_20,subnational_admin,Peru,PE,PIURA,,202000,0.0,0.0,-81.328195365,-6.3720801,-79.209873863,-4.083128847
2026-08-29,PE_20,subnational_admin,Peru,PE,PIURA,,202100,0.0,0.0,-81.328195365,-6.3720801,-79.209873863,-4.083128847
2026-08-29,PE_20,subnational_admin,Peru,PE,PIURA,,202200,0.0,0.0,-81.328195365,-6.3720801,-79.209873863,-4.083128847
2026-08-29,PE_20,subnational_admin,Peru,PE,PIURA,,202300,0.0,0.0,-81.328195365,-6.3720801,-79.209873863,-4.083128847
2026-08-29,PE_20,subnational_admin,Peru,PE,PIURA,,202400,0.0,0.0,-81.328195365,-6.3720801,-79.209873863,-4.083128847
2026-08-29,PE_20,subnational_admin,Peru,PE,PIURA,,202501,71.92,71.92,-81.328195365,-6.3720801,-79.209873863,-4.083128847
2026-08-29,PE_20,subnational_admin,Peru,PE,PIURA,,202502,0.0,71.92,-81.328195365,-6.3720801,-79.209873863,-4.083128847
2026-08-29,PE_20,subnational_admin,Peru,PE,PIURA,,202503,0.0,71.92,-81.328195365,-6.3720801,-79.209873863,-4.083128847
2026-08-29,PE_20,subnational_admin,Peru,PE,PIURA,,202504,0.0,71.92,-81.328195365,-6.3720801,-79.209873863,-4.083128847
2026-08-29,PE_20,subnational_admin,Peru,PE,PIURA,,202601,0.0,71.92,-81.328195365,-6.3720801,-79.209873863,-4.083128847
2026-08-29,PE_20,subnational_admin,Peru,PE,PIURA,,202602,0.0,71.92,-81.328195365,-6.3720801,-79.209873863,-4.083128847
2026-08-29,PE_21,subnational_admin,Peru,PE,PUNO,,201800,591.57,591.57,-71.118091731,-17.295466734,-68.814216853,-13.003925856
2026-08-29,PE_21,subnational_admin,Peru,PE,PUNO,,201900,225.13,816.7,-71.118091731,-17.295466734,-68.814216853,-13.003925856
2026-08-29,PE_21,subnational_admin,Peru,PE,PUNO,,202000,232.77,1049.47,-71.118091731,-17.295466734,-68.814216853,-13.003925856
2026-08-29,PE_21,subnational_admin,Peru,PE,PUNO,,202100,168.31,1217.78,-71.118091731,-17.295466734,-68.814216853,-13.003925856
2026-08-29,PE_21,subnational_admin,Peru,PE,PUNO,,202200,254.37,1472.15,-71.118091731,-17.295466734,-68.814216853,-13.003925856
2026-08-29,PE_21,subnational_admin,Peru,PE,PUNO,,202300,410.89,1883.05,-71.118091731,-17.295466734,-68.814216853,-13.003925856
2026-08-29,PE_21,subnational_admin,Peru,PE,PUNO,,202400,241.32,2124.37,-71.118091731,-17.295466734,-68.814216853,-13.003925856
2026-08-29,PE_21,subnational_admin,Peru,PE,PUNO,,202501,108.78,2233.15,-71.118091731,-17.295466734,-68.814216853,-13.003925856
2026-08-29,PE_21,subnational_admin,Peru,PE,PUNO,,202502,29.42,2262.57,-71.118091731,-17.295466734,-68.814216853,-13.003925856
2026-08-29,PE_21,subnational_admin,Peru,PE,PUNO,,202503,87.98,2350.55,-71.118091731,-17.295466734,-68.814216853,-13.003925856
2026-08-29,PE_21,subnational_admin,Peru,PE,PUNO,,202504,323.48,2674.02,-71.118091731,-17.295466734,-68.814216853,-13.003925856
2026-08-29,PE_21,subnational_admin,Peru,PE,PUNO,,202601,0.0,2674.02,-71.118091731,-17.295466734,-68.814216853,-13.003925856
2026-08-29,PE_21,subnational_admin,Peru,PE,PUNO,,202602,153.43,2827.46,-71.118091731,-17.295466734,-68.814216853,-13.003925856
2026-08-29,PE_22,subnational_admin,Peru,PE,SAN MARTIN,,201800,0.0,0.0,-77.775147987,-8.796294977,-75.48718761,-5.406899098
2026-08-29,PE_22,subnational_admin,Peru,PE,SAN MARTIN,,201900,0.0,0.0,-77.775147987,-8.796294977,-75.48718761,-5.406899098
2026-08-29,PE_22,subnational_admin,Peru,PE,SAN MARTIN,,202000,0.0,0.0,-77.775147987,-8.796294977,-75.48718761,-5.406899098
2026-08-29,PE_22,subnational_admin,Peru,PE,SAN MARTIN,,202100,0.0,0.0,-77.775147987,-8.796294977,-75.48718761,-5.406899098
2026-08-29,PE_22,subnational_admin,Peru,PE,SAN MARTIN,,202200,11.68,11.68,-77.775147987,-8.796294977,-75.48718761,-5.406899098
2026-08-29,PE_22,subnational_admin,Peru,PE,SAN MARTIN,,202300,0.0,11.68,-77.775147987,-8.796294977,-75.48718761,-5.406899098
2026-08-29,PE_22,subnational_admin,Peru,PE,SAN MARTIN,,202400,0.0,11.68,-77.775147987,-8.796294977,-75.48718761,-5.406899098
2026-08-29,PE_22,subnational_admin,Peru,PE,SAN MARTIN,,202501,0.0,11.68,-77.775147987,-8.796294977,-75.48718761,-5.406899098
2026-08-29,PE_22,subnational_admin,Peru,PE,SAN MARTIN,,202502,0.0,11.68,-77.775147987,-8.796294977,-75.48718761,-5.406899098
2026-08-29,PE_22,subnational_admin,Peru,PE,SAN MARTIN,,202503,0.0,11.68,-77.775147987,-8.796294977,-75.48718761,-5.406899098
2026-08-29,PE_22,subnational_admin,Peru,PE,SAN MARTIN,,202504,19.75,31.43,-77.775147987,-8.796294977,-75.48718761,-5.406899098
2026-08-29,PE_22,subnational_admin,Peru,PE,SAN MARTIN,,202601,0.0,31.43,-77.775147987,-8.796294977,-75.48718761,-5.406899098
2026-08-29,PE_22,subnational_admin,Peru,PE,SAN MARTIN,,202602,0.0,31.43,-77.775147987,-8.796294977,-75.48718761,-5.406899098
2026-08-29,PE_25,subnational_admin,Peru,PE,UCAYALI,,201800,106.72,106.72,-75.9478860177,-11.44834198,-70.49441698,-7.262049475
2026-08-29,PE_25,subnational_admin,Peru,PE,UCAYALI,,201900,10.9,117.62,-75.9478860177,-11.44834198,-70.49441698,-7.262049475
2026-08-29,PE_25,subnational_admin,Peru,PE,UCAYALI,,202000,9.31,126.94,-75.9478860177,-11.44834198,-70.49441698,-7.262049475
2026-08-29,PE_25,subnational_admin,Peru,PE,UCAYALI,,202100,18.43,145.37,-75.9478860177,-11.44834198,-70.49441698,-7.262049475
2026-08-29,PE_25,subnational_admin,Peru,PE,UCAYALI,,202200,0.48,145.85,-75.9478860177,-11.44834198,-70.49441698,-7.262049475
2026-08-29,PE_25,subnational_admin,Peru,PE,UCAYALI,,202300,4.05,149.9,-75.9478860177,-11.44834198,-70.49441698,-7.262049475
2026-08-29,PE_25,subnational_admin,Peru,PE,UCAYALI,,202400,36.52,186.42,-75.9478860177,-11.44834198,-70.49441698,-7.262049475
2026-08-29,PE_25,subnational_admin,Peru,PE,UCAYALI,,202501,5.41,191.83,-75.9478860177,-11.44834198,-70.49441698,-7.262049475
2026-08-29,PE_25,subnational_admin,Peru,PE,UCAYALI,,202502,3.18,195.01,-75.9478860177,-11.44834198,-70.49441698,-7.262049475
2026-08-29,PE_25,subnational_admin,Peru,PE,UCAYALI,,202503,11.51,206.52,-75.9478860177,-11.44834198,-70.49441698,-7.262049475
2026-08-29,PE_25,subnational_admin,Peru,PE,UCAYALI,,202504,0.0,206.52,-75.9478860177,-11.44834198,-70.49441698,-7.262049475
2026-08-29,PE_25,subnational_admin,Peru,PE,UCAYALI,,202601,0.0,206.52,-75.9478860177,-11.44834198,-70.49441698,-7.262049475
2026-08-29,PE_25,subnational_admin,Peru,PE,UCAYALI,,202602,6.46,212.98,-75.9478860177,-11.44834198,-70.49441698,-7.262049475
2026-08-29,SR_SR01,subnational_admin,Suriname,SR,Brokopondo,,201800,21644.66,21644.66,-55.5212554923,4.0144782065,-54.7263603202,5.3651318554
2026-08-29,SR_SR01,subnational_admin,Suriname,SR,Brokopondo,,201900,3646.95,25291.61,-55.5212554923,4.0144782065,-54.7263603202,5.3651318554
2026-08-29,SR_SR01,subnational_admin,Suriname,SR,Brokopondo,,202000,2846.24,28137.85,-55.5212554923,4.0144782065,-54.7263603202,5.3651318554
2026-08-29,SR_SR01,subnational_admin,Suriname,SR,Brokopondo,,202100,4081.39,32219.24,-55.5212554923,4.0144782065,-54.7263603202,5.3651318554
2026-08-29,SR_SR01,subnational_admin,Suriname,SR,Brokopondo,,202200,3584.8,35804.04,-55.5212554923,4.0144782065,-54.7263603202,5.3651318554
2026-08-29,SR_SR01,subnational_admin,Suriname,SR,Brokopondo,,202300,3649.29,39453.33,-55.5212554923,4.0144782065,-54.7263603202,5.3651318554
2026-08-29,SR_SR01,subnational_admin,Suriname,SR,Brokopondo,,202400,2932.54,42385.87,-55.5212554923,4.0144782065,-54.7263603202,5.3651318554
2026-08-29,SR_SR01,subnational_admin,Suriname,SR,Brokopondo,,202501,4472.54,46858.41,-55.5212554923,4.0144782065,-54.7263603202,5.3651318554
2026-08-29,SR_SR01,subnational_admin,Suriname,SR,Brokopondo,,202502,380.79,47239.2,-55.5212554923,4.0144782065,-54.7263603202,5.3651318554
2026-08-29,SR_SR01,subnational_admin,Suriname,SR,Brokopondo,,202503,729.93,47969.13,-55.5212554923,4.0144782065,-54.7263603202,5.3651318554
2026-08-29,SR_SR01,subnational_admin,Suriname,SR,Brokopondo,,202504,131.17,48100.29,-55.5212554923,4.0144782065,-54.7263603202,5.3651318554
2026-08-29,SR_SR01,subnational_admin,Suriname,SR,Brokopondo,,202601,74.55,48174.84,-55.5212554923,4.0144782065,-54.7263603202,5.3651318554
2026-08-29,SR_SR01,subnational_admin,Suriname,SR,Brokopondo,,202602,785.96,48960.8,-55.5212554923,4.0144782065,-54.7263603202,5.3651318554
2026-08-29,SR_SR04,subnational_admin,Suriname,SR,Marowijne,,201800,1133.15,1133.15,-54.7379798884,5.2330451017,-53.9840965264,5.9818048478
2026-08-29,SR_SR04,subnational_admin,Suriname,SR,Marowijne,,201900,197.63,1330.78,-54.7379798884,5.2330451017,-53.9840965264,5.9818048478
2026-08-29,SR_SR04,subnational_admin,Suriname,SR,Marowijne,,202000,164.88,1495.66,-54.7379798884,5.2330451017,-53.9840965264,5.9818048478
2026-08-29,SR_SR04,subnational_admin,Suriname,SR,Marowijne,,202100,52.1,1547.76,-54.7379798884,5.2330451017,-53.9840965264,5.9818048478
2026-08-29,SR_SR04,subnational_admin,Suriname,SR,Marowijne,,202200,210.31,1758.07,-54.7379798884,5.2330451017,-53.9840965264,5.9818048478
2026-08-29,SR_SR04,subnational_admin,Suriname,SR,Marowijne,,202300,62.25,1820.32,-54.7379798884,5.2330451017,-53.9840965264,5.9818048478
2026-08-29,SR_SR04,subnational_admin,Suriname,SR,Marowijne,,202400,31.22,1851.54,-54.7379798884,5.2330451017,-53.9840965264,5.9818048478
2026-08-29,SR_SR04,subnational_admin,Suriname,SR,Marowijne,,202501,1.74,1853.28,-54.7379798884,5.2330451017,-53.9840965264,5.9818048478
2026-08-29,SR_SR04,subnational_admin,Suriname,SR,Marowijne,,202502,0.0,1853.28,-54.7379798884,5.2330451017,-53.9840965264,5.9818048478
2026-08-29,SR_SR04,subnational_admin,Suriname,SR,Marowijne,,202503,61.72,1915.0,-54.7379798884,5.2330451017,-53.9840965264,5.9818048478
2026-08-29,SR_SR04,subnational_admin,Suriname,SR,Marowijne,,202504,0.0,1915.0,-54.7379798884,5.2330451017,-53.9840965264,5.9818048478
2026-08-29,SR_SR04,subnational_admin,Suriname,SR,Marowijne,,202601,19.53,1934.53,-54.7379798884,5.2330451017,-53.9840965264,5.9818048478
2026-08-29,SR_SR04,subnational_admin,Suriname,SR,Marowijne,,202602,16.3,1950.84,-54.7379798884,5.2330451017,-53.9840965264,5.9818048478
2026-08-29,SR_SR06,subnational_admin,Suriname,SR,Para,,201800,2075.37,2075.37,-56.0467491148,4.9900641443,-54.6245727532,5.702995777
2026-08-29,SR_SR06,subnational_admin,Suriname,SR,Para,,201900,218.05,2293.43,-56.0467491148,4.9900641443,-54.6245727532,5.702995777
2026-08-29,SR_SR06,subnational_admin,Suriname,SR,Para,,202000,293.59,2587.01,-56.0467491148,4.9900641443,-54.6245727532,5.702995777
2026-08-29,SR_SR06,subnational_admin,Suriname,SR,Para,,202100,282.47,2869.48,-56.0467491148,4.9900641443,-54.6245727532,5.702995777
2026-08-29,SR_SR06,subnational_admin,Suriname,SR,Para,,202200,302.65,3172.13,-56.0467491148,4.9900641443,-54.6245727532,5.702995777
2026-08-29,SR_SR06,subnational_admin,Suriname,SR,Para,,202300,262.95,3435.09,-56.0467491148,4.9900641443,-54.6245727532,5.702995777
2026-08-29,SR_SR06,subnational_admin,Suriname,SR,Para,,202400,134.28,3569.37,-56.0467491148,4.9900641443,-54.6245727532,5.702995777
2026-08-29,SR_SR06,subnational_admin,Suriname,SR,Para,,202501,48.32,3617.69,-56.0467491148,4.9900641443,-54.6245727532,5.702995777
2026-08-29,SR_SR06,subnational_admin,Suriname,SR,Para,,202502,18.24,3635.92,-56.0467491148,4.9900641443,-54.6245727532,5.702995777
2026-08-29,SR_SR06,subnational_admin,Suriname,SR,Para,,202503,78.16,3714.09,-56.0467491148,4.9900641443,-54.6245727532,5.702995777
2026-08-29,SR_SR06,subnational_admin,Suriname,SR,Para,,202504,10.43,3724.51,-56.0467491148,4.9900641443,-54.6245727532,5.702995777
2026-08-29,SR_SR06,subnational_admin,Suriname,SR,Para,,202601,29.15,3753.66,-56.0467491148,4.9900641443,-54.6245727532,5.702995777
2026-08-29,SR_SR06,subnational_admin,Suriname,SR,Para,,202602,45.06,3798.73,-56.0467491148,4.9900641443,-54.6245727532,5.702995777
2026-08-29,SR_SR09,subnational_admin,Suriname,SR,Sipaliwini,,201800,33723.03,33723.03,-58.0865631095,1.831146002,-53.9774932858,5.5580058096
2026-08-29,SR_SR09,subnational_admin,Suriname,SR,Sipaliwini,,201900,4708.73,38431.76,-58.0865631095,1.831146002,-53.9774932858,5.5580058096
2026-08-29,SR_SR09,subnational_admin,Suriname,SR,Sipaliwini,,202000,4804.16,43235.92,-58.0865631095,1.831146002,-53.9774932858,5.5580058096
2026-08-29,SR_SR09,subnational_admin,Suriname,SR,Sipaliwini,,202100,5111.07,48346.98,-58.0865631095,1.831146002,-53.9774932858,5.5580058096
2026-08-29,SR_SR09,subnational_admin,Suriname,SR,Sipaliwini,,202200,5671.77,54018.75,-58.0865631095,1.831146002,-53.9774932858,5.5580058096
2026-08-29,SR_SR09,subnational_admin,Suriname,SR,Sipaliwini,,202300,5025.5,59044.26,-58.0865631095,1.831146002,-53.9774932858,5.5580058096
2026-08-29,SR_SR09,subnational_admin,Suriname,SR,Sipaliwini,,202400,2864.32,61908.57,-58.0865631095,1.831146002,-53.9774932858,5.5580058096
2026-08-29,SR_SR09,subnational_admin,Suriname,SR,Sipaliwini,,202501,2173.37,64081.95,-58.0865631095,1.831146002,-53.9774932858,5.5580058096
2026-08-29,SR_SR09,subnational_admin,Suriname,SR,Sipaliwini,,202502,905.86,64987.81,-58.0865631095,1.831146002,-53.9774932858,5.5580058096
2026-08-29,SR_SR09,subnational_admin,Suriname,SR,Sipaliwini,,202503,1557.69,66545.5,-58.0865631095,1.831146002,-53.9774932858,5.5580058096
2026-08-29,SR_SR09,subnational_admin,Suriname,SR,Sipaliwini,,202504,128.6,66674.1,-58.0865631095,1.831146002,-53.9774932858,5.5580058096
2026-08-29,SR_SR09,subnational_admin,Suriname,SR,Sipaliwini,,202601,221.15,66895.26,-58.0865631095,1.831146002,-53.9774932858,5.5580058096
2026-08-29,SR_SR09,subnational_admin,Suriname,SR,Sipaliwini,,202602,1642.96,68538.22,-58.0865631095,1.831146002,-53.9774932858,5.5580058096
2026-08-29,SR_SR10,subnational_admin,Suriname,SR,Wanica,,201800,0.0,0.0,-55.3572425839,5.6579351425,-55.0788421623,5.9415278439
2026-08-29,SR_SR10,subnational_admin,Suriname,SR,Wanica,,201900,0.0,0.0,-55.3572425839,5.6579351425,-55.0788421623,5.9415278439
2026-08-29,SR_SR10,subnational_admin,Suriname,SR,Wanica,,202000,0.0,0.0,-55.3572425839,5.6579351425,-55.0788421623,5.9415278439
2026-08-29,SR_SR10,subnational_admin,Suriname,SR,Wanica,,202100,0.0,0.0,-55.3572425839,5.6579351425,-55.0788421623,5.9415278439
2026-08-29,SR_SR10,subnational_admin,Suriname,SR,Wanica,,202200,0.0,0.0,-55.3572425839,5.6579351425,-55.0788421623,5.9415278439
2026-08-29,SR_SR10,subnational_admin,Suriname,SR,Wanica,,202300,0.0,0.0,-55.3572425839,5.6579351425,-55.0788421623,5.9415278439
2026-08-29,SR_SR10,subnational_admin,Suriname,SR,Wanica,,202400,0.0,0.0,-55.3572425839,5.6579351425,-55.0788421623,5.9415278439
2026-08-29,SR_SR10,subnational_admin,Suriname,SR,Wanica,,202501,0.0,0.0,-55.3572425839,5.6579351425,-55.0788421623,5.9415278439
2026-08-29,SR_SR10,subnational_admin,Suriname,SR,Wanica,,202502,0.0,0.0,-55.3572425839,5.6579351425,-55.0788421623,5.9415278439
2026-08-29,SR_SR10,subnational_admin,Suriname,SR,Wanica,,202503,0.0,0.0,-55.3572425839,5.6579351425,-55.0788421623,5.9415278439
2026-08-29,SR_SR10,subnational_admin,Suriname,SR,Wanica,,202504,0.0,0.0,-55.3572425839,5.6579351425,-55.0788421623,5.9415278439
2026-08-29,SR_SR10,subnational_admin,Suriname,SR,Wanica,,202601,0.0,0.0,-55.3572425839,5.6579351425,-55.0788421623,5.9415278439
2026-08-29,SR_SR10,subnational_admin,Suriname,SR,Wanica,,202602,22.16,22.16,-55.3572425839,5.6579351425,-55.0788421623,5.9415278439
2026-08-29,VE_VE02,subnational_admin,Venezuela,VE,Amazonas,,201800,1964.7,1964.7,-67.864110736,0.634573855,-63.34945972,6.197393618
2026-08-29,VE_VE02,subnational_admin,Venezuela,VE,Amazonas,,201900,370.17,2334.87,-67.864110736,0.634573855,-63.34945972,6.197393618
2026-08-29,VE_VE02,subnational_admin,Venezuela,VE,Amazonas,,202000,484.02,2818.89,-67.864110736,0.634573855,-63.34945972,6.197393618
2026-08-29,VE_VE02,subnational_admin,Venezuela,VE,Amazonas,,202100,429.03,3247.92,-67.864110736,0.634573855,-63.34945972,6.197393618
2026-08-29,VE_VE02,subnational_admin,Venezuela,VE,Amazonas,,202200,853.01,4100.93,-67.864110736,0.634573855,-63.34945972,6.197393618
2026-08-29,VE_VE02,subnational_admin,Venezuela,VE,Amazonas,,202300,438.8,4539.73,-67.864110736,0.634573855,-63.34945972,6.197393618
2026-08-29,VE_VE02,subnational_admin,Venezuela,VE,Amazonas,,202400,318.42,4858.16,-67.864110736,0.634573855,-63.34945972,6.197393618
2026-08-29,VE_VE02,subnational_admin,Venezuela,VE,Amazonas,,202501,166.12,5024.27,-67.864110736,0.634573855,-63.34945972,6.197393618
2026-08-29,VE_VE02,subnational_admin,Venezuela,VE,Amazonas,,202502,52.99,5077.26,-67.864110736,0.634573855,-63.34945972,6.197393618
2026-08-29,VE_VE02,subnational_admin,Venezuela,VE,Amazonas,,202503,200.22,5277.48,-67.864110736,0.634573855,-63.34945972,6.197393618
2026-08-29,VE_VE02,subnational_admin,Venezuela,VE,Amazonas,,202504,150.35,5427.83,-67.864110736,0.634573855,-63.34945972,6.197393618
2026-08-29,VE_VE02,subnational_admin,Venezuela,VE,Amazonas,,202601,187.13,5614.97,-67.864110736,0.634573855,-63.34945972,6.197393618
2026-08-29,VE_VE02,subnational_admin,Venezuela,VE,Amazonas,,202602,51.62,5666.59,-67.864110736,0.634573855,-63.34945972,6.197393618
2026-08-29,VE_VE07,subnational_admin,Venezuela,VE,Bolívar,,201800,52891.3,52891.3,-67.43995968,3.550454219,-60.272032036,8.443379747
2026-08-29,VE_VE07,subnational_admin,Venezuela,VE,Bolívar,,201900,7114.66,60005.96,-67.43995968,3.550454219,-60.272032036,8.443379747
2026-08-29,VE_VE07,subnational_admin,Venezuela,VE,Bolívar,,202000,5391.55,65397.51,-67.43995968,3.550454219,-60.272032036,8.443379747
2026-08-29,VE_VE07,subnational_admin,Venezuela,VE,Bolívar,,202100,5703.76,71101.27,-67.43995968,3.550454219,-60.272032036,8.443379747
2026-08-29,VE_VE07,subnational_admin,Venezuela,VE,Bolívar,,202200,6034.51,77135.78,-67.43995968,3.550454219,-60.272032036,8.443379747
2026-08-29,VE_VE07,subnational_admin,Venezuela,VE,Bolívar,,202300,6956.62,84092.4,-67.43995968,3.550454219,-60.272032036,8.443379747
2026-08-29,VE_VE07,subnational_admin,Venezuela,VE,Bolívar,,202400,4588.54,88680.94,-67.43995968,3.550454219,-60.272032036,8.443379747
2026-08-29,VE_VE07,subnational_admin,Venezuela,VE,Bolívar,,202501,1543.98,90224.93,-67.43995968,3.550454219,-60.272032036,8.443379747
2026-08-29,VE_VE07,subnational_admin,Venezuela,VE,Bolívar,,202502,2166.61,92391.53,-67.43995968,3.550454219,-60.272032036,8.443379747
2026-08-29,VE_VE07,subnational_admin,Venezuela,VE,Bolívar,,202503,1047.51,93439.04,-67.43995968,3.550454219,-60.272032036,8.443379747
2026-08-29,VE_VE07,subnational_admin,Venezuela,VE,Bolívar,,202504,327.16,93766.2,-67.43995968,3.550454219,-60.272032036,8.443379747
2026-08-29,VE_VE07,subnational_admin,Venezuela,VE,Bolívar,,202601,571.94,94338.15,-67.43995968,3.550454219,-60.272032036,8.443379747
2026-08-29,VE_VE07,subnational_admin,Venezuela,VE,Bolívar,,202602,1733.27,96071.42,-67.43995968,3.550454219,-60.272032036,8.443379747
2026-08-29,VE_VE10,subnational_admin,Venezuela,VE,Delta Amacuro,,201800,749.09,749.09,-62.611606765,7.753446217,-59.741104277,10.017995086
2026-08-29,VE_VE10,subnational_admin,Venezuela,VE,Delta Amacuro,,201900,174.19,923.28,-62.611606765,7.753446217,-59.741104277,10.017995086
2026-08-29,VE_VE10,subnational_admin,Venezuela,VE,Delta Amacuro,,202000,116.93,1040.2,-62.611606765,7.753446217,-59.741104277,10.017995086
2026-08-29,VE_VE10,subnational_admin,Venezuela,VE,Delta Amacuro,,202100,122.4,1162.6,-62.611606765,7.753446217,-59.741104277,10.017995086
2026-08-29,VE_VE10,subnational_admin,Venezuela,VE,Delta Amacuro,,202200,70.2,1232.8,-62.611606765,7.753446217,-59.741104277,10.017995086
2026-08-29,VE_VE10,subnational_admin,Venezuela,VE,Delta Amacuro,,202300,60.24,1293.04,-62.611606765,7.753446217,-59.741104277,10.017995086
2026-08-29,VE_VE10,subnational_admin,Venezuela,VE,Delta Amacuro,,202400,18.22,1311.26,-62.611606765,7.753446217,-59.741104277,10.017995086
2026-08-29,VE_VE10,subnational_admin,Venezuela,VE,Delta Amacuro,,202501,2.73,1313.98,-62.611606765,7.753446217,-59.741104277,10.017995086
2026-08-29,VE_VE10,subnational_admin,Venezuela,VE,Delta Amacuro,,202502,0.0,1313.98,-62.611606765,7.753446217,-59.741104277,10.017995086
2026-08-29,VE_VE10,subnational_admin,Venezuela,VE,Delta Amacuro,,202503,65.15,1379.13,-62.611606765,7.753446217,-59.741104277,10.017995086
2026-08-29,VE_VE10,subnational_admin,Venezuela,VE,Delta Amacuro,,202504,0.23,1379.36,-62.611606765,7.753446217,-59.741104277,10.017995086
2026-08-29,VE_VE10,subnational_admin,Venezuela,VE,Delta Amacuro,,202601,0.0,1379.36,-62.611606765,7.753446217,-59.741104277,10.017995086
2026-08-29,VE_VE10,subnational_admin,Venezuela,VE,Delta Amacuro,,202602,38.6,1417.95,-62.611606765,7.753446217,-59.741104277,10.017995086
2026-08-29,BO60001_0,indigenous_territories,Bolivia,BO,Guarayo,TI con reconocimiento oficial,201800,0.0,0.0,-63.978375,-16.254277,-62.478244,-14.603315
2026-08-29,BO60006_0,indigenous_territories,Bolivia,BO,Guarayo,TI con reconocimiento solicitado,201800,321.44,321.44,-63.930086,-16.264286,-62.545672,-14.919772
2026-08-29,BO60001_0,indigenous_territories,Bolivia,BO,Guarayo,TI con reconocimiento oficial,201900,40.48,40.48,-63.978375,-16.254277,-62.478244,-14.603315
2026-08-29,BO60006_0,indigenous_territories,Bolivia,BO,Guarayo,TI con reconocimiento solicitado,201900,27.8,349.24,-63.930086,-16.264286,-62.545672,-14.919772
2026-08-29,BO60001_0,indigenous_territories,Bolivia,BO,Guarayo,TI con reconocimiento oficial,202000,0.0,40.48,-63.978375,-16.254277,-62.478244,-14.603315
2026-08-29,BO60006_0,indigenous_territories,Bolivia,BO,Guarayo,TI con reconocimiento solicitado,202000,68.63,417.87,-63.930086,-16.264286,-62.545672,-14.919772
2026-08-29,BO60001_0,indigenous_territories,Bolivia,BO,Guarayo,TI con reconocimiento oficial,202100,0.0,40.48,-63.978375,-16.254277,-62.478244,-14.603315
2026-08-29,BO60006_0,indigenous_territories,Bolivia,BO,Guarayo,TI con reconocimiento solicitado,202100,8.9,426.77,-63.930086,-16.264286,-62.545672,-14.919772
2026-08-29,BO60001_0,indigenous_territories,Bolivia,BO,Guarayo,TI con reconocimiento oficial,202200,0.0,40.48,-63.978375,-16.254277,-62.478244,-14.603315
2026-08-29,BO60006_0,indigenous_territories,Bolivia,BO,Guarayo,TI con reconocimiento solicitado,202200,6.41,433.18,-63.930086,-16.264286,-62.545672,-14.919772
2026-08-29,BO60001_0,indigenous_territories,Bolivia,BO,Guarayo,TI con reconocimiento oficial,202300,0.0,40.48,-63.978375,-16.254277,-62.478244,-14.603315
2026-08-29,BO60006_0,indigenous_territories,Bolivia,BO,Guarayo,TI con reconocimiento solicitado,202300,74.82,508.0,-63.930086,-16.264286,-62.545672,-14.919772
2026-08-29,BO60001_0,indigenous_territories,Bolivia,BO,Guarayo,TI con reconocimiento oficial,202400,0.0,40.48,-63.978375,-16.254277,-62.478244,-14.603315
2026-08-29,BO60006_0,indigenous_territories,Bolivia,BO,Guarayo,TI con reconocimiento solicitado,202400,29.75,537.75,-63.930086,-16.264286,-62.545672,-14.919772
2026-08-29,BO60001_0,indigenous_territories,Bolivia,BO,Guarayo,TI con reconocimiento oficial,202501,0.0,40.48,-63.978375,-16.254277,-62.478244,-14.603315
2026-08-29,BO60006_0,indigenous_territories,Bolivia,BO,Guarayo,TI con reconocimiento solicitado,202501,0.0,537.75,-63.930086,-16.264286,-62.545672,-14.919772
2026-08-29,BO60001_0,indigenous_territories,Bolivia,BO,Guarayo,TI con reconocimiento oficial,202502,0.0,40.48,-63.978375,-16.254277,-62.478244,-14.603315
2026-08-29,BO60006_0,indigenous_territories,Bolivia,BO,Guarayo,TI con reconocimiento solicitado,202502,2.71,540.46,-63.930086,-16.264286,-62.545672,-14.919772
2026-08-29,BO60001_0,indigenous_territories,Bolivia,BO,Guarayo,TI con reconocimiento oficial,202503,0.0,40.48,-63.978375,-16.254277,-62.478244,-14.603315
2026-08-29,BO60006_0,indigenous_territories,Bolivia,BO,Guarayo,TI con reconocimiento solicitado,202503,0.0,540.46,-63.930086,-16.264286,-62.545672,-14.919772
2026-08-29,BO60001_0,indigenous_territories,Bolivia,BO,Guarayo,TI con reconocimiento oficial,202504,0.0,40.48,-63.978375,-16.254277,-62.478244,-14.603315
2026-08-29,BO60006_0,indigenous_territories,Bolivia,BO,Guarayo,TI con reconocimiento solicitado,202504,0.0,540.46,-63.930086,-16.264286,-62.545672,-14.919772
2026-08-29,BO60001_0,indigenous_territories,Bolivia,BO,Guarayo,TI con reconocimiento oficial,202601,0.0,40.48,-63.978375,-16.254277,-62.478244,-14.603315
2026-08-29,BO60006_0,indigenous_territories,Bolivia,BO,Guarayo,TI con reconocimiento solicitado,202601,0.0,540.46,-63.930086,-16.264286,-62.545672,-14.919772
2026-08-29,BO60001_0,indigenous_territories,Bolivia,BO,Guarayo,TI con reconocimiento oficial,202602,18.62,59.1,-63.978375,-16.254277,-62.478244,-14.603315
2026-08-29,BO60006_0,indigenous_territories,Bolivia,BO,Guarayo,TI con reconocimiento solicitado,202602,17.36,557.81,-63.930086,-16.264286,-62.545672,-14.919772
2026-08-29,BO60034_0,indigenous_territories,Bolivia,BO,Isiboro Secure (TIPNIS),TI con reconocimiento solicitado,201800,0.0,0.0,-65.567291,-16.321775,-65.06805,-15.521677
2026-08-29,BO60034_0,indigenous_territories,Bolivia,BO,Isiboro Secure (TIPNIS),TI con reconocimiento solicitado,201900,0.0,0.0,-65.567291,-16.321775,-65.06805,-15.521677
2026-08-29,BO60034_0,indigenous_territories,Bolivia,BO,Isiboro Secure (TIPNIS),TI con reconocimiento solicitado,202000,0.0,0.0,-65.567291,-16.321775,-65.06805,-15.521677
2026-08-29,BO60034_0,indigenous_territories,Bolivia,BO,Isiboro Secure (TIPNIS),TI con reconocimiento solicitado,202100,0.0,0.0,-65.567291,-16.321775,-65.06805,-15.521677
2026-08-29,BO60034_0,indigenous_territories,Bolivia,BO,Isiboro Secure (TIPNIS),TI con reconocimiento solicitado,202200,9.23,9.23,-65.567291,-16.321775,-65.06805,-15.521677
2026-08-29,BO60034_0,indigenous_territories,Bolivia,BO,Isiboro Secure (TIPNIS),TI con reconocimiento solicitado,202300,8.24,17.47,-65.567291,-16.321775,-65.06805,-15.521677
2026-08-29,BO60034_0,indigenous_territories,Bolivia,BO,Isiboro Secure (TIPNIS),TI con reconocimiento solicitado,202400,0.0,17.47,-65.567291,-16.321775,-65.06805,-15.521677
2026-08-29,BO60034_0,indigenous_territories,Bolivia,BO,Isiboro Secure (TIPNIS),TI con reconocimiento solicitado,202501,0.0,17.47,-65.567291,-16.321775,-65.06805,-15.521677
2026-08-29,BO60034_0,indigenous_territories,Bolivia,BO,Isiboro Secure (TIPNIS),TI con reconocimiento solicitado,202502,0.0,17.47,-65.567291,-16.321775,-65.06805,-15.521677
2026-08-29,BO60034_0,indigenous_territories,Bolivia,BO,Isiboro Secure (TIPNIS),TI con reconocimiento solicitado,202503,0.0,17.47,-65.567291,-16.321775,-65.06805,-15.521677
2026-08-29,BO60034_0,indigenous_territories,Bolivia,BO,Isiboro Secure (TIPNIS),TI con reconocimiento solicitado,202504,0.0,17.47,-65.567291,-16.321775,-65.06805,-15.521677
2026-08-29,BO60034_0,indigenous_territories,Bolivia,BO,Isiboro Secure (TIPNIS),TI con reconocimiento solicitado,202601,0.0,17.47,-65.567291,-16.321775,-65.06805,-15.521677
2026-08-29,BO60034_0,indigenous_territories,Bolivia,BO,Isiboro Secure (TIPNIS),TI con reconocimiento solicitado,202602,0.0,17.47,-65.567291,-16.321775,-65.06805,-15.521677
2026-08-29,BO60068_0,indigenous_territories,Bolivia,BO,Isoso,TI con reconocimiento solicitado,201800,0.0,0.0,-63.221626,-20.33526,-61.716944,-17.970233
2026-08-29,BO60068_0,indigenous_territories,Bolivia,BO,Isoso,TI con reconocimiento solicitado,201900,0.0,0.0,-63.221626,-20.33526,-61.716944,-17.970233
2026-08-29,BO60068_0,indigenous_territories,Bolivia,BO,Isoso,TI con reconocimiento solicitado,202000,0.0,0.0,-63.221626,-20.33526,-61.716944,-17.970233
2026-08-29,BO60068_0,indigenous_territories,Bolivia,BO,Isoso,TI con reconocimiento solicitado,202100,0.0,0.0,-63.221626,-20.33526,-61.716944,-17.970233
2026-08-29,BO60068_0,indigenous_territories,Bolivia,BO,Isoso,TI con reconocimiento solicitado,202200,0.0,0.0,-63.221626,-20.33526,-61.716944,-17.970233
2026-08-29,BO60068_0,indigenous_territories,Bolivia,BO,Isoso,TI con reconocimiento solicitado,202300,0.0,0.0,-63.221626,-20.33526,-61.716944,-17.970233
2026-08-29,BO60068_0,indigenous_territories,Bolivia,BO,Isoso,TI con reconocimiento solicitado,202400,0.0,0.0,-63.221626,-20.33526,-61.716944,-17.970233
2026-08-29,BO60068_0,indigenous_territories,Bolivia,BO,Isoso,TI con reconocimiento solicitado,202501,10.09,10.09,-63.221626,-20.33526,-61.716944,-17.970233
2026-08-29,BO60068_0,indigenous_territories,Bolivia,BO,Isoso,TI con reconocimiento solicitado,202502,0.0,10.09,-63.221626,-20.33526,-61.716944,-17.970233
2026-08-29,BO60068_0,indigenous_territories,Bolivia,BO,Isoso,TI con reconocimiento solicitado,202503,0.0,10.09,-63.221626,-20.33526,-61.716944,-17.970233
2026-08-29,BO60068_0,indigenous_territories,Bolivia,BO,Isoso,TI con reconocimiento solicitado,202504,0.0,10.09,-63.221626,-20.33526,-61.716944,-17.970233
2026-08-29,BO60068_0,indigenous_territories,Bolivia,BO,Isoso,TI con reconocimiento solicitado,202601,0.0,10.09,-63.221626,-20.33526,-61.716944,-17.970233
2026-08-29,BO60068_0,indigenous_territories,Bolivia,BO,Isoso,TI con reconocimiento solicitado,202602,0.0,10.09,-63.221626,-20.33526,-61.716944,-17.970233
2026-08-29,BO60005_0,indigenous_territories,Bolivia,BO,Leco de Apolo,TI con reconocimiento solicitado,201800,106.44,106.44,-68.677551,-15.196684,-67.502075,-14.45459
2026-08-29,BO60005_0,indigenous_territories,Bolivia,BO,Leco de Apolo,TI con reconocimiento solicitado,201900,53.73,160.17,-68.677551,-15.196684,-67.502075,-14.45459
2026-08-29,BO60005_0,indigenous_territories,Bolivia,BO,Leco de Apolo,TI con reconocimiento solicitado,202000,0.0,160.17,-68.677551,-15.196684,-67.502075,-14.45459
2026-08-29,BO60005_0,indigenous_territories,Bolivia,BO,Leco de Apolo,TI con reconocimiento solicitado,202100,0.0,160.17,-68.677551,-15.196684,-67.502075,-14.45459
2026-08-29,BO60005_0,indigenous_territories,Bolivia,BO,Leco de Apolo,TI con reconocimiento solicitado,202200,0.0,160.17,-68.677551,-15.196684,-67.502075,-14.45459
2026-08-29,BO60005_0,indigenous_territories,Bolivia,BO,Leco de Apolo,TI con reconocimiento solicitado,202300,0.0,160.17,-68.677551,-15.196684,-67.502075,-14.45459
2026-08-29,BO60005_0,indigenous_territories,Bolivia,BO,Leco de Apolo,TI con reconocimiento solicitado,202400,0.0,160.17,-68.677551,-15.196684,-67.502075,-14.45459
2026-08-29,BO60005_0,indigenous_territories,Bolivia,BO,Leco de Apolo,TI con reconocimiento solicitado,202501,0.0,160.17,-68.677551,-15.196684,-67.502075,-14.45459
2026-08-29,BO60005_0,indigenous_territories,Bolivia,BO,Leco de Apolo,TI con reconocimiento solicitado,202502,0.0,160.17,-68.677551,-15.196684,-67.502075,-14.45459
2026-08-29,BO60005_0,indigenous_territories,Bolivia,BO,Leco de Apolo,TI con reconocimiento solicitado,202503,0.0,160.17,-68.677551,-15.196684,-67.502075,-14.45459
2026-08-29,BO60005_0,indigenous_territories,Bolivia,BO,Leco de Apolo,TI con reconocimiento solicitado,202504,22.88,183.05,-68.677551,-15.196684,-67.502075,-14.45459
2026-08-29,BO60005_0,indigenous_territories,Bolivia,BO,Leco de Apolo,TI con reconocimiento solicitado,202601,0.0,183.05,-68.677551,-15.196684,-67.502075,-14.45459
2026-08-29,BO60005_0,indigenous_territories,Bolivia,BO,Leco de Apolo,TI con reconocimiento solicitado,202602,0.0,183.05,-68.677551,-15.196684,-67.502075,-14.45459
2026-08-29,BO60011_0,indigenous_territories,Bolivia,BO,Leco de Larecaja,TI con reconocimiento solicitado,201800,262.73,262.73,-67.975228,-15.547583,-67.665421,-15.012344
2026-08-29,BO60012_0,indigenous_territories,Bolivia,BO,Leco de Larecaja,TI con reconocimiento oficial,201800,1140.16,1140.16,-68.210112,-15.549009,-67.723188,-15.109831
2026-08-29,BO60011_0,indigenous_territories,Bolivia,BO,Leco de Larecaja,TI con reconocimiento solicitado,201900,145.24,407.98,-67.975228,-15.547583,-67.665421,-15.012344
2026-08-29,BO60012_0,indigenous_territories,Bolivia,BO,Leco de Larecaja,TI con reconocimiento oficial,201900,177.38,1317.54,-68.210112,-15.549009,-67.723188,-15.109831
2026-08-29,BO60011_0,indigenous_territories,Bolivia,BO,Leco de Larecaja,TI con reconocimiento solicitado,202000,133.26,541.24,-67.975228,-15.547583,-67.665421,-15.012344
2026-08-29,BO60012_0,indigenous_territories,Bolivia,BO,Leco de Larecaja,TI con reconocimiento oficial,202000,327.67,1645.21,-68.210112,-15.549009,-67.723188,-15.109831
2026-08-29,BO60011_0,indigenous_territories,Bolivia,BO,Leco de Larecaja,TI con reconocimiento solicitado,202100,153.19,694.42,-67.975228,-15.547583,-67.665421,-15.012344
2026-08-29,BO60012_0,indigenous_territories,Bolivia,BO,Leco de Larecaja,TI con reconocimiento oficial,202100,187.58,1832.78,-68.210112,-15.549009,-67.723188,-15.109831
2026-08-29,BO60011_0,indigenous_territories,Bolivia,BO,Leco de Larecaja,TI con reconocimiento solicitado,202200,200.74,895.17,-67.975228,-15.547583,-67.665421,-15.012344
2026-08-29,BO60012_0,indigenous_territories,Bolivia,BO,Leco de Larecaja,TI con reconocimiento oficial,202200,173.82,2006.6,-68.210112,-15.549009,-67.723188,-15.109831
2026-08-29,BO60011_0,indigenous_territories,Bolivia,BO,Leco de Larecaja,TI con reconocimiento solicitado,202300,87.82,982.98,-67.975228,-15.547583,-67.665421,-15.012344
2026-08-29,BO60012_0,indigenous_territories,Bolivia,BO,Leco de Larecaja,TI con reconocimiento oficial,202300,290.83,2297.43,-68.210112,-15.549009,-67.723188,-15.109831
2026-08-29,BO60011_0,indigenous_territories,Bolivia,BO,Leco de Larecaja,TI con reconocimiento solicitado,202400,27.13,1010.11,-67.975228,-15.547583,-67.665421,-15.012344
2026-08-29,BO60012_0,indigenous_territories,Bolivia,BO,Leco de Larecaja,TI con reconocimiento oficial,202400,36.78,2334.21,-68.210112,-15.549009,-67.723188,-15.109831
2026-08-29,BO60011_0,indigenous_territories,Bolivia,BO,Leco de Larecaja,TI con reconocimiento solicitado,202501,0.0,1010.11,-67.975228,-15.547583,-67.665421,-15.012344
2026-08-29,BO60012_0,indigenous_territories,Bolivia,BO,Leco de Larecaja,TI con reconocimiento oficial,202501,0.0,2334.21,-68.210112,-15.549009,-67.723188,-15.109831
2026-08-29,BO60011_0,indigenous_territories,Bolivia,BO,Leco de Larecaja,TI con reconocimiento solicitado,202502,0.0,1010.11,-67.975228,-15.547583,-67.665421,-15.012344
2026-08-29,BO60012_0,indigenous_territories,Bolivia,BO,Leco de Larecaja,TI con reconocimiento oficial,202502,0.0,2334.21,-68.210112,-15.549009,-67.723188,-15.109831
2026-08-29,BO60011_0,indigenous_territories,Bolivia,BO,Leco de Larecaja,TI con reconocimiento solicitado,202503,20.77,1030.88,-67.975228,-15.547583,-67.665421,-15.012344
2026-08-29,BO60012_0,indigenous_territories,Bolivia,BO,Leco de Larecaja,TI con reconocimiento oficial,202503,3.32,2337.53,-68.210112,-15.549009,-67.723188,-15.109831
2026-08-29,BO60011_0,indigenous_territories,Bolivia,BO,Leco de Larecaja,TI con reconocimiento solicitado,202504,24.66,1055.54,-67.975228,-15.547583,-67.665421,-15.012344
2026-08-29,BO60012_0,indigenous_territories,Bolivia,BO,Leco de Larecaja,TI con reconocimiento oficial,202504,16.19,2353.72,-68.210112,-15.549009,-67.723188,-15.109831
2026-08-29,BO60011_0,indigenous_territories,Bolivia,BO,Leco de Larecaja,TI con reconocimiento solicitado,202601,0.0,1055.54,-67.975228,-15.547583,-67.665421,-15.012344
2026-08-29,BO60012_0,indigenous_territories,Bolivia,BO,Leco de Larecaja,TI con reconocimiento oficial,202601,0.0,2353.72,-68.210112,-15.549009,-67.723188,-15.109831
2026-08-29,BO60011_0,indigenous_territories,Bolivia,BO,Leco de Larecaja,TI con reconocimiento solicitado,202602,0.0,1055.54,-67.975228,-15.547583,-67.665421,-15.012344
2026-08-29,BO60012_0,indigenous_territories,Bolivia,BO,Leco de Larecaja,TI con reconocimiento oficial,202602,0.0,2353.72,-68.210112,-15.549009,-67.723188,-15.109831
2026-08-29,BO60003_0,indigenous_territories,Bolivia,BO,Monte Verde,TI con reconocimiento oficial,201800,0.0,0.0,-62.62438,-16.154342,-61.545484,-15.000723
2026-08-29,BO60003_0,indigenous_territories,Bolivia,BO,Monte Verde,TI con reconocimiento oficial,201900,0.0,0.0,-62.62438,-16.154342,-61.545484,-15.000723
2026-08-29,BO60003_0,indigenous_territories,Bolivia,BO,Monte Verde,TI con reconocimiento oficial,202000,0.0,0.0,-62.62438,-16.154342,-61.545484,-15.000723
2026-08-29,BO60003_0,indigenous_territories,Bolivia,BO,Monte Verde,TI con reconocimiento oficial,202100,0.0,0.0,-62.62438,-16.154342,-61.545484,-15.000723
2026-08-29,BO60003_0,indigenous_territories,Bolivia,BO,Monte Verde,TI con reconocimiento oficial,202200,5.81,5.81,-62.62438,-16.154342,-61.545484,-15.000723
2026-08-29,BO60003_0,indigenous_territories,Bolivia,BO,Monte Verde,TI con reconocimiento oficial,202300,6.78,12.6,-62.62438,-16.154342,-61.545484,-15.000723
2026-08-29,BO60003_0,indigenous_territories,Bolivia,BO,Monte Verde,TI con reconocimiento oficial,202400,0.0,12.6,-62.62438,-16.154342,-61.545484,-15.000723
2026-08-29,BO60003_0,indigenous_territories,Bolivia,BO,Monte Verde,TI con reconocimiento oficial,202501,0.0,12.6,-62.62438,-16.154342,-61.545484,-15.000723
2026-08-29,BO60003_0,indigenous_territories,Bolivia,BO,Monte Verde,TI con reconocimiento oficial,202502,0.0,12.6,-62.62438,-16.154342,-61.545484,-15.000723
2026-08-29,BO60003_0,indigenous_territories,Bolivia,BO,Monte Verde,TI con reconocimiento oficial,202503,0.0,12.6,-62.62438,-16.154342,-61.545484,-15.000723
2026-08-29,BO60003_0,indigenous_territories,Bolivia,BO,Monte Verde,TI con reconocimiento oficial,202504,0.0,12.6,-62.62438,-16.154342,-61.545484,-15.000723
2026-08-29,BO60003_0,indigenous_territories,Bolivia,BO,Monte Verde,TI con reconocimiento oficial,202601,0.0,12.6,-62.62438,-16.154342,-61.545484,-15.000723
2026-08-29,BO60003_0,indigenous_territories,Bolivia,BO,Monte Verde,TI con reconocimiento oficial,202602,0.0,12.6,-62.62438,-16.154342,-61.545484,-15.000723
2026-08-29,BO60027_0,indigenous_territories,Bolivia,BO,Pilon Lajas,TI con reconocimiento oficial,201800,0.46,0.46,-67.691719,-15.44993,-67.032328,-14.453125
2026-08-29,BO60027_0,indigenous_territories,Bolivia,BO,Pilon Lajas,TI con reconocimiento oficial,201900,0.82,1.28,-67.691719,-15.44993,-67.032328,-14.453125
2026-08-29,BO60027_0,indigenous_territories,Bolivia,BO,Pilon Lajas,TI con reconocimiento oficial,202000,0.0,1.28,-67.691719,-15.44993,-67.032328,-14.453125
2026-08-29,BO60027_0,indigenous_territories,Bolivia,BO,Pilon Lajas,TI con reconocimiento oficial,202100,0.0,1.28,-67.691719,-15.44993,-67.032328,-14.453125
2026-08-29,BO60027_0,indigenous_territories,Bolivia,BO,Pilon Lajas,TI con reconocimiento oficial,202200,0.0,1.28,-67.691719,-15.44993,-67.032328,-14.453125
2026-08-29,BO60027_0,indigenous_territories,Bolivia,BO,Pilon Lajas,TI con reconocimiento oficial,202300,0.0,1.28,-67.691719,-15.44993,-67.032328,-14.453125
2026-08-29,BO60027_0,indigenous_territories,Bolivia,BO,Pilon Lajas,TI con reconocimiento oficial,202400,0.0,1.28,-67.691719,-15.44993,-67.032328,-14.453125
2026-08-29,BO60027_0,indigenous_territories,Bolivia,BO,Pilon Lajas,TI con reconocimiento oficial,202501,0.0,1.28,-67.691719,-15.44993,-67.032328,-14.453125
2026-08-29,BO60027_0,indigenous_territories,Bolivia,BO,Pilon Lajas,TI con reconocimiento oficial,202502,0.0,1.28,-67.691719,-15.44993,-67.032328,-14.453125
2026-08-29,BO60027_0,indigenous_territories,Bolivia,BO,Pilon Lajas,TI con reconocimiento oficial,202503,0.0,1.28,-67.691719,-15.44993,-67.032328,-14.453125
2026-08-29,BO60027_0,indigenous_territories,Bolivia,BO,Pilon Lajas,TI con reconocimiento oficial,202504,0.0,1.28,-67.691719,-15.44993,-67.032328,-14.453125
2026-08-29,BO60027_0,indigenous_territories,Bolivia,BO,Pilon Lajas,TI con reconocimiento oficial,202601,0.0,1.28,-67.691719,-15.44993,-67.032328,-14.453125
2026-08-29,BO60027_0,indigenous_territories,Bolivia,BO,Pilon Lajas,TI con reconocimiento oficial,202602,0.0,1.28,-67.691719,-15.44993,-67.032328,-14.453125
2026-08-29,BO60008_0,indigenous_territories,Bolivia,BO,Takana II,TI con reconocimiento solicitado,201800,0.0,0.0,-68.740928,-12.853161,-67.911785,-11.928802
2026-08-29,BO60008_0,indigenous_territories,Bolivia,BO,Takana II,TI con reconocimiento solicitado,201900,0.0,0.0,-68.740928,-12.853161,-67.911785,-11.928802
2026-08-29,BO60008_0,indigenous_territories,Bolivia,BO,Takana II,TI con reconocimiento solicitado,202000,0.0,0.0,-68.740928,-12.853161,-67.911785,-11.928802
2026-08-29,BO60008_0,indigenous_territories,Bolivia,BO,Takana II,TI con reconocimiento solicitado,202100,0.0,0.0,-68.740928,-12.853161,-67.911785,-11.928802
2026-08-29,BO60008_0,indigenous_territories,Bolivia,BO,Takana II,TI con reconocimiento solicitado,202200,0.0,0.0,-68.740928,-12.853161,-67.911785,-11.928802
2026-08-29,BO60008_0,indigenous_territories,Bolivia,BO,Takana II,TI con reconocimiento solicitado,202300,0.0,0.0,-68.740928,-12.853161,-67.911785,-11.928802
2026-08-29,BO60008_0,indigenous_territories,Bolivia,BO,Takana II,TI con reconocimiento solicitado,202400,11.47,11.47,-68.740928,-12.853161,-67.911785,-11.928802
2026-08-29,BO60008_0,indigenous_territories,Bolivia,BO,Takana II,TI con reconocimiento solicitado,202501,0.0,11.47,-68.740928,-12.853161,-67.911785,-11.928802
2026-08-29,BO60008_0,indigenous_territories,Bolivia,BO,Takana II,TI con reconocimiento solicitado,202502,5.62,17.09,-68.740928,-12.853161,-67.911785,-11.928802
2026-08-29,BO60008_0,indigenous_territories,Bolivia,BO,Takana II,TI con reconocimiento solicitado,202503,0.0,17.09,-68.740928,-12.853161,-67.911785,-11.928802
2026-08-29,BO60008_0,indigenous_territories,Bolivia,BO,Takana II,TI con reconocimiento solicitado,202504,0.0,17.09,-68.740928,-12.853161,-67.911785,-11.928802
2026-08-29,BO60008_0,indigenous_territories,Bolivia,BO,Takana II,TI con reconocimiento solicitado,202601,0.0,17.09,-68.740928,-12.853161,-67.911785,-11.928802
2026-08-29,BO60008_0,indigenous_territories,Bolivia,BO,Takana II,TI con reconocimiento solicitado,202602,0.0,17.09,-68.740928,-12.853161,-67.911785,-11.928802
2026-08-29,BO60010_0,indigenous_territories,Bolivia,BO,Takana III,TI con reconocimiento oficial,201800,0.0,0.0,-67.552092,-14.124496,-67.024044,-13.031778
2026-08-29,BO60010_0,indigenous_territories,Bolivia,BO,Takana III,TI con reconocimiento oficial,201900,0.0,0.0,-67.552092,-14.124496,-67.024044,-13.031778
2026-08-29,BO60010_0,indigenous_territories,Bolivia,BO,Takana III,TI con reconocimiento oficial,202000,0.0,0.0,-67.552092,-14.124496,-67.024044,-13.031778
2026-08-29,BO60010_0,indigenous_territories,Bolivia,BO,Takana III,TI con reconocimiento oficial,202100,0.0,0.0,-67.552092,-14.124496,-67.024044,-13.031778
2026-08-29,BO60010_0,indigenous_territories,Bolivia,BO,Takana III,TI con reconocimiento oficial,202200,0.0,0.0,-67.552092,-14.124496,-67.024044,-13.031778
2026-08-29,BO60010_0,indigenous_territories,Bolivia,BO,Takana III,TI con reconocimiento oficial,202300,0.0,0.0,-67.552092,-14.124496,-67.024044,-13.031778
2026-08-29,BO60010_0,indigenous_territories,Bolivia,BO,Takana III,TI con reconocimiento oficial,202400,0.0,0.0,-67.552092,-14.124496,-67.024044,-13.031778
2026-08-29,BO60010_0,indigenous_territories,Bolivia,BO,Takana III,TI con reconocimiento oficial,202501,0.0,0.0,-67.552092,-14.124496,-67.024044,-13.031778
2026-08-29,BO60010_0,indigenous_territories,Bolivia,BO,Takana III,TI con reconocimiento oficial,202502,0.0,0.0,-67.552092,-14.124496,-67.024044,-13.031778
2026-08-29,BO60010_0,indigenous_territories,Bolivia,BO,Takana III,TI con reconocimiento oficial,202503,21.62,21.62,-67.552092,-14.124496,-67.024044,-13.031778
2026-08-29,BO60010_0,indigenous_territories,Bolivia,BO,Takana III,TI con reconocimiento oficial,202504,0.0,21.62,-67.552092,-14.124496,-67.024044,-13.031778
2026-08-29,BO60010_0,indigenous_territories,Bolivia,BO,Takana III,TI con reconocimiento oficial,202601,0.0,21.62,-67.552092,-14.124496,-67.024044,-13.031778
2026-08-29,BO60010_0,indigenous_territories,Bolivia,BO,Takana III,TI con reconocimiento oficial,202602,0.0,21.62,-67.552092,-14.124496,-67.024044,-13.031778
2026-08-29,BR1101_0,indigenous_territories,Brazil,BR,Alto Rio Negro,Regularizada,201800,0.0,0.0,-70.057454,-1.080353,-67.018225,2.24448
2026-08-29,BR1101_0,indigenous_territories,Brazil,BR,Alto Rio Negro,Regularizada,201900,0.0,0.0,-70.057454,-1.080353,-67.018225,2.24448
2026-08-29,BR1101_0,indigenous_territories,Brazil,BR,Alto Rio Negro,Regularizada,202000,0.0,0.0,-70.057454,-1.080353,-67.018225,2.24448
2026-08-29,BR1101_0,indigenous_territories,Brazil,BR,Alto Rio Negro,Regularizada,202100,0.0,0.0,-70.057454,-1.080353,-67.018225,2.24448
2026-08-29,BR1101_0,indigenous_territories,Brazil,BR,Alto Rio Negro,Regularizada,202200,0.0,0.0,-70.057454,-1.080353,-67.018225,2.24448
2026-08-29,BR1101_0,indigenous_territories,Brazil,BR,Alto Rio Negro,Regularizada,202300,0.0,0.0,-70.057454,-1.080353,-67.018225,2.24448
2026-08-29,BR1101_0,indigenous_territories,Brazil,BR,Alto Rio Negro,Regularizada,202400,10.6,10.6,-70.057454,-1.080353,-67.018225,2.24448
2026-08-29,BR1101_0,indigenous_territories,Brazil,BR,Alto Rio Negro,Regularizada,202501,0.0,10.6,-70.057454,-1.080353,-67.018225,2.24448
2026-08-29,BR1101_0,indigenous_territories,Brazil,BR,Alto Rio Negro,Regularizada,202502,0.0,10.6,-70.057454,-1.080353,-67.018225,2.24448
2026-08-29,BR1101_0,indigenous_territories,Brazil,BR,Alto Rio Negro,Regularizada,202503,0.0,10.6,-70.057454,-1.080353,-67.018225,2.24448
2026-08-29,BR1101_0,indigenous_territories,Brazil,BR,Alto Rio Negro,Regularizada,202504,0.0,10.6,-70.057454,-1.080353,-67.018225,2.24448
2026-08-29,BR1101_0,indigenous_territories,Brazil,BR,Alto Rio Negro,Regularizada,202601,0.0,10.6,-70.057454,-1.080353,-67.018225,2.24448
2026-08-29,BR1101_0,indigenous_territories,Brazil,BR,Alto Rio Negro,Regularizada,202602,0.0,10.6,-70.057454,-1.080353,-67.018225,2.24448
2026-08-29,BR68301_0,indigenous_territories,Brazil,BR,Apiaká do Pontal e Isolados,Delimitada,201800,0.0,0.0,-58.562707,-9.167721,-57.665267,-7.345319
2026-08-29,BR68301_0,indigenous_territories,Brazil,BR,Apiaká do Pontal e Isolados,Delimitada,201900,0.0,0.0,-58.562707,-9.167721,-57.665267,-7.345319
2026-08-29,BR68301_0,indigenous_territories,Brazil,BR,Apiaká do Pontal e Isolados,Delimitada,202000,0.0,0.0,-58.562707,-9.167721,-57.665267,-7.345319
2026-08-29,BR68301_0,indigenous_territories,Brazil,BR,Apiaká do Pontal e Isolados,Delimitada,202100,0.0,0.0,-58.562707,-9.167721,-57.665267,-7.345319
2026-08-29,BR68301_0,indigenous_territories,Brazil,BR,Apiaká do Pontal e Isolados,Delimitada,202200,12.7,12.7,-58.562707,-9.167721,-57.665267,-7.345319
2026-08-29,BR68301_0,indigenous_territories,Brazil,BR,Apiaká do Pontal e Isolados,Delimitada,202300,0.66,13.36,-58.562707,-9.167721,-57.665267,-7.345319
2026-08-29,BR68301_0,indigenous_territories,Brazil,BR,Apiaká do Pontal e Isolados,Delimitada,202400,0.0,13.36,-58.562707,-9.167721,-57.665267,-7.345319
2026-08-29,BR68301_0,indigenous_territories,Brazil,BR,Apiaká do Pontal e Isolados,Delimitada,202501,0.0,13.36,-58.562707,-9.167721,-57.665267,-7.345319
2026-08-29,BR68301_0,indigenous_territories,Brazil,BR,Apiaká do Pontal e Isolados,Delimitada,202502,0.0,13.36,-58.562707,-9.167721,-57.665267,-7.345319
2026-08-29,BR68301_0,indigenous_territories,Brazil,BR,Apiaká do Pontal e Isolados,Delimitada,202503,0.0,13.36,-58.562707,-9.167721,-57.665267,-7.345319
2026-08-29,BR68301_0,indigenous_territories,Brazil,BR,Apiaká do Pontal e Isolados,Delimitada,202504,0.0,13.36,-58.562707,-9.167721,-57.665267,-7.345319
2026-08-29,BR68301_0,indigenous_territories,Brazil,BR,Apiaká do Pontal e Isolados,Delimitada,202601,0.0,13.36,-58.562707,-9.167721,-57.665267,-7.345319
2026-08-29,BR68301_0,indigenous_territories,Brazil,BR,Apiaká do Pontal e Isolados,Delimitada,202602,0.0,13.36,-58.562707,-9.167721,-57.665267,-7.345319
2026-08-29,BR3002_0,indigenous_territories,Brazil,BR,Apyterewa,Regularizada,201800,8.95,8.95,-52.689576,-6.032251,-51.381167,-5.229535
2026-08-29,BR3002_0,indigenous_territories,Brazil,BR,Apyterewa,Regularizada,201900,190.62,199.57,-52.689576,-6.032251,-51.381167,-5.229535
2026-08-29,BR3002_0,indigenous_territories,Brazil,BR,Apyterewa,Regularizada,202000,294.27,493.84,-52.689576,-6.032251,-51.381167,-5.229535
2026-08-29,BR3002_0,indigenous_territories,Brazil,BR,Apyterewa,Regularizada,202100,77.82,571.66,-52.689576,-6.032251,-51.381167,-5.229535
2026-08-29,BR3002_0,indigenous_territories,Brazil,BR,Apyterewa,Regularizada,202200,15.58,587.23,-52.689576,-6.032251,-51.381167,-5.229535
2026-08-29,BR3002_0,indigenous_territories,Brazil,BR,Apyterewa,Regularizada,202300,17.22,604.46,-52.689576,-6.032251,-51.381167,-5.229535
2026-08-29,BR3002_0,indigenous_territories,Brazil,BR,Apyterewa,Regularizada,202400,1.75,606.2,-52.689576,-6.032251,-51.381167,-5.229535
2026-08-29,BR3002_0,indigenous_territories,Brazil,BR,Apyterewa,Regularizada,202501,0.0,606.2,-52.689576,-6.032251,-51.381167,-5.229535
2026-08-29,BR3002_0,indigenous_territories,Brazil,BR,Apyterewa,Regularizada,202502,0.0,606.2,-52.689576,-6.032251,-51.381167,-5.229535
2026-08-29,BR3002_0,indigenous_territories,Brazil,BR,Apyterewa,Regularizada,202503,0.0,606.2,-52.689576,-6.032251,-51.381167,-5.229535
2026-08-29,BR3002_0,indigenous_territories,Brazil,BR,Apyterewa,Regularizada,202504,0.0,606.2,-52.689576,-6.032251,-51.381167,-5.229535
2026-08-29,BR3002_0,indigenous_territories,Brazil,BR,Apyterewa,Regularizada,202601,0.0,606.2,-52.689576,-6.032251,-51.381167,-5.229535
2026-08-29,BR3002_0,indigenous_territories,Brazil,BR,Apyterewa,Regularizada,202602,0.0,606.2,-52.689576,-6.032251,-51.381167,-5.229535
2026-08-29,BR4201_0,indigenous_territories,Brazil,BR,Aripuanã,Regularizada,201800,59.58,59.58,-60.463756,-11.130174,-59.466489,-10.000394
2026-08-29,BR4201_0,indigenous_territories,Brazil,BR,Aripuanã,Regularizada,201900,1.83,61.41,-60.463756,-11.130174,-59.466489,-10.000394
2026-08-29,BR4201_0,indigenous_territories,Brazil,BR,Aripuanã,Regularizada,202000,94.1,155.51,-60.463756,-11.130174,-59.466489,-10.000394
2026-08-29,BR4201_0,indigenous_territories,Brazil,BR,Aripuanã,Regularizada,202100,36.23,191.74,-60.463756,-11.130174,-59.466489,-10.000394
2026-08-29,BR4201_0,indigenous_territories,Brazil,BR,Aripuanã,Regularizada,202200,22.52,214.26,-60.463756,-11.130174,-59.466489,-10.000394
2026-08-29,BR4201_0,indigenous_territories,Brazil,BR,Aripuanã,Regularizada,202300,7.59,221.85,-60.463756,-11.130174,-59.466489,-10.000394
2026-08-29,BR4201_0,indigenous_territories,Brazil,BR,Aripuanã,Regularizada,202400,179.21,401.06,-60.463756,-11.130174,-59.466489,-10.000394
2026-08-29,BR4201_0,indigenous_territories,Brazil,BR,Aripuanã,Regularizada,202501,57.07,458.13,-60.463756,-11.130174,-59.466489,-10.000394
2026-08-29,BR4201_0,indigenous_territories,Brazil,BR,Aripuanã,Regularizada,202502,82.31,540.44,-60.463756,-11.130174,-59.466489,-10.000394
2026-08-29,BR4201_0,indigenous_territories,Brazil,BR,Aripuanã,Regularizada,202503,234.19,774.63,-60.463756,-11.130174,-59.466489,-10.000394
2026-08-29,BR4201_0,indigenous_territories,Brazil,BR,Aripuanã,Regularizada,202504,168.11,942.74,-60.463756,-11.130174,-59.466489,-10.000394
2026-08-29,BR4201_0,indigenous_territories,Brazil,BR,Aripuanã,Regularizada,202601,75.57,1018.31,-60.463756,-11.130174,-59.466489,-10.000394
2026-08-29,BR4201_0,indigenous_territories,Brazil,BR,Aripuanã,Regularizada,202602,72.99,1091.3,-60.463756,-11.130174,-59.466489,-10.000394
2026-08-29,BR6101_0,indigenous_territories,Brazil,BR,Baú,Regularizada,201800,53.06,53.06,-55.05774,-8.183391,-53.865167,-6.422385
2026-08-29,BR6101_0,indigenous_territories,Brazil,BR,Baú,Regularizada,201900,90.74,143.81,-55.05774,-8.183391,-53.865167,-6.422385
2026-08-29,BR6101_0,indigenous_territories,Brazil,BR,Baú,Regularizada,202000,97.0,240.81,-55.05774,-8.183391,-53.865167,-6.422385
2026-08-29,BR6101_0,indigenous_territories,Brazil,BR,Baú,Regularizada,202100,24.03,264.84,-55.05774,-8.183391,-53.865167,-6.422385
2026-08-29,BR6101_0,indigenous_territories,Brazil,BR,Baú,Regularizada,202200,51.41,316.25,-55.05774,-8.183391,-53.865167,-6.422385
2026-08-29,BR6101_0,indigenous_territories,Brazil,BR,Baú,Regularizada,202300,3.63,319.88,-55.05774,-8.183391,-53.865167,-6.422385
2026-08-29,BR6101_0,indigenous_territories,Brazil,BR,Baú,Regularizada,202400,7.46,327.34,-55.05774,-8.183391,-53.865167,-6.422385
2026-08-29,BR6101_0,indigenous_territories,Brazil,BR,Baú,Regularizada,202501,0.0,327.34,-55.05774,-8.183391,-53.865167,-6.422385
2026-08-29,BR6101_0,indigenous_territories,Brazil,BR,Baú,Regularizada,202502,4.99,332.33,-55.05774,-8.183391,-53.865167,-6.422385
2026-08-29,BR6101_0,indigenous_territories,Brazil,BR,Baú,Regularizada,202503,0.0,332.33,-55.05774,-8.183391,-53.865167,-6.422385
2026-08-29,BR6101_0,indigenous_territories,Brazil,BR,Baú,Regularizada,202504,0.0,332.33,-55.05774,-8.183391,-53.865167,-6.422385
2026-08-29,BR6101_0,indigenous_territories,Brazil,BR,Baú,Regularizada,202601,0.0,332.33,-55.05774,-8.183391,-53.865167,-6.422385
2026-08-29,BR6101_0,indigenous_territories,Brazil,BR,Baú,Regularizada,202602,0.0,332.33,-55.05774,-8.183391,-53.865167,-6.422385
2026-08-29,BR7601_0,indigenous_territories,Brazil,BR,Cachoeira Seca,Regularizada,201800,0.0,0.0,-54.826986,-4.774219,-53.259386,-3.908334
2026-08-29,BR7601_0,indigenous_territories,Brazil,BR,Cachoeira Seca,Regularizada,201900,0.0,0.0,-54.826986,-4.774219,-53.259386,-3.908334
2026-08-29,BR7601_0,indigenous_territories,Brazil,BR,Cachoeira Seca,Regularizada,202000,0.0,0.0,-54.826986,-4.774219,-53.259386,-3.908334
2026-08-29,BR7601_0,indigenous_territories,Brazil,BR,Cachoeira Seca,Regularizada,202100,0.0,0.0,-54.826986,-4.774219,-53.259386,-3.908334
2026-08-29,BR7601_0,indigenous_territories,Brazil,BR,Cachoeira Seca,Regularizada,202200,0.0,0.0,-54.826986,-4.774219,-53.259386,-3.908334
2026-08-29,BR7601_0,indigenous_territories,Brazil,BR,Cachoeira Seca,Regularizada,202300,0.58,0.58,-54.826986,-4.774219,-53.259386,-3.908334
2026-08-29,BR7601_0,indigenous_territories,Brazil,BR,Cachoeira Seca,Regularizada,202400,0.0,0.58,-54.826986,-4.774219,-53.259386,-3.908334
2026-08-29,BR7601_0,indigenous_territories,Brazil,BR,Cachoeira Seca,Regularizada,202501,0.0,0.58,-54.826986,-4.774219,-53.259386,-3.908334
2026-08-29,BR7601_0,indigenous_territories,Brazil,BR,Cachoeira Seca,Regularizada,202502,0.0,0.58,-54.826986,-4.774219,-53.259386,-3.908334
2026-08-29,BR7601_0,indigenous_territories,Brazil,BR,Cachoeira Seca,Regularizada,202503,0.0,0.58,-54.826986,-4.774219,-53.259386,-3.908334
2026-08-29,BR7601_0,indigenous_territories,Brazil,BR,Cachoeira Seca,Regularizada,202504,0.0,0.58,-54.826986,-4.774219,-53.259386,-3.908334
2026-08-29,BR7601_0,indigenous_territories,Brazil,BR,Cachoeira Seca,Regularizada,202601,0.0,0.58,-54.826986,-4.774219,-53.259386,-3.908334
2026-08-29,BR7601_0,indigenous_territories,Brazil,BR,Cachoeira Seca,Regularizada,202602,0.0,0.58,-54.826986,-4.774219,-53.259386,-3.908334
2026-08-29,BR11201_0,indigenous_territories,Brazil,BR,Enawenê-Nawê,Regularizada,201800,16.41,16.41,-59.938092,-12.683872,-58.449119,-11.68675
2026-08-29,BR11201_0,indigenous_territories,Brazil,BR,Enawenê-Nawê,Regularizada,201900,0.51,16.92,-59.938092,-12.683872,-58.449119,-11.68675
2026-08-29,BR11201_0,indigenous_territories,Brazil,BR,Enawenê-Nawê,Regularizada,202000,0.2,17.12,-59.938092,-12.683872,-58.449119,-11.68675
2026-08-29,BR11201_0,indigenous_territories,Brazil,BR,Enawenê-Nawê,Regularizada,202100,0.0,17.12,-59.938092,-12.683872,-58.449119,-11.68675
2026-08-29,BR11201_0,indigenous_territories,Brazil,BR,Enawenê-Nawê,Regularizada,202200,0.07,17.19,-59.938092,-12.683872,-58.449119,-11.68675
2026-08-29,BR11201_0,indigenous_territories,Brazil,BR,Enawenê-Nawê,Regularizada,202300,0.14,17.33,-59.938092,-12.683872,-58.449119,-11.68675
2026-08-29,BR11201_0,indigenous_territories,Brazil,BR,Enawenê-Nawê,Regularizada,202400,0.01,17.34,-59.938092,-12.683872,-58.449119,-11.68675
2026-08-29,BR11201_0,indigenous_territories,Brazil,BR,Enawenê-Nawê,Regularizada,202501,0.0,17.34,-59.938092,-12.683872,-58.449119,-11.68675
2026-08-29,BR11201_0,indigenous_territories,Brazil,BR,Enawenê-Nawê,Regularizada,202502,0.0,17.34,-59.938092,-12.683872,-58.449119,-11.68675
2026-08-29,BR11201_0,indigenous_territories,Brazil,BR,Enawenê-Nawê,Regularizada,202503,0.0,17.34,-59.938092,-12.683872,-58.449119,-11.68675
2026-08-29,BR11201_0,indigenous_territories,Brazil,BR,Enawenê-Nawê,Regularizada,202504,0.0,17.34,-59.938092,-12.683872,-58.449119,-11.68675
2026-08-29,BR11201_0,indigenous_territories,Brazil,BR,Enawenê-Nawê,Regularizada,202601,0.0,17.34,-59.938092,-12.683872,-58.449119,-11.68675
2026-08-29,BR11201_0,indigenous_territories,Brazil,BR,Enawenê-Nawê,Regularizada,202602,0.0,17.34,-59.938092,-12.683872,-58.449119,-11.68675
2026-08-29,BR23001_0,indigenous_territories,Brazil,BR,Kayapó,Regularizada,201800,8584.76,8584.76,-53.130418,-8.692894,-50.833476,-6.878509
2026-08-29,BR23001_0,indigenous_territories,Brazil,BR,Kayapó,Regularizada,201900,2381.25,10966.01,-53.130418,-8.692894,-50.833476,-6.878509
2026-08-29,BR23001_0,indigenous_territories,Brazil,BR,Kayapó,Regularizada,202000,2357.56,13323.57,-53.130418,-8.692894,-50.833476,-6.878509
2026-08-29,BR23001_0,indigenous_territories,Brazil,BR,Kayapó,Regularizada,202100,2843.16,16166.72,-53.130418,-8.692894,-50.833476,-6.878509
2026-08-29,BR23001_0,indigenous_territories,Brazil,BR,Kayapó,Regularizada,202200,1647.0,17813.72,-53.130418,-8.692894,-50.833476,-6.878509
2026-08-29,BR23001_0,indigenous_territories,Brazil,BR,Kayapó,Regularizada,202300,1352.01,19165.73,-53.130418,-8.692894,-50.833476,-6.878509
2026-08-29,BR23001_0,indigenous_territories,Brazil,BR,Kayapó,Regularizada,202400,938.89,20104.62,-53.130418,-8.692894,-50.833476,-6.878509
2026-08-29,BR23001_0,indigenous_territories,Brazil,BR,Kayapó,Regularizada,202501,361.86,20466.48,-53.130418,-8.692894,-50.833476,-6.878509
2026-08-29,BR23001_0,indigenous_territories,Brazil,BR,Kayapó,Regularizada,202502,422.11,20888.59,-53.130418,-8.692894,-50.833476,-6.878509
2026-08-29,BR23001_0,indigenous_territories,Brazil,BR,Kayapó,Regularizada,202503,77.57,20966.16,-53.130418,-8.692894,-50.833476,-6.878509
2026-08-29,BR23001_0,indigenous_territories,Brazil,BR,Kayapó,Regularizada,202504,10.5,20976.66,-53.130418,-8.692894,-50.833476,-6.878509
2026-08-29,BR23001_0,indigenous_territories,Brazil,BR,Kayapó,Regularizada,202601,0.0,20976.66,-53.130418,-8.692894,-50.833476,-6.878509
2026-08-29,BR23001_0,indigenous_territories,Brazil,BR,Kayapó,Regularizada,202602,284.35,21261.0,-53.130418,-8.692894,-50.833476,-6.878509
2026-08-29,BR38902_0,indigenous_territories,Brazil,BR,Kuruáya,Regularizada,201800,12.93,12.93,-54.796755,-6.040487,-54.374455,-5.43292
2026-08-29,BR38902_0,indigenous_territories,Brazil,BR,Kuruáya,Regularizada,201900,30.71,43.64,-54.796755,-6.040487,-54.374455,-5.43292
2026-08-29,BR38902_0,indigenous_territories,Brazil,BR,Kuruáya,Regularizada,202000,4.09,47.73,-54.796755,-6.040487,-54.374455,-5.43292
2026-08-29,BR38902_0,indigenous_territories,Brazil,BR,Kuruáya,Regularizada,202100,25.54,73.27,-54.796755,-6.040487,-54.374455,-5.43292
2026-08-29,BR38902_0,indigenous_territories,Brazil,BR,Kuruáya,Regularizada,202200,3.28,76.55,-54.796755,-6.040487,-54.374455,-5.43292
2026-08-29,BR38902_0,indigenous_territories,Brazil,BR,Kuruáya,Regularizada,202300,14.2,90.75,-54.796755,-6.040487,-54.374455,-5.43292
2026-08-29,BR38902_0,indigenous_territories,Brazil,BR,Kuruáya,Regularizada,202400,28.04,118.79,-54.796755,-6.040487,-54.374455,-5.43292
2026-08-29,BR38902_0,indigenous_territories,Brazil,BR,Kuruáya,Regularizada,202501,0.0,118.79,-54.796755,-6.040487,-54.374455,-5.43292
2026-08-29,BR38902_0,indigenous_territories,Brazil,BR,Kuruáya,Regularizada,202502,28.1,146.89,-54.796755,-6.040487,-54.374455,-5.43292
2026-08-29,BR38902_0,indigenous_territories,Brazil,BR,Kuruáya,Regularizada,202503,14.44,161.33,-54.796755,-6.040487,-54.374455,-5.43292
2026-08-29,BR38902_0,indigenous_territories,Brazil,BR,Kuruáya,Regularizada,202504,0.0,161.33,-54.796755,-6.040487,-54.374455,-5.43292
2026-08-29,BR38902_0,indigenous_territories,Brazil,BR,Kuruáya,Regularizada,202601,0.0,161.33,-54.796755,-6.040487,-54.374455,-5.43292
2026-08-29,BR38902_0,indigenous_territories,Brazil,BR,Kuruáya,Regularizada,202602,24.04,185.37,-54.796755,-6.040487,-54.374455,-5.43292
2026-08-29,BR28701_0,indigenous_territories,Brazil,BR,Menkragnoti,Regularizada,201800,10.8,10.8,-54.685471,-9.843593,-52.003732,-7.167076
2026-08-29,BR28701_0,indigenous_territories,Brazil,BR,Menkragnoti,Regularizada,201900,0.01,10.81,-54.685471,-9.843593,-52.003732,-7.167076
2026-08-29,BR28701_0,indigenous_territories,Brazil,BR,Menkragnoti,Regularizada,202000,0.0,10.81,-54.685471,-9.843593,-52.003732,-7.167076
2026-08-29,BR28701_0,indigenous_territories,Brazil,BR,Menkragnoti,Regularizada,202100,18.14,28.94,-54.685471,-9.843593,-52.003732,-7.167076
2026-08-29,BR28701_0,indigenous_territories,Brazil,BR,Menkragnoti,Regularizada,202200,0.08,29.02,-54.685471,-9.843593,-52.003732,-7.167076
2026-08-29,BR28701_0,indigenous_territories,Brazil,BR,Menkragnoti,Regularizada,202300,0.11,29.13,-54.685471,-9.843593,-52.003732,-7.167076
2026-08-29,BR28701_0,indigenous_territories,Brazil,BR,Menkragnoti,Regularizada,202400,0.0,29.13,-54.685471,-9.843593,-52.003732,-7.167076
2026-08-29,BR28701_0,indigenous_territories,Brazil,BR,Menkragnoti,Regularizada,202501,0.0,29.13,-54.685471,-9.843593,-52.003732,-7.167076
2026-08-29,BR28701_0,indigenous_territories,Brazil,BR,Menkragnoti,Regularizada,202502,0.0,29.13,-54.685471,-9.843593,-52.003732,-7.167076
2026-08-29,BR28701_0,indigenous_territories,Brazil,BR,Menkragnoti,Regularizada,202503,0.0,29.13,-54.685471,-9.843593,-52.003732,-7.167076
2026-08-29,BR28701_0,indigenous_territories,Brazil,BR,Menkragnoti,Regularizada,202504,0.0,29.13,-54.685471,-9.843593,-52.003732,-7.167076
2026-08-29,BR28701_0,indigenous_territories,Brazil,BR,Menkragnoti,Regularizada,202601,0.0,29.13,-54.685471,-9.843593,-52.003732,-7.167076
2026-08-29,BR28701_0,indigenous_territories,Brazil,BR,Menkragnoti,Regularizada,202602,0.0,29.13,-54.685471,-9.843593,-52.003732,-7.167076
2026-08-29,BR29801_0,indigenous_territories,Brazil,BR,Munduruku,Regularizada,201800,2165.94,2165.94,-58.474071,-8.670122,-56.666675,-6.130516
2026-08-29,BR29801_0,indigenous_territories,Brazil,BR,Munduruku,Regularizada,201900,1977.86,4143.8,-58.474071,-8.670122,-56.666675,-6.130516
2026-08-29,BR29801_0,indigenous_territories,Brazil,BR,Munduruku,Regularizada,202000,2225.11,6368.91,-58.474071,-8.670122,-56.666675,-6.130516
2026-08-29,BR29801_0,indigenous_territories,Brazil,BR,Munduruku,Regularizada,202100,1618.97,7987.87,-58.474071,-8.670122,-56.666675,-6.130516
2026-08-29,BR29801_0,indigenous_territories,Brazil,BR,Munduruku,Regularizada,202200,704.54,8692.41,-58.474071,-8.670122,-56.666675,-6.130516
2026-08-29,BR29801_0,indigenous_territories,Brazil,BR,Munduruku,Regularizada,202300,330.02,9022.43,-58.474071,-8.670122,-56.666675,-6.130516
2026-08-29,BR29801_0,indigenous_territories,Brazil,BR,Munduruku,Regularizada,202400,232.5,9254.93,-58.474071,-8.670122,-56.666675,-6.130516
2026-08-29,BR29801_0,indigenous_territories,Brazil,BR,Munduruku,Regularizada,202501,0.0,9254.93,-58.474071,-8.670122,-56.666675,-6.130516
2026-08-29,BR29801_0,indigenous_territories,Brazil,BR,Munduruku,Regularizada,202502,32.89,9287.82,-58.474071,-8.670122,-56.666675,-6.130516
2026-08-29,BR29801_0,indigenous_territories,Brazil,BR,Munduruku,Regularizada,202503,16.42,9304.23,-58.474071,-8.670122,-56.666675,-6.130516
2026-08-29,BR29801_0,indigenous_territories,Brazil,BR,Munduruku,Regularizada,202504,58.57,9362.81,-58.474071,-8.670122,-56.666675,-6.130516
2026-08-29,BR29801_0,indigenous_territories,Brazil,BR,Munduruku,Regularizada,202601,0.0,9362.81,-58.474071,-8.670122,-56.666675,-6.130516
2026-08-29,BR29801_0,indigenous_territories,Brazil,BR,Munduruku,Regularizada,202602,30.78,9393.59,-58.474071,-8.670122,-56.666675,-6.130516
2026-08-29,BR33601_0,indigenous_territories,Brazil,BR,Parque do Aripuanã,Regularizada,201800,203.46,203.46,-60.537376,-12.600932,-59.216156,-10.720203
2026-08-29,BR33601_0,indigenous_territories,Brazil,BR,Parque do Aripuanã,Regularizada,201900,54.72,258.17,-60.537376,-12.600932,-59.216156,-10.720203
2026-08-29,BR33601_0,indigenous_territories,Brazil,BR,Parque do Aripuanã,Regularizada,202000,42.26,300.43,-60.537376,-12.600932,-59.216156,-10.720203
2026-08-29,BR33601_0,indigenous_territories,Brazil,BR,Parque do Aripuanã,Regularizada,202100,10.41,310.84,-60.537376,-12.600932,-59.216156,-10.720203
2026-08-29,BR33601_0,indigenous_territories,Brazil,BR,Parque do Aripuanã,Regularizada,202200,26.85,337.69,-60.537376,-12.600932,-59.216156,-10.720203
2026-08-29,BR33601_0,indigenous_territories,Brazil,BR,Parque do Aripuanã,Regularizada,202300,4.09,341.78,-60.537376,-12.600932,-59.216156,-10.720203
2026-08-29,BR33601_0,indigenous_territories,Brazil,BR,Parque do Aripuanã,Regularizada,202400,2.28,344.06,-60.537376,-12.600932,-59.216156,-10.720203
2026-08-29,BR33601_0,indigenous_territories,Brazil,BR,Parque do Aripuanã,Regularizada,202501,0.0,344.06,-60.537376,-12.600932,-59.216156,-10.720203
2026-08-29,BR33601_0,indigenous_territories,Brazil,BR,Parque do Aripuanã,Regularizada,202502,4.84,348.9,-60.537376,-12.600932,-59.216156,-10.720203
2026-08-29,BR33601_0,indigenous_territories,Brazil,BR,Parque do Aripuanã,Regularizada,202503,0.0,348.9,-60.537376,-12.600932,-59.216156,-10.720203
2026-08-29,BR33601_0,indigenous_territories,Brazil,BR,Parque do Aripuanã,Regularizada,202504,12.24,361.13,-60.537376,-12.600932,-59.216156,-10.720203
2026-08-29,BR33601_0,indigenous_territories,Brazil,BR,Parque do Aripuanã,Regularizada,202601,0.0,361.13,-60.537376,-12.600932,-59.216156,-10.720203
2026-08-29,BR33601_0,indigenous_territories,Brazil,BR,Parque do Aripuanã,Regularizada,202602,0.0,361.13,-60.537376,-12.600932,-59.216156,-10.720203
2026-08-29,BR34101_0,indigenous_territories,Brazil,BR,Paukalirajausu,Delimitada,201800,16.4,16.4,-59.697827,-14.853736,-59.591142,-14.676717
2026-08-29,BR34101_0,indigenous_territories,Brazil,BR,Paukalirajausu,Delimitada,201900,1.19,17.58,-59.697827,-14.853736,-59.591142,-14.676717
2026-08-29,BR34101_0,indigenous_territories,Brazil,BR,Paukalirajausu,Delimitada,202000,4.58,22.17,-59.697827,-14.853736,-59.591142,-14.676717
2026-08-29,BR34101_0,indigenous_territories,Brazil,BR,Paukalirajausu,Delimitada,202100,0.0,22.17,-59.697827,-14.853736,-59.591142,-14.676717
2026-08-29,BR34101_0,indigenous_territories,Brazil,BR,Paukalirajausu,Delimitada,202200,0.0,22.17,-59.697827,-14.853736,-59.591142,-14.676717
2026-08-29,BR34101_0,indigenous_territories,Brazil,BR,Paukalirajausu,Delimitada,202300,1.23,23.39,-59.697827,-14.853736,-59.591142,-14.676717
2026-08-29,BR34101_0,indigenous_territories,Brazil,BR,Paukalirajausu,Delimitada,202400,42.54,65.93,-59.697827,-14.853736,-59.591142,-14.676717
2026-08-29,BR34101_0,indigenous_territories,Brazil,BR,Paukalirajausu,Delimitada,202501,0.28,66.21,-59.697827,-14.853736,-59.591142,-14.676717
2026-08-29,BR34101_0,indigenous_territories,Brazil,BR,Paukalirajausu,Delimitada,202502,3.66,69.87,-59.697827,-14.853736,-59.591142,-14.676717
2026-08-29,BR34101_0,indigenous_territories,Brazil,BR,Paukalirajausu,Delimitada,202503,0.5,70.37,-59.697827,-14.853736,-59.591142,-14.676717
2026-08-29,BR34101_0,indigenous_territories,Brazil,BR,Paukalirajausu,Delimitada,202504,26.24,96.61,-59.697827,-14.853736,-59.591142,-14.676717
2026-08-29,BR34101_0,indigenous_territories,Brazil,BR,Paukalirajausu,Delimitada,202601,18.82,115.43,-59.697827,-14.853736,-59.591142,-14.676717
2026-08-29,BR34101_0,indigenous_territories,Brazil,BR,Paukalirajausu,Delimitada,202602,0.62,116.05,-59.697827,-14.853736,-59.591142,-14.676717
2026-08-29,BR37901_0,indigenous_territories,Brazil,BR,Raposa Serra do Sol,Regularizada,201800,0.0,0.0,-61.133555,3.373666,-59.51607,5.272125
2026-08-29,BR37901_0,indigenous_territories,Brazil,BR,Raposa Serra do Sol,Regularizada,201900,0.0,0.0,-61.133555,3.373666,-59.51607,5.272125
2026-08-29,BR37901_0,indigenous_territories,Brazil,BR,Raposa Serra do Sol,Regularizada,202000,0.0,0.0,-61.133555,3.373666,-59.51607,5.272125
2026-08-29,BR37901_0,indigenous_territories,Brazil,BR,Raposa Serra do Sol,Regularizada,202100,0.0,0.0,-61.133555,3.373666,-59.51607,5.272125
2026-08-29,BR37901_0,indigenous_territories,Brazil,BR,Raposa Serra do Sol,Regularizada,202200,0.0,0.0,-61.133555,3.373666,-59.51607,5.272125
2026-08-29,BR37901_0,indigenous_territories,Brazil,BR,Raposa Serra do Sol,Regularizada,202300,0.0,0.0,-61.133555,3.373666,-59.51607,5.272125
2026-08-29,BR37901_0,indigenous_territories,Brazil,BR,Raposa Serra do Sol,Regularizada,202400,0.0,0.0,-61.133555,3.373666,-59.51607,5.272125
2026-08-29,BR37901_0,indigenous_territories,Brazil,BR,Raposa Serra do Sol,Regularizada,202501,0.0,0.0,-61.133555,3.373666,-59.51607,5.272125
2026-08-29,BR37901_0,indigenous_territories,Brazil,BR,Raposa Serra do Sol,Regularizada,202502,0.0,0.0,-61.133555,3.373666,-59.51607,5.272125
2026-08-29,BR37901_0,indigenous_territories,Brazil,BR,Raposa Serra do Sol,Regularizada,202503,14.97,14.97,-61.133555,3.373666,-59.51607,5.272125
2026-08-29,BR37901_0,indigenous_territories,Brazil,BR,Raposa Serra do Sol,Regularizada,202504,0.0,14.97,-61.133555,3.373666,-59.51607,5.272125
2026-08-29,BR37901_0,indigenous_territories,Brazil,BR,Raposa Serra do Sol,Regularizada,202601,0.0,14.97,-61.133555,3.373666,-59.51607,5.272125
2026-08-29,BR37901_0,indigenous_territories,Brazil,BR,Raposa Serra do Sol,Regularizada,202602,0.0,14.97,-61.133555,3.373666,-59.51607,5.272125
2026-08-29,BR40201_0,indigenous_territories,Brazil,BR,Rio Paru DEste,Regularizada,201800,0.0,0.0,-55.221295,-0.039962,-53.818669,1.367973
2026-08-29,BR40201_0,indigenous_territories,Brazil,BR,Rio Paru DEste,Regularizada,201900,0.0,0.0,-55.221295,-0.039962,-53.818669,1.367973
2026-08-29,BR40201_0,indigenous_territories,Brazil,BR,Rio Paru DEste,Regularizada,202000,0.0,0.0,-55.221295,-0.039962,-53.818669,1.367973
2026-08-29,BR40201_0,indigenous_territories,Brazil,BR,Rio Paru DEste,Regularizada,202100,0.0,0.0,-55.221295,-0.039962,-53.818669,1.367973
2026-08-29,BR40201_0,indigenous_territories,Brazil,BR,Rio Paru DEste,Regularizada,202200,0.0,0.0,-55.221295,-0.039962,-53.818669,1.367973
2026-08-29,BR40201_0,indigenous_territories,Brazil,BR,Rio Paru DEste,Regularizada,202300,60.6,60.6,-55.221295,-0.039962,-53.818669,1.367973
2026-08-29,BR40201_0,indigenous_territories,Brazil,BR,Rio Paru DEste,Regularizada,202400,3.33,63.93,-55.221295,-0.039962,-53.818669,1.367973
2026-08-29,BR40201_0,indigenous_territories,Brazil,BR,Rio Paru DEste,Regularizada,202501,0.0,63.93,-55.221295,-0.039962,-53.818669,1.367973
2026-08-29,BR40201_0,indigenous_territories,Brazil,BR,Rio Paru DEste,Regularizada,202502,0.0,63.93,-55.221295,-0.039962,-53.818669,1.367973
2026-08-29,BR40201_0,indigenous_territories,Brazil,BR,Rio Paru DEste,Regularizada,202503,0.0,63.93,-55.221295,-0.039962,-53.818669,1.367973
2026-08-29,BR40201_0,indigenous_territories,Brazil,BR,Rio Paru DEste,Regularizada,202504,0.0,63.93,-55.221295,-0.039962,-53.818669,1.367973
2026-08-29,BR40201_0,indigenous_territories,Brazil,BR,Rio Paru DEste,Regularizada,202601,0.0,63.93,-55.221295,-0.039962,-53.818669,1.367973
2026-08-29,BR40201_0,indigenous_territories,Brazil,BR,Rio Paru DEste,Regularizada,202602,0.0,63.93,-55.221295,-0.039962,-53.818669,1.367973
2026-08-29,BR40701_0,indigenous_territories,Brazil,BR,Roosevelt,Regularizada,201800,87.37,87.37,-60.82072,-11.538965,-60.397538,-10.680812
2026-08-29,BR40701_0,indigenous_territories,Brazil,BR,Roosevelt,Regularizada,201900,39.97,127.35,-60.82072,-11.538965,-60.397538,-10.680812
2026-08-29,BR40701_0,indigenous_territories,Brazil,BR,Roosevelt,Regularizada,202000,12.63,139.97,-60.82072,-11.538965,-60.397538,-10.680812
2026-08-29,BR40701_0,indigenous_territories,Brazil,BR,Roosevelt,Regularizada,202100,31.86,171.84,-60.82072,-11.538965,-60.397538,-10.680812
2026-08-29,BR40701_0,indigenous_territories,Brazil,BR,Roosevelt,Regularizada,202200,5.27,177.11,-60.82072,-11.538965,-60.397538,-10.680812
2026-08-29,BR40701_0,indigenous_territories,Brazil,BR,Roosevelt,Regularizada,202300,0.48,177.59,-60.82072,-11.538965,-60.397538,-10.680812
2026-08-29,BR40701_0,indigenous_territories,Brazil,BR,Roosevelt,Regularizada,202400,21.22,198.81,-60.82072,-11.538965,-60.397538,-10.680812
2026-08-29,BR40701_0,indigenous_territories,Brazil,BR,Roosevelt,Regularizada,202501,0.0,198.81,-60.82072,-11.538965,-60.397538,-10.680812
2026-08-29,BR40701_0,indigenous_territories,Brazil,BR,Roosevelt,Regularizada,202502,13.18,211.99,-60.82072,-11.538965,-60.397538,-10.680812
2026-08-29,BR40701_0,indigenous_territories,Brazil,BR,Roosevelt,Regularizada,202503,0.0,211.99,-60.82072,-11.538965,-60.397538,-10.680812
2026-08-29,BR40701_0,indigenous_territories,Brazil,BR,Roosevelt,Regularizada,202504,0.0,211.99,-60.82072,-11.538965,-60.397538,-10.680812
2026-08-29,BR40701_0,indigenous_territories,Brazil,BR,Roosevelt,Regularizada,202601,0.0,211.99,-60.82072,-11.538965,-60.397538,-10.680812
2026-08-29,BR40701_0,indigenous_territories,Brazil,BR,Roosevelt,Regularizada,202602,5.12,217.11,-60.82072,-11.538965,-60.397538,-10.680812
2026-08-29,BR40901_0,indigenous_territories,Brazil,BR,Sai-Cinza,Regularizada,201800,4.76,4.76,-58.28333,-6.67402,-57.702665,-6.218114
2026-08-29,BR40901_0,indigenous_territories,Brazil,BR,Sai-Cinza,Regularizada,201900,0.55,5.31,-58.28333,-6.67402,-57.702665,-6.218114
2026-08-29,BR40901_0,indigenous_territories,Brazil,BR,Sai-Cinza,Regularizada,202000,339.26,344.57,-58.28333,-6.67402,-57.702665,-6.218114
2026-08-29,BR40901_0,indigenous_territories,Brazil,BR,Sai-Cinza,Regularizada,202100,108.82,453.39,-58.28333,-6.67402,-57.702665,-6.218114
2026-08-29,BR40901_0,indigenous_territories,Brazil,BR,Sai-Cinza,Regularizada,202200,22.98,476.37,-58.28333,-6.67402,-57.702665,-6.218114
2026-08-29,BR40901_0,indigenous_territories,Brazil,BR,Sai-Cinza,Regularizada,202300,12.55,488.92,-58.28333,-6.67402,-57.702665,-6.218114
2026-08-29,BR40901_0,indigenous_territories,Brazil,BR,Sai-Cinza,Regularizada,202400,3.81,492.73,-58.28333,-6.67402,-57.702665,-6.218114
2026-08-29,BR40901_0,indigenous_territories,Brazil,BR,Sai-Cinza,Regularizada,202501,0.0,492.73,-58.28333,-6.67402,-57.702665,-6.218114
2026-08-29,BR40901_0,indigenous_territories,Brazil,BR,Sai-Cinza,Regularizada,202502,0.0,492.73,-58.28333,-6.67402,-57.702665,-6.218114
2026-08-29,BR40901_0,indigenous_territories,Brazil,BR,Sai-Cinza,Regularizada,202503,0.0,492.73,-58.28333,-6.67402,-57.702665,-6.218114
2026-08-29,BR40901_0,indigenous_territories,Brazil,BR,Sai-Cinza,Regularizada,202504,0.0,492.73,-58.28333,-6.67402,-57.702665,-6.218114
2026-08-29,BR40901_0,indigenous_territories,Brazil,BR,Sai-Cinza,Regularizada,202601,0.0,492.73,-58.28333,-6.67402,-57.702665,-6.218114
2026-08-29,BR40901_0,indigenous_territories,Brazil,BR,Sai-Cinza,Regularizada,202602,0.0,492.73,-58.28333,-6.67402,-57.702665,-6.218114
2026-08-29,BR42101_0,indigenous_territories,Brazil,BR,Sararé,Regularizada,201800,133.78,133.78,-59.646074,-14.983408,-59.317028,-14.627932
2026-08-29,BR42101_0,indigenous_territories,Brazil,BR,Sararé,Regularizada,201900,7.27,141.05,-59.646074,-14.983408,-59.317028,-14.627932
2026-08-29,BR42101_0,indigenous_territories,Brazil,BR,Sararé,Regularizada,202000,17.7,158.75,-59.646074,-14.983408,-59.317028,-14.627932
2026-08-29,BR42101_0,indigenous_territories,Brazil,BR,Sararé,Regularizada,202100,155.32,314.08,-59.646074,-14.983408,-59.317028,-14.627932
2026-08-29,BR42101_0,indigenous_territories,Brazil,BR,Sararé,Regularizada,202200,205.13,519.21,-59.646074,-14.983408,-59.317028,-14.627932
2026-08-29,BR42101_0,indigenous_territories,Brazil,BR,Sararé,Regularizada,202300,641.09,1160.3,-59.646074,-14.983408,-59.317028,-14.627932
2026-08-29,BR42101_0,indigenous_territories,Brazil,BR,Sararé,Regularizada,202400,1491.35,2651.65,-59.646074,-14.983408,-59.317028,-14.627932
2026-08-29,BR42101_0,indigenous_territories,Brazil,BR,Sararé,Regularizada,202501,324.2,2975.86,-59.646074,-14.983408,-59.317028,-14.627932
2026-08-29,BR42101_0,indigenous_territories,Brazil,BR,Sararé,Regularizada,202502,511.37,3487.22,-59.646074,-14.983408,-59.317028,-14.627932
2026-08-29,BR42101_0,indigenous_territories,Brazil,BR,Sararé,Regularizada,202503,126.72,3613.94,-59.646074,-14.983408,-59.317028,-14.627932
2026-08-29,BR42101_0,indigenous_territories,Brazil,BR,Sararé,Regularizada,202504,1.74,3615.68,-59.646074,-14.983408,-59.317028,-14.627932
2026-08-29,BR42101_0,indigenous_territories,Brazil,BR,Sararé,Regularizada,202601,26.63,3642.31,-59.646074,-14.983408,-59.317028,-14.627932
2026-08-29,BR42101_0,indigenous_territories,Brazil,BR,Sararé,Regularizada,202602,149.45,3791.76,-59.646074,-14.983408,-59.317028,-14.627932
2026-08-29,BR56701_0,indigenous_territories,Brazil,BR,Sawré Muybu (Pimental),Delimitada,201800,235.65,235.65,-56.833679,-5.242277,-56.337504,-4.684659
2026-08-29,BR56701_0,indigenous_territories,Brazil,BR,Sawré Muybu (Pimental),Delimitada,201900,11.3,246.95,-56.833679,-5.242277,-56.337504,-4.684659
2026-08-29,BR56701_0,indigenous_territories,Brazil,BR,Sawré Muybu (Pimental),Delimitada,202000,3.2,250.15,-56.833679,-5.242277,-56.337504,-4.684659
2026-08-29,BR56701_0,indigenous_territories,Brazil,BR,Sawré Muybu (Pimental),Delimitada,202100,8.99,259.14,-56.833679,-5.242277,-56.337504,-4.684659
2026-08-29,BR56701_0,indigenous_territories,Brazil,BR,Sawré Muybu (Pimental),Delimitada,202200,15.42,274.56,-56.833679,-5.242277,-56.337504,-4.684659
2026-08-29,BR56701_0,indigenous_territories,Brazil,BR,Sawré Muybu (Pimental),Delimitada,202300,176.83,451.39,-56.833679,-5.242277,-56.337504,-4.684659
2026-08-29,BR56701_0,indigenous_territories,Brazil,BR,Sawré Muybu (Pimental),Delimitada,202400,15.71,467.1,-56.833679,-5.242277,-56.337504,-4.684659
2026-08-29,BR56701_0,indigenous_territories,Brazil,BR,Sawré Muybu (Pimental),Delimitada,202501,0.0,467.1,-56.833679,-5.242277,-56.337504,-4.684659
2026-08-29,BR56701_0,indigenous_territories,Brazil,BR,Sawré Muybu (Pimental),Delimitada,202502,0.0,467.1,-56.833679,-5.242277,-56.337504,-4.684659
2026-08-29,BR56701_0,indigenous_territories,Brazil,BR,Sawré Muybu (Pimental),Delimitada,202503,3.15,470.25,-56.833679,-5.242277,-56.337504,-4.684659
2026-08-29,BR56701_0,indigenous_territories,Brazil,BR,Sawré Muybu (Pimental),Delimitada,202504,0.0,470.25,-56.833679,-5.242277,-56.337504,-4.684659
2026-08-29,BR56701_0,indigenous_territories,Brazil,BR,Sawré Muybu (Pimental),Delimitada,202601,0.0,470.25,-56.833679,-5.242277,-56.337504,-4.684659
2026-08-29,BR56701_0,indigenous_territories,Brazil,BR,Sawré Muybu (Pimental),Delimitada,202602,0.9,471.15,-56.833679,-5.242277,-56.337504,-4.684659
2026-08-29,BR42601_0,indigenous_territories,Brazil,BR,Serra Morena,Regularizada,201800,0.0,0.0,-59.549442,-11.275703,-59.215955,-10.739437
2026-08-29,BR42601_0,indigenous_territories,Brazil,BR,Serra Morena,Regularizada,201900,0.0,0.0,-59.549442,-11.275703,-59.215955,-10.739437
2026-08-29,BR42601_0,indigenous_territories,Brazil,BR,Serra Morena,Regularizada,202000,0.0,0.0,-59.549442,-11.275703,-59.215955,-10.739437
2026-08-29,BR42601_0,indigenous_territories,Brazil,BR,Serra Morena,Regularizada,202100,0.0,0.0,-59.549442,-11.275703,-59.215955,-10.739437
2026-08-29,BR42601_0,indigenous_territories,Brazil,BR,Serra Morena,Regularizada,202200,0.0,0.0,-59.549442,-11.275703,-59.215955,-10.739437
2026-08-29,BR42601_0,indigenous_territories,Brazil,BR,Serra Morena,Regularizada,202300,0.0,0.0,-59.549442,-11.275703,-59.215955,-10.739437
2026-08-29,BR42601_0,indigenous_territories,Brazil,BR,Serra Morena,Regularizada,202400,11.82,11.82,-59.549442,-11.275703,-59.215955,-10.739437
2026-08-29,BR42601_0,indigenous_territories,Brazil,BR,Serra Morena,Regularizada,202501,0.0,11.82,-59.549442,-11.275703,-59.215955,-10.739437
2026-08-29,BR42601_0,indigenous_territories,Brazil,BR,Serra Morena,Regularizada,202502,38.67,50.49,-59.549442,-11.275703,-59.215955,-10.739437
2026-08-29,BR42601_0,indigenous_territories,Brazil,BR,Serra Morena,Regularizada,202503,9.17,59.67,-59.549442,-11.275703,-59.215955,-10.739437
2026-08-29,BR42601_0,indigenous_territories,Brazil,BR,Serra Morena,Regularizada,202504,0.62,60.28,-59.549442,-11.275703,-59.215955,-10.739437
2026-08-29,BR42601_0,indigenous_territories,Brazil,BR,Serra Morena,Regularizada,202601,0.0,60.28,-59.549442,-11.275703,-59.215955,-10.739437
2026-08-29,BR42601_0,indigenous_territories,Brazil,BR,Serra Morena,Regularizada,202602,20.62,80.9,-59.549442,-11.275703,-59.215955,-10.739437
2026-08-29,BR43001_0,indigenous_territories,Brazil,BR,Sete de Setembro,Regularizada,201800,43.61,43.61,-61.431208,-11.249679,-60.922194,-10.737429
2026-08-29,BR43001_0,indigenous_territories,Brazil,BR,Sete de Setembro,Regularizada,201900,3.01,46.61,-61.431208,-11.249679,-60.922194,-10.737429
2026-08-29,BR43001_0,indigenous_territories,Brazil,BR,Sete de Setembro,Regularizada,202000,9.99,56.6,-61.431208,-11.249679,-60.922194,-10.737429
2026-08-29,BR43001_0,indigenous_territories,Brazil,BR,Sete de Setembro,Regularizada,202100,3.17,59.78,-61.431208,-11.249679,-60.922194,-10.737429
2026-08-29,BR43001_0,indigenous_territories,Brazil,BR,Sete de Setembro,Regularizada,202200,4.08,63.86,-61.431208,-11.249679,-60.922194,-10.737429
2026-08-29,BR43001_0,indigenous_territories,Brazil,BR,Sete de Setembro,Regularizada,202300,3.67,67.53,-61.431208,-11.249679,-60.922194,-10.737429
2026-08-29,BR43001_0,indigenous_territories,Brazil,BR,Sete de Setembro,Regularizada,202400,41.54,109.07,-61.431208,-11.249679,-60.922194,-10.737429
2026-08-29,BR43001_0,indigenous_territories,Brazil,BR,Sete de Setembro,Regularizada,202501,0.0,109.07,-61.431208,-11.249679,-60.922194,-10.737429
2026-08-29,BR43001_0,indigenous_territories,Brazil,BR,Sete de Setembro,Regularizada,202502,4.04,113.11,-61.431208,-11.249679,-60.922194,-10.737429
2026-08-29,BR43001_0,indigenous_territories,Brazil,BR,Sete de Setembro,Regularizada,202503,4.94,118.05,-61.431208,-11.249679,-60.922194,-10.737429
2026-08-29,BR43001_0,indigenous_territories,Brazil,BR,Sete de Setembro,Regularizada,202504,0.0,118.05,-61.431208,-11.249679,-60.922194,-10.737429
2026-08-29,BR43001_0,indigenous_territories,Brazil,BR,Sete de Setembro,Regularizada,202601,0.0,118.05,-61.431208,-11.249679,-60.922194,-10.737429
2026-08-29,BR43001_0,indigenous_territories,Brazil,BR,Sete de Setembro,Regularizada,202602,1.9,119.95,-61.431208,-11.249679,-60.922194,-10.737429
2026-08-29,BR44801_0,indigenous_territories,Brazil,BR,Tenharim Marmelos,Regularizada,201800,0.0,0.0,-62.164004,-8.882356,-61.589862,-7.811543
2026-08-29,BR44801_0,indigenous_territories,Brazil,BR,Tenharim Marmelos,Regularizada,201900,31.69,31.69,-62.164004,-8.882356,-61.589862,-7.811543
2026-08-29,BR44801_0,indigenous_territories,Brazil,BR,Tenharim Marmelos,Regularizada,202000,20.35,52.04,-62.164004,-8.882356,-61.589862,-7.811543
2026-08-29,BR44801_0,indigenous_territories,Brazil,BR,Tenharim Marmelos,Regularizada,202100,72.72,124.76,-62.164004,-8.882356,-61.589862,-7.811543
2026-08-29,BR44801_0,indigenous_territories,Brazil,BR,Tenharim Marmelos,Regularizada,202200,80.73,205.49,-62.164004,-8.882356,-61.589862,-7.811543
2026-08-29,BR44801_0,indigenous_territories,Brazil,BR,Tenharim Marmelos,Regularizada,202300,0.8,206.29,-62.164004,-8.882356,-61.589862,-7.811543
2026-08-29,BR44801_0,indigenous_territories,Brazil,BR,Tenharim Marmelos,Regularizada,202400,4.96,211.24,-62.164004,-8.882356,-61.589862,-7.811543
2026-08-29,BR44801_0,indigenous_territories,Brazil,BR,Tenharim Marmelos,Regularizada,202501,0.0,211.24,-62.164004,-8.882356,-61.589862,-7.811543
2026-08-29,BR44801_0,indigenous_territories,Brazil,BR,Tenharim Marmelos,Regularizada,202502,0.0,211.24,-62.164004,-8.882356,-61.589862,-7.811543
2026-08-29,BR44801_0,indigenous_territories,Brazil,BR,Tenharim Marmelos,Regularizada,202503,5.44,216.69,-62.164004,-8.882356,-61.589862,-7.811543
2026-08-29,BR44801_0,indigenous_territories,Brazil,BR,Tenharim Marmelos,Regularizada,202504,0.0,216.69,-62.164004,-8.882356,-61.589862,-7.811543
2026-08-29,BR44801_0,indigenous_territories,Brazil,BR,Tenharim Marmelos,Regularizada,202601,0.0,216.69,-62.164004,-8.882356,-61.589862,-7.811543
2026-08-29,BR44801_0,indigenous_territories,Brazil,BR,Tenharim Marmelos,Regularizada,202602,0.0,216.69,-62.164004,-8.882356,-61.589862,-7.811543
2026-08-29,BR44701_0,indigenous_territories,Brazil,BR,Tenharim do Igarapé Preto,Regularizada,201800,1068.2,1068.2,-61.403201,-8.666022,-61.028728,-8.290393
2026-08-29,BR44701_0,indigenous_territories,Brazil,BR,Tenharim do Igarapé Preto,Regularizada,201900,69.68,1137.88,-61.403201,-8.666022,-61.028728,-8.290393
2026-08-29,BR44701_0,indigenous_territories,Brazil,BR,Tenharim do Igarapé Preto,Regularizada,202000,56.05,1193.94,-61.403201,-8.666022,-61.028728,-8.290393
2026-08-29,BR44701_0,indigenous_territories,Brazil,BR,Tenharim do Igarapé Preto,Regularizada,202100,35.88,1229.82,-61.403201,-8.666022,-61.028728,-8.290393
2026-08-29,BR44701_0,indigenous_territories,Brazil,BR,Tenharim do Igarapé Preto,Regularizada,202200,20.31,1250.13,-61.403201,-8.666022,-61.028728,-8.290393
2026-08-29,BR44701_0,indigenous_territories,Brazil,BR,Tenharim do Igarapé Preto,Regularizada,202300,10.82,1260.94,-61.403201,-8.666022,-61.028728,-8.290393
2026-08-29,BR44701_0,indigenous_territories,Brazil,BR,Tenharim do Igarapé Preto,Regularizada,202400,9.62,1270.56,-61.403201,-8.666022,-61.028728,-8.290393
2026-08-29,BR44701_0,indigenous_territories,Brazil,BR,Tenharim do Igarapé Preto,Regularizada,202501,0.0,1270.56,-61.403201,-8.666022,-61.028728,-8.290393
2026-08-29,BR44701_0,indigenous_territories,Brazil,BR,Tenharim do Igarapé Preto,Regularizada,202502,6.9,1277.46,-61.403201,-8.666022,-61.028728,-8.290393
2026-08-29,BR44701_0,indigenous_territories,Brazil,BR,Tenharim do Igarapé Preto,Regularizada,202503,17.95,1295.41,-61.403201,-8.666022,-61.028728,-8.290393
2026-08-29,BR44701_0,indigenous_territories,Brazil,BR,Tenharim do Igarapé Preto,Regularizada,202504,0.0,1295.41,-61.403201,-8.666022,-61.028728,-8.290393
2026-08-29,BR44701_0,indigenous_territories,Brazil,BR,Tenharim do Igarapé Preto,Regularizada,202601,0.0,1295.41,-61.403201,-8.666022,-61.028728,-8.290393
2026-08-29,BR44701_0,indigenous_territories,Brazil,BR,Tenharim do Igarapé Preto,Regularizada,202602,13.25,1308.66,-61.403201,-8.666022,-61.028728,-8.290393
2026-08-29,BR46201_0,indigenous_territories,Brazil,BR,Trincheira Bacaja,Regularizada,201800,753.66,753.66,-52.011243,-5.463064,-50.998856,-3.771198
2026-08-29,BR46201_0,indigenous_territories,Brazil,BR,Trincheira Bacaja,Regularizada,201900,90.77,844.43,-52.011243,-5.463064,-50.998856,-3.771198
2026-08-29,BR46201_0,indigenous_territories,Brazil,BR,Trincheira Bacaja,Regularizada,202000,68.44,912.87,-52.011243,-5.463064,-50.998856,-3.771198
2026-08-29,BR46201_0,indigenous_territories,Brazil,BR,Trincheira Bacaja,Regularizada,202100,71.21,984.08,-52.011243,-5.463064,-50.998856,-3.771198
2026-08-29,BR46201_0,indigenous_territories,Brazil,BR,Trincheira Bacaja,Regularizada,202200,25.43,1009.51,-52.011243,-5.463064,-50.998856,-3.771198
2026-08-29,BR46201_0,indigenous_territories,Brazil,BR,Trincheira Bacaja,Regularizada,202300,23.38,1032.89,-52.011243,-5.463064,-50.998856,-3.771198
2026-08-29,BR46201_0,indigenous_territories,Brazil,BR,Trincheira Bacaja,Regularizada,202400,9.95,1042.84,-52.011243,-5.463064,-50.998856,-3.771198
2026-08-29,BR46201_0,indigenous_territories,Brazil,BR,Trincheira Bacaja,Regularizada,202501,0.0,1042.84,-52.011243,-5.463064,-50.998856,-3.771198
2026-08-29,BR46201_0,indigenous_territories,Brazil,BR,Trincheira Bacaja,Regularizada,202502,0.0,1042.84,-52.011243,-5.463064,-50.998856,-3.771198
2026-08-29,BR46201_0,indigenous_territories,Brazil,BR,Trincheira Bacaja,Regularizada,202503,0.0,1042.84,-52.011243,-5.463064,-50.998856,-3.771198
2026-08-29,BR46201_0,indigenous_territories,Brazil,BR,Trincheira Bacaja,Regularizada,202504,0.0,1042.84,-52.011243,-5.463064,-50.998856,-3.771198
2026-08-29,BR46201_0,indigenous_territories,Brazil,BR,Trincheira Bacaja,Regularizada,202601,0.0,1042.84,-52.011243,-5.463064,-50.998856,-3.771198
2026-08-29,BR46201_0,indigenous_territories,Brazil,BR,Trincheira Bacaja,Regularizada,202602,0.0,1042.84,-52.011243,-5.463064,-50.998856,-3.771198
2026-08-29,BR46401_0,indigenous_territories,Brazil,BR,Trombetas/Mapuera,Regularizada,201800,0.0,0.0,-59.988823,-1.364606,-57.147917,0.938838
2026-08-29,BR46401_0,indigenous_territories,Brazil,BR,Trombetas/Mapuera,Regularizada,201900,0.0,0.0,-59.988823,-1.364606,-57.147917,0.938838
2026-08-29,BR46401_0,indigenous_territories,Brazil,BR,Trombetas/Mapuera,Regularizada,202000,0.0,0.0,-59.988823,-1.364606,-57.147917,0.938838
2026-08-29,BR46401_0,indigenous_territories,Brazil,BR,Trombetas/Mapuera,Regularizada,202100,0.0,0.0,-59.988823,-1.364606,-57.147917,0.938838
2026-08-29,BR46401_0,indigenous_territories,Brazil,BR,Trombetas/Mapuera,Regularizada,202200,0.54,0.54,-59.988823,-1.364606,-57.147917,0.938838
2026-08-29,BR46401_0,indigenous_territories,Brazil,BR,Trombetas/Mapuera,Regularizada,202300,0.0,0.54,-59.988823,-1.364606,-57.147917,0.938838
2026-08-29,BR46401_0,indigenous_territories,Brazil,BR,Trombetas/Mapuera,Regularizada,202400,0.0,0.54,-59.988823,-1.364606,-57.147917,0.938838
2026-08-29,BR46401_0,indigenous_territories,Brazil,BR,Trombetas/Mapuera,Regularizada,202501,0.0,0.54,-59.988823,-1.364606,-57.147917,0.938838
2026-08-29,BR46401_0,indigenous_territories,Brazil,BR,Trombetas/Mapuera,Regularizada,202502,0.0,0.54,-59.988823,-1.364606,-57.147917,0.938838
2026-08-29,BR46401_0,indigenous_territories,Brazil,BR,Trombetas/Mapuera,Regularizada,202503,0.0,0.54,-59.988823,-1.364606,-57.147917,0.938838
2026-08-29,BR46401_0,indigenous_territories,Brazil,BR,Trombetas/Mapuera,Regularizada,202504,0.0,0.54,-59.988823,-1.364606,-57.147917,0.938838
2026-08-29,BR46401_0,indigenous_territories,Brazil,BR,Trombetas/Mapuera,Regularizada,202601,0.0,0.54,-59.988823,-1.364606,-57.147917,0.938838
2026-08-29,BR46401_0,indigenous_territories,Brazil,BR,Trombetas/Mapuera,Regularizada,202602,0.0,0.54,-59.988823,-1.364606,-57.147917,0.938838
2026-08-29,BR46701_0,indigenous_territories,Brazil,BR,Tubarão Latunde,Regularizada,201800,0.0,0.0,-60.811841,-12.835833,-60.447921,-12.445125
2026-08-29,BR46701_0,indigenous_territories,Brazil,BR,Tubarão Latunde,Regularizada,201900,0.0,0.0,-60.811841,-12.835833,-60.447921,-12.445125
2026-08-29,BR46701_0,indigenous_territories,Brazil,BR,Tubarão Latunde,Regularizada,202000,0.0,0.0,-60.811841,-12.835833,-60.447921,-12.445125
2026-08-29,BR46701_0,indigenous_territories,Brazil,BR,Tubarão Latunde,Regularizada,202100,0.0,0.0,-60.811841,-12.835833,-60.447921,-12.445125
2026-08-29,BR46701_0,indigenous_territories,Brazil,BR,Tubarão Latunde,Regularizada,202200,0.0,0.0,-60.811841,-12.835833,-60.447921,-12.445125
2026-08-29,BR46701_0,indigenous_territories,Brazil,BR,Tubarão Latunde,Regularizada,202300,0.0,0.0,-60.811841,-12.835833,-60.447921,-12.445125
2026-08-29,BR46701_0,indigenous_territories,Brazil,BR,Tubarão Latunde,Regularizada,202400,0.0,0.0,-60.811841,-12.835833,-60.447921,-12.445125
2026-08-29,BR46701_0,indigenous_territories,Brazil,BR,Tubarão Latunde,Regularizada,202501,11.94,11.94,-60.811841,-12.835833,-60.447921,-12.445125
2026-08-29,BR46701_0,indigenous_territories,Brazil,BR,Tubarão Latunde,Regularizada,202502,0.0,11.94,-60.811841,-12.835833,-60.447921,-12.445125
2026-08-29,BR46701_0,indigenous_territories,Brazil,BR,Tubarão Latunde,Regularizada,202503,0.0,11.94,-60.811841,-12.835833,-60.447921,-12.445125
2026-08-29,BR46701_0,indigenous_territories,Brazil,BR,Tubarão Latunde,Regularizada,202504,0.0,11.94,-60.811841,-12.835833,-60.447921,-12.445125
2026-08-29,BR46701_0,indigenous_territories,Brazil,BR,Tubarão Latunde,Regularizada,202601,0.0,11.94,-60.811841,-12.835833,-60.447921,-12.445125
2026-08-29,BR46701_0,indigenous_territories,Brazil,BR,Tubarão Latunde,Regularizada,202602,0.0,11.94,-60.811841,-12.835833,-60.447921,-12.445125
2026-08-29,BR49801_0,indigenous_territories,Brazil,BR,Wawi,Regularizada,201800,100.91,100.91,-53.235043,-12.020465,-52.871669,-11.426801
2026-08-29,BR49801_0,indigenous_territories,Brazil,BR,Wawi,Regularizada,201900,10.36,111.27,-53.235043,-12.020465,-52.871669,-11.426801
2026-08-29,BR49801_0,indigenous_territories,Brazil,BR,Wawi,Regularizada,202000,2.29,113.56,-53.235043,-12.020465,-52.871669,-11.426801
2026-08-29,BR49801_0,indigenous_territories,Brazil,BR,Wawi,Regularizada,202100,0.0,113.56,-53.235043,-12.020465,-52.871669,-11.426801
2026-08-29,BR49801_0,indigenous_territories,Brazil,BR,Wawi,Regularizada,202200,0.0,113.56,-53.235043,-12.020465,-52.871669,-11.426801
2026-08-29,BR49801_0,indigenous_territories,Brazil,BR,Wawi,Regularizada,202300,12.59,126.15,-53.235043,-12.020465,-52.871669,-11.426801
2026-08-29,BR49801_0,indigenous_territories,Brazil,BR,Wawi,Regularizada,202400,2.13,128.28,-53.235043,-12.020465,-52.871669,-11.426801
2026-08-29,BR49801_0,indigenous_territories,Brazil,BR,Wawi,Regularizada,202501,0.0,128.28,-53.235043,-12.020465,-52.871669,-11.426801
2026-08-29,BR49801_0,indigenous_territories,Brazil,BR,Wawi,Regularizada,202502,0.0,128.28,-53.235043,-12.020465,-52.871669,-11.426801
2026-08-29,BR49801_0,indigenous_territories,Brazil,BR,Wawi,Regularizada,202503,0.0,128.28,-53.235043,-12.020465,-52.871669,-11.426801
2026-08-29,BR49801_0,indigenous_territories,Brazil,BR,Wawi,Regularizada,202504,0.0,128.28,-53.235043,-12.020465,-52.871669,-11.426801
2026-08-29,BR49801_0,indigenous_territories,Brazil,BR,Wawi,Regularizada,202601,0.0,128.28,-53.235043,-12.020465,-52.871669,-11.426801
2026-08-29,BR49801_0,indigenous_territories,Brazil,BR,Wawi,Regularizada,202602,0.0,128.28,-53.235043,-12.020465,-52.871669,-11.426801
2026-08-29,BR50901_0,indigenous_territories,Brazil,BR,Yanomami,Regularizada,201800,641.09,641.09,-66.476944,-0.323219,-61.332908,4.287222
2026-08-29,BR50901_0,indigenous_territories,Brazil,BR,Yanomami,Regularizada,201900,863.51,1504.61,-66.476944,-0.323219,-61.332908,4.287222
2026-08-29,BR50901_0,indigenous_territories,Brazil,BR,Yanomami,Regularizada,202000,444.52,1949.13,-66.476944,-0.323219,-61.332908,4.287222
2026-08-29,BR50901_0,indigenous_territories,Brazil,BR,Yanomami,Regularizada,202100,1534.91,3484.03,-66.476944,-0.323219,-61.332908,4.287222
2026-08-29,BR50901_0,indigenous_territories,Brazil,BR,Yanomami,Regularizada,202200,2791.69,6275.72,-66.476944,-0.323219,-61.332908,4.287222
2026-08-29,BR50901_0,indigenous_territories,Brazil,BR,Yanomami,Regularizada,202300,990.37,7266.09,-66.476944,-0.323219,-61.332908,4.287222
2026-08-29,BR50901_0,indigenous_territories,Brazil,BR,Yanomami,Regularizada,202400,206.06,7472.15,-66.476944,-0.323219,-61.332908,4.287222
2026-08-29,BR50901_0,indigenous_territories,Brazil,BR,Yanomami,Regularizada,202501,51.9,7524.05,-66.476944,-0.323219,-61.332908,4.287222
2026-08-29,BR50901_0,indigenous_territories,Brazil,BR,Yanomami,Regularizada,202502,0.68,7524.73,-66.476944,-0.323219,-61.332908,4.287222
2026-08-29,BR50901_0,indigenous_territories,Brazil,BR,Yanomami,Regularizada,202503,9.06,7533.78,-66.476944,-0.323219,-61.332908,4.287222
2026-08-29,BR50901_0,indigenous_territories,Brazil,BR,Yanomami,Regularizada,202504,0.0,7533.78,-66.476944,-0.323219,-61.332908,4.287222
2026-08-29,BR50901_0,indigenous_territories,Brazil,BR,Yanomami,Regularizada,202601,0.0,7533.78,-66.476944,-0.323219,-61.332908,4.287222
2026-08-29,BR50901_0,indigenous_territories,Brazil,BR,Yanomami,Regularizada,202602,0.0,7533.78,-66.476944,-0.323219,-61.332908,4.287222
2026-08-29,BR51101_0,indigenous_territories,Brazil,BR,Zoró,Regularizada,201800,0.0,0.0,-61.15056,-10.960536,-60.511987,-10.208622
2026-08-29,BR51101_0,indigenous_territories,Brazil,BR,Zoró,Regularizada,201900,0.0,0.0,-61.15056,-10.960536,-60.511987,-10.208622
2026-08-29,BR51101_0,indigenous_territories,Brazil,BR,Zoró,Regularizada,202000,0.0,0.0,-61.15056,-10.960536,-60.511987,-10.208622
2026-08-29,BR51101_0,indigenous_territories,Brazil,BR,Zoró,Regularizada,202100,10.1,10.1,-61.15056,-10.960536,-60.511987,-10.208622
2026-08-29,BR51101_0,indigenous_territories,Brazil,BR,Zoró,Regularizada,202200,7.06,17.16,-61.15056,-10.960536,-60.511987,-10.208622
2026-08-29,BR51101_0,indigenous_territories,Brazil,BR,Zoró,Regularizada,202300,8.82,25.98,-61.15056,-10.960536,-60.511987,-10.208622
2026-08-29,BR51101_0,indigenous_territories,Brazil,BR,Zoró,Regularizada,202400,16.95,42.94,-61.15056,-10.960536,-60.511987,-10.208622
2026-08-29,BR51101_0,indigenous_territories,Brazil,BR,Zoró,Regularizada,202501,0.0,42.94,-61.15056,-10.960536,-60.511987,-10.208622
2026-08-29,BR51101_0,indigenous_territories,Brazil,BR,Zoró,Regularizada,202502,10.08,53.02,-61.15056,-10.960536,-60.511987,-10.208622
2026-08-29,BR51101_0,indigenous_territories,Brazil,BR,Zoró,Regularizada,202503,4.71,57.73,-61.15056,-10.960536,-60.511987,-10.208622
2026-08-29,BR51101_0,indigenous_territories,Brazil,BR,Zoró,Regularizada,202504,0.0,57.73,-61.15056,-10.960536,-60.511987,-10.208622
2026-08-29,BR51101_0,indigenous_territories,Brazil,BR,Zoró,Regularizada,202601,0.0,57.73,-61.15056,-10.960536,-60.511987,-10.208622
2026-08-29,BR51101_0,indigenous_territories,Brazil,BR,Zoró,Regularizada,202602,0.0,57.73,-61.15056,-10.960536,-60.511987,-10.208622
2026-08-29,BR12101_0,indigenous_territories,Brazil,BR,Évare I,Regularizada,201800,0.0,0.0,-69.907914,-4.32345,-69.139789,-3.226843
2026-08-29,BR12101_0,indigenous_territories,Brazil,BR,Évare I,Regularizada,201900,0.0,0.0,-69.907914,-4.32345,-69.139789,-3.226843
2026-08-29,BR12101_0,indigenous_territories,Brazil,BR,Évare I,Regularizada,202000,0.0,0.0,-69.907914,-4.32345,-69.139789,-3.226843
2026-08-29,BR12101_0,indigenous_territories,Brazil,BR,Évare I,Regularizada,202100,0.0,0.0,-69.907914,-4.32345,-69.139789,-3.226843
2026-08-29,BR12101_0,indigenous_territories,Brazil,BR,Évare I,Regularizada,202200,0.0,0.0,-69.907914,-4.32345,-69.139789,-3.226843
2026-08-29,BR12101_0,indigenous_territories,Brazil,BR,Évare I,Regularizada,202300,0.0,0.0,-69.907914,-4.32345,-69.139789,-3.226843
2026-08-29,BR12101_0,indigenous_territories,Brazil,BR,Évare I,Regularizada,202400,0.0,0.0,-69.907914,-4.32345,-69.139789,-3.226843
2026-08-29,BR12101_0,indigenous_territories,Brazil,BR,Évare I,Regularizada,202501,0.0,0.0,-69.907914,-4.32345,-69.139789,-3.226843
2026-08-29,BR12101_0,indigenous_territories,Brazil,BR,Évare I,Regularizada,202502,0.0,0.0,-69.907914,-4.32345,-69.139789,-3.226843
2026-08-29,BR12101_0,indigenous_territories,Brazil,BR,Évare I,Regularizada,202503,4.67,4.67,-69.907914,-4.32345,-69.139789,-3.226843
2026-08-29,BR12101_0,indigenous_territories,Brazil,BR,Évare I,Regularizada,202504,0.0,4.67,-69.907914,-4.32345,-69.139789,-3.226843
2026-08-29,BR12101_0,indigenous_territories,Brazil,BR,Évare I,Regularizada,202601,0.0,4.67,-69.907914,-4.32345,-69.139789,-3.226843
2026-08-29,BR12101_0,indigenous_territories,Brazil,BR,Évare I,Regularizada,202602,0.0,4.67,-69.907914,-4.32345,-69.139789,-3.226843
2026-08-29,CO10394_0,indigenous_territories,Colombia,CO,"Resguardo Indígena Curripaco de Tonina, Sejal, San Jose y Otras",RESOLUCION,201800,0.0,0.0,-68.869873,1.861807,-67.564226,2.98238
2026-08-29,CO10394_0,indigenous_territories,Colombia,CO,"Resguardo Indígena Curripaco de Tonina, Sejal, San Jose y Otras",RESOLUCION,201900,0.0,0.0,-68.869873,1.861807,-67.564226,2.98238
2026-08-29,CO10394_0,indigenous_territories,Colombia,CO,"Resguardo Indígena Curripaco de Tonina, Sejal, San Jose y Otras",RESOLUCION,202000,0.0,0.0,-68.869873,1.861807,-67.564226,2.98238
2026-08-29,CO10394_0,indigenous_territories,Colombia,CO,"Resguardo Indígena Curripaco de Tonina, Sejal, San Jose y Otras",RESOLUCION,202100,0.0,0.0,-68.869873,1.861807,-67.564226,2.98238
2026-08-29,CO10394_0,indigenous_territories,Colombia,CO,"Resguardo Indígena Curripaco de Tonina, Sejal, San Jose y Otras",RESOLUCION,202200,0.0,0.0,-68.869873,1.861807,-67.564226,2.98238
2026-08-29,CO10394_0,indigenous_territories,Colombia,CO,"Resguardo Indígena Curripaco de Tonina, Sejal, San Jose y Otras",RESOLUCION,202300,0.0,0.0,-68.869873,1.861807,-67.564226,2.98238
2026-08-29,CO10394_0,indigenous_territories,Colombia,CO,"Resguardo Indígena Curripaco de Tonina, Sejal, San Jose y Otras",RESOLUCION,202400,0.0,0.0,-68.869873,1.861807,-67.564226,2.98238
2026-08-29,CO10394_0,indigenous_territories,Colombia,CO,"Resguardo Indígena Curripaco de Tonina, Sejal, San Jose y Otras",RESOLUCION,202501,9.84,9.84,-68.869873,1.861807,-67.564226,2.98238
2026-08-29,CO10394_0,indigenous_territories,Colombia,CO,"Resguardo Indígena Curripaco de Tonina, Sejal, San Jose y Otras",RESOLUCION,202502,0.0,9.84,-68.869873,1.861807,-67.564226,2.98238
2026-08-29,CO10394_0,indigenous_territories,Colombia,CO,"Resguardo Indígena Curripaco de Tonina, Sejal, San Jose y Otras",RESOLUCION,202503,0.0,9.84,-68.869873,1.861807,-67.564226,2.98238
2026-08-29,CO10394_0,indigenous_territories,Colombia,CO,"Resguardo Indígena Curripaco de Tonina, Sejal, San Jose y Otras",RESOLUCION,202504,0.0,9.84,-68.869873,1.861807,-67.564226,2.98238
2026-08-29,CO10394_0,indigenous_territories,Colombia,CO,"Resguardo Indígena Curripaco de Tonina, Sejal, San Jose y Otras",RESOLUCION,202601,0.0,9.84,-68.869873,1.861807,-67.564226,2.98238
2026-08-29,CO10394_0,indigenous_territories,Colombia,CO,"Resguardo Indígena Curripaco de Tonina, Sejal, San Jose y Otras",RESOLUCION,202602,0.0,9.84,-68.869873,1.861807,-67.564226,2.98238
2026-08-29,CO10391_0,indigenous_territories,Colombia,CO,Resguardo Indígena Rio Cuiari e Isana,RESOLUCION,201800,34.21,34.21,-70.180465,1.6928,-68.162888,2.44985
2026-08-29,CO10391_0,indigenous_territories,Colombia,CO,Resguardo Indígena Rio Cuiari e Isana,RESOLUCION,201900,3.75,37.96,-70.180465,1.6928,-68.162888,2.44985
2026-08-29,CO10391_0,indigenous_territories,Colombia,CO,Resguardo Indígena Rio Cuiari e Isana,RESOLUCION,202000,0.93,38.88,-70.180465,1.6928,-68.162888,2.44985
2026-08-29,CO10391_0,indigenous_territories,Colombia,CO,Resguardo Indígena Rio Cuiari e Isana,RESOLUCION,202100,3.29,42.17,-70.180465,1.6928,-68.162888,2.44985
2026-08-29,CO10391_0,indigenous_territories,Colombia,CO,Resguardo Indígena Rio Cuiari e Isana,RESOLUCION,202200,0.55,42.72,-70.180465,1.6928,-68.162888,2.44985
2026-08-29,CO10391_0,indigenous_territories,Colombia,CO,Resguardo Indígena Rio Cuiari e Isana,RESOLUCION,202300,0.31,43.03,-70.180465,1.6928,-68.162888,2.44985
2026-08-29,CO10391_0,indigenous_territories,Colombia,CO,Resguardo Indígena Rio Cuiari e Isana,RESOLUCION,202400,0.0,43.03,-70.180465,1.6928,-68.162888,2.44985
2026-08-29,CO10391_0,indigenous_territories,Colombia,CO,Resguardo Indígena Rio Cuiari e Isana,RESOLUCION,202501,1.65,44.68,-70.180465,1.6928,-68.162888,2.44985
2026-08-29,CO10391_0,indigenous_territories,Colombia,CO,Resguardo Indígena Rio Cuiari e Isana,RESOLUCION,202502,0.0,44.68,-70.180465,1.6928,-68.162888,2.44985
2026-08-29,CO10391_0,indigenous_territories,Colombia,CO,Resguardo Indígena Rio Cuiari e Isana,RESOLUCION,202503,0.0,44.68,-70.180465,1.6928,-68.162888,2.44985
2026-08-29,CO10391_0,indigenous_territories,Colombia,CO,Resguardo Indígena Rio Cuiari e Isana,RESOLUCION,202504,0.0,44.68,-70.180465,1.6928,-68.162888,2.44985
2026-08-29,CO10391_0,indigenous_territories,Colombia,CO,Resguardo Indígena Rio Cuiari e Isana,RESOLUCION,202601,8.59,53.27,-70.180465,1.6928,-68.162888,2.44985
2026-08-29,CO10391_0,indigenous_territories,Colombia,CO,Resguardo Indígena Rio Cuiari e Isana,RESOLUCION,202602,1.19,54.46,-70.180465,1.6928,-68.162888,2.44985
2026-08-29,CO10379_0,indigenous_territories,Colombia,CO,Resguardo Indígena de la Cuenca Media Y Alta del Rio Inirida,RESOLUCION,201800,4.79,4.79,-70.942492,2.2087,-67.861408,3.691935
2026-08-29,CO10379_0,indigenous_territories,Colombia,CO,Resguardo Indígena de la Cuenca Media Y Alta del Rio Inirida,RESOLUCION,201900,0.26,5.05,-70.942492,2.2087,-67.861408,3.691935
2026-08-29,CO10379_0,indigenous_territories,Colombia,CO,Resguardo Indígena de la Cuenca Media Y Alta del Rio Inirida,RESOLUCION,202000,0.0,5.05,-70.942492,2.2087,-67.861408,3.691935
2026-08-29,CO10379_0,indigenous_territories,Colombia,CO,Resguardo Indígena de la Cuenca Media Y Alta del Rio Inirida,RESOLUCION,202100,0.0,5.05,-70.942492,2.2087,-67.861408,3.691935
2026-08-29,CO10379_0,indigenous_territories,Colombia,CO,Resguardo Indígena de la Cuenca Media Y Alta del Rio Inirida,RESOLUCION,202200,8.18,13.23,-70.942492,2.2087,-67.861408,3.691935
2026-08-29,CO10379_0,indigenous_territories,Colombia,CO,Resguardo Indígena de la Cuenca Media Y Alta del Rio Inirida,RESOLUCION,202300,14.24,27.47,-70.942492,2.2087,-67.861408,3.691935
2026-08-29,CO10379_0,indigenous_territories,Colombia,CO,Resguardo Indígena de la Cuenca Media Y Alta del Rio Inirida,RESOLUCION,202400,4.79,32.26,-70.942492,2.2087,-67.861408,3.691935
2026-08-29,CO10379_0,indigenous_territories,Colombia,CO,Resguardo Indígena de la Cuenca Media Y Alta del Rio Inirida,RESOLUCION,202501,11.54,43.81,-70.942492,2.2087,-67.861408,3.691935
2026-08-29,CO10379_0,indigenous_territories,Colombia,CO,Resguardo Indígena de la Cuenca Media Y Alta del Rio Inirida,RESOLUCION,202502,0.0,43.81,-70.942492,2.2087,-67.861408,3.691935
2026-08-29,CO10379_0,indigenous_territories,Colombia,CO,Resguardo Indígena de la Cuenca Media Y Alta del Rio Inirida,RESOLUCION,202503,0.0,43.81,-70.942492,2.2087,-67.861408,3.691935
2026-08-29,CO10379_0,indigenous_territories,Colombia,CO,Resguardo Indígena de la Cuenca Media Y Alta del Rio Inirida,RESOLUCION,202504,0.0,43.81,-70.942492,2.2087,-67.861408,3.691935
2026-08-29,CO10379_0,indigenous_territories,Colombia,CO,Resguardo Indígena de la Cuenca Media Y Alta del Rio Inirida,RESOLUCION,202601,0.34,44.14,-70.942492,2.2087,-67.861408,3.691935
2026-08-29,CO10379_0,indigenous_territories,Colombia,CO,Resguardo Indígena de la Cuenca Media Y Alta del Rio Inirida,RESOLUCION,202602,0.0,44.14,-70.942492,2.2087,-67.861408,3.691935
2026-08-29,EC30558_0,indigenous_territories,Ecuador,EC,Amarum Mesa,Sin reconocimiento,201800,0.0,0.0,-77.251847,-0.460186,-77.126819,-0.321531
2026-08-29,EC30558_0,indigenous_territories,Ecuador,EC,Amarum Mesa,Sin reconocimiento,201900,0.0,0.0,-77.251847,-0.460186,-77.126819,-0.321531
2026-08-29,EC30558_0,indigenous_territories,Ecuador,EC,Amarum Mesa,Sin reconocimiento,202000,0.0,0.0,-77.251847,-0.460186,-77.126819,-0.321531
2026-08-29,EC30558_0,indigenous_territories,Ecuador,EC,Amarum Mesa,Sin reconocimiento,202100,0.0,0.0,-77.251847,-0.460186,-77.126819,-0.321531
2026-08-29,EC30558_0,indigenous_territories,Ecuador,EC,Amarum Mesa,Sin reconocimiento,202200,0.0,0.0,-77.251847,-0.460186,-77.126819,-0.321531
2026-08-29,EC30558_0,indigenous_territories,Ecuador,EC,Amarum Mesa,Sin reconocimiento,202300,0.0,0.0,-77.251847,-0.460186,-77.126819,-0.321531
2026-08-29,EC30558_0,indigenous_territories,Ecuador,EC,Amarum Mesa,Sin reconocimiento,202400,106.75,106.75,-77.251847,-0.460186,-77.126819,-0.321531
2026-08-29,EC30558_0,indigenous_territories,Ecuador,EC,Amarum Mesa,Sin reconocimiento,202501,25.83,132.58,-77.251847,-0.460186,-77.126819,-0.321531
2026-08-29,EC30558_0,indigenous_territories,Ecuador,EC,Amarum Mesa,Sin reconocimiento,202502,0.0,132.58,-77.251847,-0.460186,-77.126819,-0.321531
2026-08-29,EC30558_0,indigenous_territories,Ecuador,EC,Amarum Mesa,Sin reconocimiento,202503,1.8,134.39,-77.251847,-0.460186,-77.126819,-0.321531
2026-08-29,EC30558_0,indigenous_territories,Ecuador,EC,Amarum Mesa,Sin reconocimiento,202504,0.0,134.39,-77.251847,-0.460186,-77.126819,-0.321531
2026-08-29,EC30558_0,indigenous_territories,Ecuador,EC,Amarum Mesa,Sin reconocimiento,202601,0.0,134.39,-77.251847,-0.460186,-77.126819,-0.321531
2026-08-29,EC30558_0,indigenous_territories,Ecuador,EC,Amarum Mesa,Sin reconocimiento,202602,0.0,134.39,-77.251847,-0.460186,-77.126819,-0.321531
2026-08-29,EC30086_0,indigenous_territories,Ecuador,EC,Arutam,Titulada,201800,0.0,0.0,-78.492864,-3.513115,-78.333962,-3.283086
2026-08-29,EC30086_0,indigenous_territories,Ecuador,EC,Arutam,Titulada,201900,0.0,0.0,-78.492864,-3.513115,-78.333962,-3.283086
2026-08-29,EC30086_0,indigenous_territories,Ecuador,EC,Arutam,Titulada,202000,55.84,55.84,-78.492864,-3.513115,-78.333962,-3.283086
2026-08-29,EC30086_0,indigenous_territories,Ecuador,EC,Arutam,Titulada,202100,83.99,139.82,-78.492864,-3.513115,-78.333962,-3.283086
2026-08-29,EC30086_0,indigenous_territories,Ecuador,EC,Arutam,Titulada,202200,38.23,178.06,-78.492864,-3.513115,-78.333962,-3.283086
2026-08-29,EC30086_0,indigenous_territories,Ecuador,EC,Arutam,Titulada,202300,12.48,190.54,-78.492864,-3.513115,-78.333962,-3.283086
2026-08-29,EC30086_0,indigenous_territories,Ecuador,EC,Arutam,Titulada,202400,15.06,205.6,-78.492864,-3.513115,-78.333962,-3.283086
2026-08-29,EC30086_0,indigenous_territories,Ecuador,EC,Arutam,Titulada,202501,0.0,205.6,-78.492864,-3.513115,-78.333962,-3.283086
2026-08-29,EC30086_0,indigenous_territories,Ecuador,EC,Arutam,Titulada,202502,0.0,205.6,-78.492864,-3.513115,-78.333962,-3.283086
2026-08-29,EC30086_0,indigenous_territories,Ecuador,EC,Arutam,Titulada,202503,21.08,226.68,-78.492864,-3.513115,-78.333962,-3.283086
2026-08-29,EC30086_0,indigenous_territories,Ecuador,EC,Arutam,Titulada,202504,11.36,238.03,-78.492864,-3.513115,-78.333962,-3.283086
2026-08-29,EC30086_0,indigenous_territories,Ecuador,EC,Arutam,Titulada,202601,0.0,238.03,-78.492864,-3.513115,-78.333962,-3.283086
2026-08-29,EC30086_0,indigenous_territories,Ecuador,EC,Arutam,Titulada,202602,0.0,238.03,-78.492864,-3.513115,-78.333962,-3.283086
2026-08-29,EC30506_0,indigenous_territories,Ecuador,EC,Asociacion Rio Blanco,Titulada,201800,0.0,0.0,-77.586084,-1.01432,-77.55908,-0.999511
2026-08-29,EC30506_0,indigenous_territories,Ecuador,EC,Asociacion Rio Blanco,Titulada,201900,0.0,0.0,-77.586084,-1.01432,-77.55908,-0.999511
2026-08-29,EC30506_0,indigenous_territories,Ecuador,EC,Asociacion Rio Blanco,Titulada,202000,0.0,0.0,-77.586084,-1.01432,-77.55908,-0.999511
2026-08-29,EC30506_0,indigenous_territories,Ecuador,EC,Asociacion Rio Blanco,Titulada,202100,0.0,0.0,-77.586084,-1.01432,-77.55908,-0.999511
2026-08-29,EC30506_0,indigenous_territories,Ecuador,EC,Asociacion Rio Blanco,Titulada,202200,0.0,0.0,-77.586084,-1.01432,-77.55908,-0.999511
2026-08-29,EC30506_0,indigenous_territories,Ecuador,EC,Asociacion Rio Blanco,Titulada,202300,0.0,0.0,-77.586084,-1.01432,-77.55908,-0.999511
2026-08-29,EC30506_0,indigenous_territories,Ecuador,EC,Asociacion Rio Blanco,Titulada,202400,4.98,4.98,-77.586084,-1.01432,-77.55908,-0.999511
2026-08-29,EC30506_0,indigenous_territories,Ecuador,EC,Asociacion Rio Blanco,Titulada,202501,0.0,4.98,-77.586084,-1.01432,-77.55908,-0.999511
2026-08-29,EC30506_0,indigenous_territories,Ecuador,EC,Asociacion Rio Blanco,Titulada,202502,0.0,4.98,-77.586084,-1.01432,-77.55908,-0.999511
2026-08-29,EC30506_0,indigenous_territories,Ecuador,EC,Asociacion Rio Blanco,Titulada,202503,0.0,4.98,-77.586084,-1.01432,-77.55908,-0.999511
2026-08-29,EC30506_0,indigenous_territories,Ecuador,EC,Asociacion Rio Blanco,Titulada,202504,0.0,4.98,-77.586084,-1.01432,-77.55908,-0.999511
2026-08-29,EC30506_0,indigenous_territories,Ecuador,EC,Asociacion Rio Blanco,Titulada,202601,0.0,4.98,-77.586084,-1.01432,-77.55908,-0.999511
2026-08-29,EC30506_0,indigenous_territories,Ecuador,EC,Asociacion Rio Blanco,Titulada,202602,0.0,4.98,-77.586084,-1.01432,-77.55908,-0.999511
2026-08-29,EC30280_0,indigenous_territories,Ecuador,EC,C. Shuar Campanak,Titulada,201800,0.0,0.0,-78.530445,-3.540457,-78.457936,-3.477627
2026-08-29,EC30280_0,indigenous_territories,Ecuador,EC,C. Shuar Campanak,Titulada,201900,0.0,0.0,-78.530445,-3.540457,-78.457936,-3.477627
2026-08-29,EC30280_0,indigenous_territories,Ecuador,EC,C. Shuar Campanak,Titulada,202000,0.0,0.0,-78.530445,-3.540457,-78.457936,-3.477627
2026-08-29,EC30280_0,indigenous_territories,Ecuador,EC,C. Shuar Campanak,Titulada,202100,18.86,18.86,-78.530445,-3.540457,-78.457936,-3.477627
2026-08-29,EC30280_0,indigenous_territories,Ecuador,EC,C. Shuar Campanak,Titulada,202200,3.47,22.33,-78.530445,-3.540457,-78.457936,-3.477627
2026-08-29,EC30280_0,indigenous_territories,Ecuador,EC,C. Shuar Campanak,Titulada,202300,2.84,25.17,-78.530445,-3.540457,-78.457936,-3.477627
2026-08-29,EC30280_0,indigenous_territories,Ecuador,EC,C. Shuar Campanak,Titulada,202400,1.52,26.69,-78.530445,-3.540457,-78.457936,-3.477627
2026-08-29,EC30280_0,indigenous_territories,Ecuador,EC,C. Shuar Campanak,Titulada,202501,0.0,26.69,-78.530445,-3.540457,-78.457936,-3.477627
2026-08-29,EC30280_0,indigenous_territories,Ecuador,EC,C. Shuar Campanak,Titulada,202502,0.0,26.69,-78.530445,-3.540457,-78.457936,-3.477627
2026-08-29,EC30280_0,indigenous_territories,Ecuador,EC,C. Shuar Campanak,Titulada,202503,18.58,45.27,-78.530445,-3.540457,-78.457936,-3.477627
2026-08-29,EC30280_0,indigenous_territories,Ecuador,EC,C. Shuar Campanak,Titulada,202504,1.14,46.41,-78.530445,-3.540457,-78.457936,-3.477627
2026-08-29,EC30280_0,indigenous_territories,Ecuador,EC,C. Shuar Campanak,Titulada,202601,0.0,46.41,-78.530445,-3.540457,-78.457936,-3.477627
2026-08-29,EC30280_0,indigenous_territories,Ecuador,EC,C. Shuar Campanak,Titulada,202602,4.4,50.81,-78.530445,-3.540457,-78.457936,-3.477627
2026-08-29,EC30281_0,indigenous_territories,Ecuador,EC,Canzama - San Antonio,Titulada,201800,0.0,0.0,-78.916437,-3.854789,-78.887469,-3.785161
2026-08-29,EC30281_0,indigenous_territories,Ecuador,EC,Canzama - San Antonio,Titulada,201900,0.0,0.0,-78.916437,-3.854789,-78.887469,-3.785161
2026-08-29,EC30281_0,indigenous_territories,Ecuador,EC,Canzama - San Antonio,Titulada,202000,0.0,0.0,-78.916437,-3.854789,-78.887469,-3.785161
2026-08-29,EC30281_0,indigenous_territories,Ecuador,EC,Canzama - San Antonio,Titulada,202100,29.36,29.36,-78.916437,-3.854789,-78.887469,-3.785161
2026-08-29,EC30281_0,indigenous_territories,Ecuador,EC,Canzama - San Antonio,Titulada,202200,13.64,43.0,-78.916437,-3.854789,-78.887469,-3.785161
2026-08-29,EC30281_0,indigenous_territories,Ecuador,EC,Canzama - San Antonio,Titulada,202300,2.05,45.05,-78.916437,-3.854789,-78.887469,-3.785161
2026-08-29,EC30281_0,indigenous_territories,Ecuador,EC,Canzama - San Antonio,Titulada,202400,0.18,45.24,-78.916437,-3.854789,-78.887469,-3.785161
2026-08-29,EC30281_0,indigenous_territories,Ecuador,EC,Canzama - San Antonio,Titulada,202501,0.0,45.24,-78.916437,-3.854789,-78.887469,-3.785161
2026-08-29,EC30281_0,indigenous_territories,Ecuador,EC,Canzama - San Antonio,Titulada,202502,0.0,45.24,-78.916437,-3.854789,-78.887469,-3.785161
2026-08-29,EC30281_0,indigenous_territories,Ecuador,EC,Canzama - San Antonio,Titulada,202503,0.34,45.58,-78.916437,-3.854789,-78.887469,-3.785161
2026-08-29,EC30281_0,indigenous_territories,Ecuador,EC,Canzama - San Antonio,Titulada,202504,0.0,45.58,-78.916437,-3.854789,-78.887469,-3.785161
2026-08-29,EC30281_0,indigenous_territories,Ecuador,EC,Canzama - San Antonio,Titulada,202601,0.0,45.58,-78.916437,-3.854789,-78.887469,-3.785161
2026-08-29,EC30281_0,indigenous_territories,Ecuador,EC,Canzama - San Antonio,Titulada,202602,0.0,45.58,-78.916437,-3.854789,-78.887469,-3.785161
2026-08-29,EC30147_0,indigenous_territories,Ecuador,EC,Centro Shuar Yukuapais,Titulada,201800,0.0,0.0,-77.625317,-2.333246,-77.574986,-2.261815
2026-08-29,EC30147_0,indigenous_territories,Ecuador,EC,Centro Shuar Yukuapais,Titulada,201900,0.0,0.0,-77.625317,-2.333246,-77.574986,-2.261815
2026-08-29,EC30147_0,indigenous_territories,Ecuador,EC,Centro Shuar Yukuapais,Titulada,202000,0.0,0.0,-77.625317,-2.333246,-77.574986,-2.261815
2026-08-29,EC30147_0,indigenous_territories,Ecuador,EC,Centro Shuar Yukuapais,Titulada,202100,0.0,0.0,-77.625317,-2.333246,-77.574986,-2.261815
2026-08-29,EC30147_0,indigenous_territories,Ecuador,EC,Centro Shuar Yukuapais,Titulada,202200,0.0,0.0,-77.625317,-2.333246,-77.574986,-2.261815
2026-08-29,EC30147_0,indigenous_territories,Ecuador,EC,Centro Shuar Yukuapais,Titulada,202300,0.0,0.0,-77.625317,-2.333246,-77.574986,-2.261815
2026-08-29,EC30147_0,indigenous_territories,Ecuador,EC,Centro Shuar Yukuapais,Titulada,202400,0.0,0.0,-77.625317,-2.333246,-77.574986,-2.261815
2026-08-29,EC30147_0,indigenous_territories,Ecuador,EC,Centro Shuar Yukuapais,Titulada,202501,0.0,0.0,-77.625317,-2.333246,-77.574986,-2.261815
2026-08-29,EC30147_0,indigenous_territories,Ecuador,EC,Centro Shuar Yukuapais,Titulada,202502,0.0,0.0,-77.625317,-2.333246,-77.574986,-2.261815
2026-08-29,EC30147_0,indigenous_territories,Ecuador,EC,Centro Shuar Yukuapais,Titulada,202503,42.88,42.88,-77.625317,-2.333246,-77.574986,-2.261815
2026-08-29,EC30147_0,indigenous_territories,Ecuador,EC,Centro Shuar Yukuapais,Titulada,202504,0.0,42.88,-77.625317,-2.333246,-77.574986,-2.261815
2026-08-29,EC30147_0,indigenous_territories,Ecuador,EC,Centro Shuar Yukuapais,Titulada,202601,0.0,42.88,-77.625317,-2.333246,-77.574986,-2.261815
2026-08-29,EC30147_0,indigenous_territories,Ecuador,EC,Centro Shuar Yukuapais,Titulada,202602,0.0,42.88,-77.625317,-2.333246,-77.574986,-2.261815
2026-08-29,EC30747_0,indigenous_territories,Ecuador,EC,Chai,Sin reconocimiento,201800,0.0,0.0,-78.507776,-3.688612,-78.384315,-3.560575
2026-08-29,EC30747_0,indigenous_territories,Ecuador,EC,Chai,Sin reconocimiento,201900,0.0,0.0,-78.507776,-3.688612,-78.384315,-3.560575
2026-08-29,EC30747_0,indigenous_territories,Ecuador,EC,Chai,Sin reconocimiento,202000,0.0,0.0,-78.507776,-3.688612,-78.384315,-3.560575
2026-08-29,EC30747_0,indigenous_territories,Ecuador,EC,Chai,Sin reconocimiento,202100,38.56,38.56,-78.507776,-3.688612,-78.384315,-3.560575
2026-08-29,EC30747_0,indigenous_territories,Ecuador,EC,Chai,Sin reconocimiento,202200,4.77,43.33,-78.507776,-3.688612,-78.384315,-3.560575
2026-08-29,EC30747_0,indigenous_territories,Ecuador,EC,Chai,Sin reconocimiento,202300,0.0,43.33,-78.507776,-3.688612,-78.384315,-3.560575
2026-08-29,EC30747_0,indigenous_territories,Ecuador,EC,Chai,Sin reconocimiento,202400,0.0,43.33,-78.507776,-3.688612,-78.384315,-3.560575
2026-08-29,EC30747_0,indigenous_territories,Ecuador,EC,Chai,Sin reconocimiento,202501,0.0,43.33,-78.507776,-3.688612,-78.384315,-3.560575
2026-08-29,EC30747_0,indigenous_territories,Ecuador,EC,Chai,Sin reconocimiento,202502,0.0,43.33,-78.507776,-3.688612,-78.384315,-3.560575
2026-08-29,EC30747_0,indigenous_territories,Ecuador,EC,Chai,Sin reconocimiento,202503,0.0,43.33,-78.507776,-3.688612,-78.384315,-3.560575
2026-08-29,EC30747_0,indigenous_territories,Ecuador,EC,Chai,Sin reconocimiento,202504,0.0,43.33,-78.507776,-3.688612,-78.384315,-3.560575
2026-08-29,EC30747_0,indigenous_territories,Ecuador,EC,Chai,Sin reconocimiento,202601,0.0,43.33,-78.507776,-3.688612,-78.384315,-3.560575
2026-08-29,EC30747_0,indigenous_territories,Ecuador,EC,Chai,Sin reconocimiento,202602,0.83,44.16,-78.507776,-3.688612,-78.384315,-3.560575
2026-08-29,EC30056_0,indigenous_territories,Ecuador,EC,Chapinza,Titulada,201800,0.0,0.0,-78.904713,-3.803053,-78.837587,-3.751917
2026-08-29,EC30056_0,indigenous_territories,Ecuador,EC,Chapinza,Titulada,201900,0.0,0.0,-78.904713,-3.803053,-78.837587,-3.751917
2026-08-29,EC30056_0,indigenous_territories,Ecuador,EC,Chapinza,Titulada,202000,0.0,0.0,-78.904713,-3.803053,-78.837587,-3.751917
2026-08-29,EC30056_0,indigenous_territories,Ecuador,EC,Chapinza,Titulada,202100,0.0,0.0,-78.904713,-3.803053,-78.837587,-3.751917
2026-08-29,EC30056_0,indigenous_territories,Ecuador,EC,Chapinza,Titulada,202200,0.0,0.0,-78.904713,-3.803053,-78.837587,-3.751917
2026-08-29,EC30056_0,indigenous_territories,Ecuador,EC,Chapinza,Titulada,202300,0.0,0.0,-78.904713,-3.803053,-78.837587,-3.751917
2026-08-29,EC30056_0,indigenous_territories,Ecuador,EC,Chapinza,Titulada,202400,1.49,1.49,-78.904713,-3.803053,-78.837587,-3.751917
2026-08-29,EC30056_0,indigenous_territories,Ecuador,EC,Chapinza,Titulada,202501,0.0,1.49,-78.904713,-3.803053,-78.837587,-3.751917
2026-08-29,EC30056_0,indigenous_territories,Ecuador,EC,Chapinza,Titulada,202502,0.0,1.49,-78.904713,-3.803053,-78.837587,-3.751917
2026-08-29,EC30056_0,indigenous_territories,Ecuador,EC,Chapinza,Titulada,202503,0.0,1.49,-78.904713,-3.803053,-78.837587,-3.751917
2026-08-29,EC30056_0,indigenous_territories,Ecuador,EC,Chapinza,Titulada,202504,0.0,1.49,-78.904713,-3.803053,-78.837587,-3.751917
2026-08-29,EC30056_0,indigenous_territories,Ecuador,EC,Chapinza,Titulada,202601,0.0,1.49,-78.904713,-3.803053,-78.837587,-3.751917
2026-08-29,EC30056_0,indigenous_territories,Ecuador,EC,Chapinza,Titulada,202602,0.0,1.49,-78.904713,-3.803053,-78.837587,-3.751917
2026-08-29,EC30060_0,indigenous_territories,Ecuador,EC,Chichitza,Titulada,201800,0.0,0.0,-78.686364,-3.876848,-78.659383,-3.851155
2026-08-29,EC30060_0,indigenous_territories,Ecuador,EC,Chichitza,Titulada,201900,0.0,0.0,-78.686364,-3.876848,-78.659383,-3.851155
2026-08-29,EC30060_0,indigenous_territories,Ecuador,EC,Chichitza,Titulada,202000,0.0,0.0,-78.686364,-3.876848,-78.659383,-3.851155
2026-08-29,EC30060_0,indigenous_territories,Ecuador,EC,Chichitza,Titulada,202100,0.0,0.0,-78.686364,-3.876848,-78.659383,-3.851155
2026-08-29,EC30060_0,indigenous_territories,Ecuador,EC,Chichitza,Titulada,202200,0.0,0.0,-78.686364,-3.876848,-78.659383,-3.851155
2026-08-29,EC30060_0,indigenous_territories,Ecuador,EC,Chichitza,Titulada,202300,0.0,0.0,-78.686364,-3.876848,-78.659383,-3.851155
2026-08-29,EC30060_0,indigenous_territories,Ecuador,EC,Chichitza,Titulada,202400,0.0,0.0,-78.686364,-3.876848,-78.659383,-3.851155
2026-08-29,EC30060_0,indigenous_territories,Ecuador,EC,Chichitza,Titulada,202501,0.0,0.0,-78.686364,-3.876848,-78.659383,-3.851155
2026-08-29,EC30060_0,indigenous_territories,Ecuador,EC,Chichitza,Titulada,202502,0.0,0.0,-78.686364,-3.876848,-78.659383,-3.851155
2026-08-29,EC30060_0,indigenous_territories,Ecuador,EC,Chichitza,Titulada,202503,17.84,17.84,-78.686364,-3.876848,-78.659383,-3.851155
2026-08-29,EC30060_0,indigenous_territories,Ecuador,EC,Chichitza,Titulada,202504,20.7,38.54,-78.686364,-3.876848,-78.659383,-3.851155
2026-08-29,EC30060_0,indigenous_territories,Ecuador,EC,Chichitza,Titulada,202601,0.0,38.54,-78.686364,-3.876848,-78.659383,-3.851155
2026-08-29,EC30060_0,indigenous_territories,Ecuador,EC,Chichitza,Titulada,202602,0.0,38.54,-78.686364,-3.876848,-78.659383,-3.851155
2026-08-29,EC30058_0,indigenous_territories,Ecuador,EC,Chichiz,Titulada,201800,0.0,0.0,-78.683802,-3.887527,-78.630675,-3.8412
2026-08-29,EC30058_0,indigenous_territories,Ecuador,EC,Chichiz,Titulada,201900,0.0,0.0,-78.683802,-3.887527,-78.630675,-3.8412
2026-08-29,EC30058_0,indigenous_territories,Ecuador,EC,Chichiz,Titulada,202000,0.0,0.0,-78.683802,-3.887527,-78.630675,-3.8412
2026-08-29,EC30058_0,indigenous_territories,Ecuador,EC,Chichiz,Titulada,202100,0.0,0.0,-78.683802,-3.887527,-78.630675,-3.8412
2026-08-29,EC30058_0,indigenous_territories,Ecuador,EC,Chichiz,Titulada,202200,0.0,0.0,-78.683802,-3.887527,-78.630675,-3.8412
2026-08-29,EC30058_0,indigenous_territories,Ecuador,EC,Chichiz,Titulada,202300,0.0,0.0,-78.683802,-3.887527,-78.630675,-3.8412
2026-08-29,EC30058_0,indigenous_territories,Ecuador,EC,Chichiz,Titulada,202400,0.0,0.0,-78.683802,-3.887527,-78.630675,-3.8412
2026-08-29,EC30058_0,indigenous_territories,Ecuador,EC,Chichiz,Titulada,202501,0.0,0.0,-78.683802,-3.887527,-78.630675,-3.8412
2026-08-29,EC30058_0,indigenous_territories,Ecuador,EC,Chichiz,Titulada,202502,0.0,0.0,-78.683802,-3.887527,-78.630675,-3.8412
2026-08-29,EC30058_0,indigenous_territories,Ecuador,EC,Chichiz,Titulada,202503,0.0,0.0,-78.683802,-3.887527,-78.630675,-3.8412
2026-08-29,EC30058_0,indigenous_territories,Ecuador,EC,Chichiz,Titulada,202504,1.57,1.57,-78.683802,-3.887527,-78.630675,-3.8412
2026-08-29,EC30058_0,indigenous_territories,Ecuador,EC,Chichiz,Titulada,202601,0.0,1.57,-78.683802,-3.887527,-78.630675,-3.8412
2026-08-29,EC30058_0,indigenous_territories,Ecuador,EC,Chichiz,Titulada,202602,0.0,1.57,-78.683802,-3.887527,-78.630675,-3.8412
2026-08-29,EC30087_0,indigenous_territories,Ecuador,EC,Chuchumbleza,Titulada,201800,0.0,0.0,-78.541943,-3.534795,-78.529727,-3.519042
2026-08-29,EC30087_0,indigenous_territories,Ecuador,EC,Chuchumbleza,Titulada,201900,0.0,0.0,-78.541943,-3.534795,-78.529727,-3.519042
2026-08-29,EC30087_0,indigenous_territories,Ecuador,EC,Chuchumbleza,Titulada,202000,0.0,0.0,-78.541943,-3.534795,-78.529727,-3.519042
2026-08-29,EC30087_0,indigenous_territories,Ecuador,EC,Chuchumbleza,Titulada,202100,0.0,0.0,-78.541943,-3.534795,-78.529727,-3.519042
2026-08-29,EC30087_0,indigenous_territories,Ecuador,EC,Chuchumbleza,Titulada,202200,0.0,0.0,-78.541943,-3.534795,-78.529727,-3.519042
2026-08-29,EC30087_0,indigenous_territories,Ecuador,EC,Chuchumbleza,Titulada,202300,0.0,0.0,-78.541943,-3.534795,-78.529727,-3.519042
2026-08-29,EC30087_0,indigenous_territories,Ecuador,EC,Chuchumbleza,Titulada,202400,0.0,0.0,-78.541943,-3.534795,-78.529727,-3.519042
2026-08-29,EC30087_0,indigenous_territories,Ecuador,EC,Chuchumbleza,Titulada,202501,0.0,0.0,-78.541943,-3.534795,-78.529727,-3.519042
2026-08-29,EC30087_0,indigenous_territories,Ecuador,EC,Chuchumbleza,Titulada,202502,0.0,0.0,-78.541943,-3.534795,-78.529727,-3.519042
2026-08-29,EC30087_0,indigenous_territories,Ecuador,EC,Chuchumbleza,Titulada,202503,0.0,0.0,-78.541943,-3.534795,-78.529727,-3.519042
2026-08-29,EC30087_0,indigenous_territories,Ecuador,EC,Chuchumbleza,Titulada,202504,9.59,9.59,-78.541943,-3.534795,-78.529727,-3.519042
2026-08-29,EC30087_0,indigenous_territories,Ecuador,EC,Chuchumbleza,Titulada,202601,0.0,9.59,-78.541943,-3.534795,-78.529727,-3.519042
2026-08-29,EC30087_0,indigenous_territories,Ecuador,EC,Chuchumbleza,Titulada,202602,0.0,9.59,-78.541943,-3.534795,-78.529727,-3.519042
2026-08-29,EC30088_0,indigenous_territories,Ecuador,EC,Churuwia,Titulada,201800,131.4,131.4,-78.480505,-3.333011,-78.310879,-3.133199
2026-08-29,EC30088_0,indigenous_territories,Ecuador,EC,Churuwia,Titulada,201900,65.02,196.42,-78.480505,-3.333011,-78.310879,-3.133199
2026-08-29,EC30088_0,indigenous_territories,Ecuador,EC,Churuwia,Titulada,202000,84.1,280.52,-78.480505,-3.333011,-78.310879,-3.133199
2026-08-29,EC30088_0,indigenous_territories,Ecuador,EC,Churuwia,Titulada,202100,34.95,315.47,-78.480505,-3.333011,-78.310879,-3.133199
2026-08-29,EC30088_0,indigenous_territories,Ecuador,EC,Churuwia,Titulada,202200,24.2,339.67,-78.480505,-3.333011,-78.310879,-3.133199
2026-08-29,EC30088_0,indigenous_territories,Ecuador,EC,Churuwia,Titulada,202300,6.76,346.43,-78.480505,-3.333011,-78.310879,-3.133199
2026-08-29,EC30088_0,indigenous_territories,Ecuador,EC,Churuwia,Titulada,202400,29.69,376.12,-78.480505,-3.333011,-78.310879,-3.133199
2026-08-29,EC30088_0,indigenous_territories,Ecuador,EC,Churuwia,Titulada,202501,0.0,376.12,-78.480505,-3.333011,-78.310879,-3.133199
2026-08-29,EC30088_0,indigenous_territories,Ecuador,EC,Churuwia,Titulada,202502,0.0,376.12,-78.480505,-3.333011,-78.310879,-3.133199
2026-08-29,EC30088_0,indigenous_territories,Ecuador,EC,Churuwia,Titulada,202503,0.0,376.12,-78.480505,-3.333011,-78.310879,-3.133199
2026-08-29,EC30088_0,indigenous_territories,Ecuador,EC,Churuwia,Titulada,202504,0.0,376.12,-78.480505,-3.333011,-78.310879,-3.133199
2026-08-29,EC30088_0,indigenous_territories,Ecuador,EC,Churuwia,Titulada,202601,0.0,376.12,-78.480505,-3.333011,-78.310879,-3.133199
2026-08-29,EC30088_0,indigenous_territories,Ecuador,EC,Churuwia,Titulada,202602,0.0,376.12,-78.480505,-3.333011,-78.310879,-3.133199
2026-08-29,EC30350_0,indigenous_territories,Ecuador,EC,Coca Sardinas,Sin reconocimiento,201800,0.0,0.0,-77.216866,-0.218133,-77.082316,-0.036577
2026-08-29,EC30350_0,indigenous_territories,Ecuador,EC,Coca Sardinas,Sin reconocimiento,201900,0.0,0.0,-77.216866,-0.218133,-77.082316,-0.036577
2026-08-29,EC30350_0,indigenous_territories,Ecuador,EC,Coca Sardinas,Sin reconocimiento,202000,0.0,0.0,-77.216866,-0.218133,-77.082316,-0.036577
2026-08-29,EC30350_0,indigenous_territories,Ecuador,EC,Coca Sardinas,Sin reconocimiento,202100,0.0,0.0,-77.216866,-0.218133,-77.082316,-0.036577
2026-08-29,EC30350_0,indigenous_territories,Ecuador,EC,Coca Sardinas,Sin reconocimiento,202200,0.0,0.0,-77.216866,-0.218133,-77.082316,-0.036577
2026-08-29,EC30350_0,indigenous_territories,Ecuador,EC,Coca Sardinas,Sin reconocimiento,202300,119.89,119.89,-77.216866,-0.218133,-77.082316,-0.036577
2026-08-29,EC30350_0,indigenous_territories,Ecuador,EC,Coca Sardinas,Sin reconocimiento,202400,60.86,180.75,-77.216866,-0.218133,-77.082316,-0.036577
2026-08-29,EC30350_0,indigenous_territories,Ecuador,EC,Coca Sardinas,Sin reconocimiento,202501,20.96,201.7,-77.216866,-0.218133,-77.082316,-0.036577
2026-08-29,EC30350_0,indigenous_territories,Ecuador,EC,Coca Sardinas,Sin reconocimiento,202502,0.0,201.7,-77.216866,-0.218133,-77.082316,-0.036577
2026-08-29,EC30350_0,indigenous_territories,Ecuador,EC,Coca Sardinas,Sin reconocimiento,202503,0.0,201.7,-77.216866,-0.218133,-77.082316,-0.036577
2026-08-29,EC30350_0,indigenous_territories,Ecuador,EC,Coca Sardinas,Sin reconocimiento,202504,0.0,201.7,-77.216866,-0.218133,-77.082316,-0.036577
2026-08-29,EC30350_0,indigenous_territories,Ecuador,EC,Coca Sardinas,Sin reconocimiento,202601,0.0,201.7,-77.216866,-0.218133,-77.082316,-0.036577
2026-08-29,EC30350_0,indigenous_territories,Ecuador,EC,Coca Sardinas,Sin reconocimiento,202602,0.0,201.7,-77.216866,-0.218133,-77.082316,-0.036577
2026-08-29,EC30645_0,indigenous_territories,Ecuador,EC,Cofan Bermejo,Titulada,201800,0.0,0.0,-77.513956,0.21563,-77.091124,0.407273
2026-08-29,EC30645_0,indigenous_territories,Ecuador,EC,Cofan Bermejo,Titulada,201900,0.0,0.0,-77.513956,0.21563,-77.091124,0.407273
2026-08-29,EC30645_0,indigenous_territories,Ecuador,EC,Cofan Bermejo,Titulada,202000,0.0,0.0,-77.513956,0.21563,-77.091124,0.407273
2026-08-29,EC30645_0,indigenous_territories,Ecuador,EC,Cofan Bermejo,Titulada,202100,0.45,0.45,-77.513956,0.21563,-77.091124,0.407273
2026-08-29,EC30645_0,indigenous_territories,Ecuador,EC,Cofan Bermejo,Titulada,202200,1.68,2.12,-77.513956,0.21563,-77.091124,0.407273
2026-08-29,EC30645_0,indigenous_territories,Ecuador,EC,Cofan Bermejo,Titulada,202300,0.79,2.91,-77.513956,0.21563,-77.091124,0.407273
2026-08-29,EC30645_0,indigenous_territories,Ecuador,EC,Cofan Bermejo,Titulada,202400,0.03,2.94,-77.513956,0.21563,-77.091124,0.407273
2026-08-29,EC30645_0,indigenous_territories,Ecuador,EC,Cofan Bermejo,Titulada,202501,0.0,2.94,-77.513956,0.21563,-77.091124,0.407273
2026-08-29,EC30645_0,indigenous_territories,Ecuador,EC,Cofan Bermejo,Titulada,202502,0.0,2.94,-77.513956,0.21563,-77.091124,0.407273
2026-08-29,EC30645_0,indigenous_territories,Ecuador,EC,Cofan Bermejo,Titulada,202503,0.0,2.94,-77.513956,0.21563,-77.091124,0.407273
2026-08-29,EC30645_0,indigenous_territories,Ecuador,EC,Cofan Bermejo,Titulada,202504,0.0,2.94,-77.513956,0.21563,-77.091124,0.407273
2026-08-29,EC30645_0,indigenous_territories,Ecuador,EC,Cofan Bermejo,Titulada,202601,0.0,2.94,-77.513956,0.21563,-77.091124,0.407273
2026-08-29,EC30645_0,indigenous_territories,Ecuador,EC,Cofan Bermejo,Titulada,202602,0.0,2.94,-77.513956,0.21563,-77.091124,0.407273
2026-08-29,EC30552_0,indigenous_territories,Ecuador,EC,Comuna Guayusa,Titulada,201800,0.0,0.0,-77.204576,-0.274358,-77.055389,-0.181644
2026-08-29,EC30552_0,indigenous_territories,Ecuador,EC,Comuna Guayusa,Titulada,201900,0.0,0.0,-77.204576,-0.274358,-77.055389,-0.181644
2026-08-29,EC30552_0,indigenous_territories,Ecuador,EC,Comuna Guayusa,Titulada,202000,0.0,0.0,-77.204576,-0.274358,-77.055389,-0.181644
2026-08-29,EC30552_0,indigenous_territories,Ecuador,EC,Comuna Guayusa,Titulada,202100,0.0,0.0,-77.204576,-0.274358,-77.055389,-0.181644
2026-08-29,EC30552_0,indigenous_territories,Ecuador,EC,Comuna Guayusa,Titulada,202200,11.55,11.55,-77.204576,-0.274358,-77.055389,-0.181644
2026-08-29,EC30552_0,indigenous_territories,Ecuador,EC,Comuna Guayusa,Titulada,202300,30.51,42.06,-77.204576,-0.274358,-77.055389,-0.181644
2026-08-29,EC30552_0,indigenous_territories,Ecuador,EC,Comuna Guayusa,Titulada,202400,4.16,46.21,-77.204576,-0.274358,-77.055389,-0.181644
2026-08-29,EC30552_0,indigenous_territories,Ecuador,EC,Comuna Guayusa,Titulada,202501,36.2,82.42,-77.204576,-0.274358,-77.055389,-0.181644
2026-08-29,EC30552_0,indigenous_territories,Ecuador,EC,Comuna Guayusa,Titulada,202502,0.0,82.42,-77.204576,-0.274358,-77.055389,-0.181644
2026-08-29,EC30552_0,indigenous_territories,Ecuador,EC,Comuna Guayusa,Titulada,202503,0.0,82.42,-77.204576,-0.274358,-77.055389,-0.181644
2026-08-29,EC30552_0,indigenous_territories,Ecuador,EC,Comuna Guayusa,Titulada,202504,0.0,82.42,-77.204576,-0.274358,-77.055389,-0.181644
2026-08-29,EC30552_0,indigenous_territories,Ecuador,EC,Comuna Guayusa,Titulada,202601,0.0,82.42,-77.204576,-0.274358,-77.055389,-0.181644
2026-08-29,EC30552_0,indigenous_territories,Ecuador,EC,Comuna Guayusa,Titulada,202602,0.0,82.42,-77.204576,-0.274358,-77.055389,-0.181644
2026-08-29,EC30325_0,indigenous_territories,Ecuador,EC,Comuna Kuri Yaku,Titulada,201800,4.72,4.72,-77.109238,0.176214,-77.076554,0.237748
2026-08-29,EC30325_0,indigenous_territories,Ecuador,EC,Comuna Kuri Yaku,Titulada,201900,0.0,4.72,-77.109238,0.176214,-77.076554,0.237748
2026-08-29,EC30325_0,indigenous_territories,Ecuador,EC,Comuna Kuri Yaku,Titulada,202000,0.0,4.72,-77.109238,0.176214,-77.076554,0.237748
2026-08-29,EC30325_0,indigenous_territories,Ecuador,EC,Comuna Kuri Yaku,Titulada,202100,0.0,4.72,-77.109238,0.176214,-77.076554,0.237748
2026-08-29,EC30325_0,indigenous_territories,Ecuador,EC,Comuna Kuri Yaku,Titulada,202200,53.67,58.39,-77.109238,0.176214,-77.076554,0.237748
2026-08-29,EC30325_0,indigenous_territories,Ecuador,EC,Comuna Kuri Yaku,Titulada,202300,50.52,108.91,-77.109238,0.176214,-77.076554,0.237748
2026-08-29,EC30325_0,indigenous_territories,Ecuador,EC,Comuna Kuri Yaku,Titulada,202400,5.94,114.85,-77.109238,0.176214,-77.076554,0.237748
2026-08-29,EC30325_0,indigenous_territories,Ecuador,EC,Comuna Kuri Yaku,Titulada,202501,0.0,114.85,-77.109238,0.176214,-77.076554,0.237748
2026-08-29,EC30325_0,indigenous_territories,Ecuador,EC,Comuna Kuri Yaku,Titulada,202502,0.0,114.85,-77.109238,0.176214,-77.076554,0.237748
2026-08-29,EC30325_0,indigenous_territories,Ecuador,EC,Comuna Kuri Yaku,Titulada,202503,0.0,114.85,-77.109238,0.176214,-77.076554,0.237748
2026-08-29,EC30325_0,indigenous_territories,Ecuador,EC,Comuna Kuri Yaku,Titulada,202504,0.0,114.85,-77.109238,0.176214,-77.076554,0.237748
2026-08-29,EC30325_0,indigenous_territories,Ecuador,EC,Comuna Kuri Yaku,Titulada,202601,0.0,114.85,-77.109238,0.176214,-77.076554,0.237748
2026-08-29,EC30325_0,indigenous_territories,Ecuador,EC,Comuna Kuri Yaku,Titulada,202602,0.0,114.85,-77.109238,0.176214,-77.076554,0.237748
2026-08-29,EC30326_0,indigenous_territories,Ecuador,EC,Comuna Puma Kucha,Titulada,201800,0.0,0.0,-77.078865,0.176896,-77.047731,0.237977
2026-08-29,EC30326_0,indigenous_territories,Ecuador,EC,Comuna Puma Kucha,Titulada,201900,0.0,0.0,-77.078865,0.176896,-77.047731,0.237977
2026-08-29,EC30326_0,indigenous_territories,Ecuador,EC,Comuna Puma Kucha,Titulada,202000,0.0,0.0,-77.078865,0.176896,-77.047731,0.237977
2026-08-29,EC30326_0,indigenous_territories,Ecuador,EC,Comuna Puma Kucha,Titulada,202100,0.0,0.0,-77.078865,0.176896,-77.047731,0.237977
2026-08-29,EC30326_0,indigenous_territories,Ecuador,EC,Comuna Puma Kucha,Titulada,202200,0.0,0.0,-77.078865,0.176896,-77.047731,0.237977
2026-08-29,EC30326_0,indigenous_territories,Ecuador,EC,Comuna Puma Kucha,Titulada,202300,6.98,6.98,-77.078865,0.176896,-77.047731,0.237977
2026-08-29,EC30326_0,indigenous_territories,Ecuador,EC,Comuna Puma Kucha,Titulada,202400,34.33,41.3,-77.078865,0.176896,-77.047731,0.237977
2026-08-29,EC30326_0,indigenous_territories,Ecuador,EC,Comuna Puma Kucha,Titulada,202501,0.0,41.3,-77.078865,0.176896,-77.047731,0.237977
2026-08-29,EC30326_0,indigenous_territories,Ecuador,EC,Comuna Puma Kucha,Titulada,202502,0.0,41.3,-77.078865,0.176896,-77.047731,0.237977
2026-08-29,EC30326_0,indigenous_territories,Ecuador,EC,Comuna Puma Kucha,Titulada,202503,0.0,41.3,-77.078865,0.176896,-77.047731,0.237977
2026-08-29,EC30326_0,indigenous_territories,Ecuador,EC,Comuna Puma Kucha,Titulada,202504,0.0,41.3,-77.078865,0.176896,-77.047731,0.237977
2026-08-29,EC30326_0,indigenous_territories,Ecuador,EC,Comuna Puma Kucha,Titulada,202601,0.0,41.3,-77.078865,0.176896,-77.047731,0.237977
2026-08-29,EC30326_0,indigenous_territories,Ecuador,EC,Comuna Puma Kucha,Titulada,202602,0.0,41.3,-77.078865,0.176896,-77.047731,0.237977
2026-08-29,EC30553_0,indigenous_territories,Ecuador,EC,Comuna San José,Titulada,201800,0.0,0.0,-77.280724,-0.936991,-77.13917,-0.259575
2026-08-29,EC30553_0,indigenous_territories,Ecuador,EC,Comuna San José,Titulada,201900,0.0,0.0,-77.280724,-0.936991,-77.13917,-0.259575
2026-08-29,EC30553_0,indigenous_territories,Ecuador,EC,Comuna San José,Titulada,202000,0.0,0.0,-77.280724,-0.936991,-77.13917,-0.259575
2026-08-29,EC30553_0,indigenous_territories,Ecuador,EC,Comuna San José,Titulada,202100,0.0,0.0,-77.280724,-0.936991,-77.13917,-0.259575
2026-08-29,EC30553_0,indigenous_territories,Ecuador,EC,Comuna San José,Titulada,202200,0.0,0.0,-77.280724,-0.936991,-77.13917,-0.259575
2026-08-29,EC30553_0,indigenous_territories,Ecuador,EC,Comuna San José,Titulada,202300,0.0,0.0,-77.280724,-0.936991,-77.13917,-0.259575
2026-08-29,EC30553_0,indigenous_territories,Ecuador,EC,Comuna San José,Titulada,202400,137.43,137.43,-77.280724,-0.936991,-77.13917,-0.259575
2026-08-29,EC30553_0,indigenous_territories,Ecuador,EC,Comuna San José,Titulada,202501,75.54,212.97,-77.280724,-0.936991,-77.13917,-0.259575
2026-08-29,EC30553_0,indigenous_territories,Ecuador,EC,Comuna San José,Titulada,202502,0.0,212.97,-77.280724,-0.936991,-77.13917,-0.259575
2026-08-29,EC30553_0,indigenous_territories,Ecuador,EC,Comuna San José,Titulada,202503,0.0,212.97,-77.280724,-0.936991,-77.13917,-0.259575
2026-08-29,EC30553_0,indigenous_territories,Ecuador,EC,Comuna San José,Titulada,202504,0.0,212.97,-77.280724,-0.936991,-77.13917,-0.259575
2026-08-29,EC30553_0,indigenous_territories,Ecuador,EC,Comuna San José,Titulada,202601,0.0,212.97,-77.280724,-0.936991,-77.13917,-0.259575
2026-08-29,EC30553_0,indigenous_territories,Ecuador,EC,Comuna San José,Titulada,202602,0.0,212.97,-77.280724,-0.936991,-77.13917,-0.259575
2026-08-29,EC30127_0,indigenous_territories,Ecuador,EC,Cooperativa Shuar Kankaim,Titulada,201800,0.0,0.0,-77.674148,-2.391899,-77.610834,-2.276889
2026-08-29,EC30127_0,indigenous_territories,Ecuador,EC,Cooperativa Shuar Kankaim,Titulada,201900,0.0,0.0,-77.674148,-2.391899,-77.610834,-2.276889
2026-08-29,EC30127_0,indigenous_territories,Ecuador,EC,Cooperativa Shuar Kankaim,Titulada,202000,0.0,0.0,-77.674148,-2.391899,-77.610834,-2.276889
2026-08-29,EC30127_0,indigenous_territories,Ecuador,EC,Cooperativa Shuar Kankaim,Titulada,202100,0.0,0.0,-77.674148,-2.391899,-77.610834,-2.276889
2026-08-29,EC30127_0,indigenous_territories,Ecuador,EC,Cooperativa Shuar Kankaim,Titulada,202200,0.0,0.0,-77.674148,-2.391899,-77.610834,-2.276889
2026-08-29,EC30127_0,indigenous_territories,Ecuador,EC,Cooperativa Shuar Kankaim,Titulada,202300,0.0,0.0,-77.674148,-2.391899,-77.610834,-2.276889
2026-08-29,EC30127_0,indigenous_territories,Ecuador,EC,Cooperativa Shuar Kankaim,Titulada,202400,0.0,0.0,-77.674148,-2.391899,-77.610834,-2.276889
2026-08-29,EC30127_0,indigenous_territories,Ecuador,EC,Cooperativa Shuar Kankaim,Titulada,202501,0.0,0.0,-77.674148,-2.391899,-77.610834,-2.276889
2026-08-29,EC30127_0,indigenous_territories,Ecuador,EC,Cooperativa Shuar Kankaim,Titulada,202502,0.0,0.0,-77.674148,-2.391899,-77.610834,-2.276889
2026-08-29,EC30127_0,indigenous_territories,Ecuador,EC,Cooperativa Shuar Kankaim,Titulada,202503,41.97,41.97,-77.674148,-2.391899,-77.610834,-2.276889
2026-08-29,EC30127_0,indigenous_territories,Ecuador,EC,Cooperativa Shuar Kankaim,Titulada,202504,0.0,41.97,-77.674148,-2.391899,-77.610834,-2.276889
2026-08-29,EC30127_0,indigenous_territories,Ecuador,EC,Cooperativa Shuar Kankaim,Titulada,202601,0.0,41.97,-77.674148,-2.391899,-77.610834,-2.276889
2026-08-29,EC30127_0,indigenous_territories,Ecuador,EC,Cooperativa Shuar Kankaim,Titulada,202602,0.0,41.97,-77.674148,-2.391899,-77.610834,-2.276889
2026-08-29,EC30128_0,indigenous_territories,Ecuador,EC,Cooperativa Shuar Kankaiman,Titulada,201800,0.0,0.0,-77.657347,-2.306621,-77.609928,-2.229017
2026-08-29,EC30128_0,indigenous_territories,Ecuador,EC,Cooperativa Shuar Kankaiman,Titulada,201900,0.0,0.0,-77.657347,-2.306621,-77.609928,-2.229017
2026-08-29,EC30128_0,indigenous_territories,Ecuador,EC,Cooperativa Shuar Kankaiman,Titulada,202000,0.0,0.0,-77.657347,-2.306621,-77.609928,-2.229017
2026-08-29,EC30128_0,indigenous_territories,Ecuador,EC,Cooperativa Shuar Kankaiman,Titulada,202100,0.0,0.0,-77.657347,-2.306621,-77.609928,-2.229017
2026-08-29,EC30128_0,indigenous_territories,Ecuador,EC,Cooperativa Shuar Kankaiman,Titulada,202200,0.0,0.0,-77.657347,-2.306621,-77.609928,-2.229017
2026-08-29,EC30128_0,indigenous_territories,Ecuador,EC,Cooperativa Shuar Kankaiman,Titulada,202300,0.0,0.0,-77.657347,-2.306621,-77.609928,-2.229017
2026-08-29,EC30128_0,indigenous_territories,Ecuador,EC,Cooperativa Shuar Kankaiman,Titulada,202400,0.0,0.0,-77.657347,-2.306621,-77.609928,-2.229017
2026-08-29,EC30128_0,indigenous_territories,Ecuador,EC,Cooperativa Shuar Kankaiman,Titulada,202501,0.0,0.0,-77.657347,-2.306621,-77.609928,-2.229017
2026-08-29,EC30128_0,indigenous_territories,Ecuador,EC,Cooperativa Shuar Kankaiman,Titulada,202502,0.0,0.0,-77.657347,-2.306621,-77.609928,-2.229017
2026-08-29,EC30128_0,indigenous_territories,Ecuador,EC,Cooperativa Shuar Kankaiman,Titulada,202503,23.26,23.26,-77.657347,-2.306621,-77.609928,-2.229017
2026-08-29,EC30128_0,indigenous_territories,Ecuador,EC,Cooperativa Shuar Kankaiman,Titulada,202504,0.0,23.26,-77.657347,-2.306621,-77.609928,-2.229017
2026-08-29,EC30128_0,indigenous_territories,Ecuador,EC,Cooperativa Shuar Kankaiman,Titulada,202601,0.0,23.26,-77.657347,-2.306621,-77.609928,-2.229017
2026-08-29,EC30128_0,indigenous_territories,Ecuador,EC,Cooperativa Shuar Kankaiman,Titulada,202602,0.0,23.26,-77.657347,-2.306621,-77.609928,-2.229017
2026-08-29,EC30707_0,indigenous_territories,Ecuador,EC,El Kiim,Titulada,201800,0.0,0.0,-78.942405,-3.792729,-78.901058,-3.760578
2026-08-29,EC30707_0,indigenous_territories,Ecuador,EC,El Kiim,Titulada,201900,0.0,0.0,-78.942405,-3.792729,-78.901058,-3.760578
2026-08-29,EC30707_0,indigenous_territories,Ecuador,EC,El Kiim,Titulada,202000,0.0,0.0,-78.942405,-3.792729,-78.901058,-3.760578
2026-08-29,EC30707_0,indigenous_territories,Ecuador,EC,El Kiim,Titulada,202100,0.0,0.0,-78.942405,-3.792729,-78.901058,-3.760578
2026-08-29,EC30707_0,indigenous_territories,Ecuador,EC,El Kiim,Titulada,202200,0.1,0.1,-78.942405,-3.792729,-78.901058,-3.760578
2026-08-29,EC30707_0,indigenous_territories,Ecuador,EC,El Kiim,Titulada,202300,0.0,0.1,-78.942405,-3.792729,-78.901058,-3.760578
2026-08-29,EC30707_0,indigenous_territories,Ecuador,EC,El Kiim,Titulada,202400,1.43,1.53,-78.942405,-3.792729,-78.901058,-3.760578
2026-08-29,EC30707_0,indigenous_territories,Ecuador,EC,El Kiim,Titulada,202501,0.0,1.53,-78.942405,-3.792729,-78.901058,-3.760578
2026-08-29,EC30707_0,indigenous_territories,Ecuador,EC,El Kiim,Titulada,202502,0.0,1.53,-78.942405,-3.792729,-78.901058,-3.760578
2026-08-29,EC30707_0,indigenous_territories,Ecuador,EC,El Kiim,Titulada,202503,0.0,1.53,-78.942405,-3.792729,-78.901058,-3.760578
2026-08-29,EC30707_0,indigenous_territories,Ecuador,EC,El Kiim,Titulada,202504,0.0,1.53,-78.942405,-3.792729,-78.901058,-3.760578
2026-08-29,EC30707_0,indigenous_territories,Ecuador,EC,El Kiim,Titulada,202601,0.0,1.53,-78.942405,-3.792729,-78.901058,-3.760578
2026-08-29,EC30707_0,indigenous_territories,Ecuador,EC,El Kiim,Titulada,202602,0.0,1.53,-78.942405,-3.792729,-78.901058,-3.760578
2026-08-29,EC30047_0,indigenous_territories,Ecuador,EC,Kurints,Titulada,201800,0.0,0.0,-78.901608,-3.792243,-78.804097,-3.759628
2026-08-29,EC30047_0,indigenous_territories,Ecuador,EC,Kurints,Titulada,201900,0.0,0.0,-78.901608,-3.792243,-78.804097,-3.759628
2026-08-29,EC30047_0,indigenous_territories,Ecuador,EC,Kurints,Titulada,202000,0.0,0.0,-78.901608,-3.792243,-78.804097,-3.759628
2026-08-29,EC30047_0,indigenous_territories,Ecuador,EC,Kurints,Titulada,202100,0.0,0.0,-78.901608,-3.792243,-78.804097,-3.759628
2026-08-29,EC30047_0,indigenous_territories,Ecuador,EC,Kurints,Titulada,202200,24.54,24.54,-78.901608,-3.792243,-78.804097,-3.759628
2026-08-29,EC30047_0,indigenous_territories,Ecuador,EC,Kurints,Titulada,202300,1.57,26.11,-78.901608,-3.792243,-78.804097,-3.759628
2026-08-29,EC30047_0,indigenous_territories,Ecuador,EC,Kurints,Titulada,202400,7.29,33.4,-78.901608,-3.792243,-78.804097,-3.759628
2026-08-29,EC30047_0,indigenous_territories,Ecuador,EC,Kurints,Titulada,202501,0.0,33.4,-78.901608,-3.792243,-78.804097,-3.759628
2026-08-29,EC30047_0,indigenous_territories,Ecuador,EC,Kurints,Titulada,202502,0.0,33.4,-78.901608,-3.792243,-78.804097,-3.759628
2026-08-29,EC30047_0,indigenous_territories,Ecuador,EC,Kurints,Titulada,202503,19.9,53.29,-78.901608,-3.792243,-78.804097,-3.759628
2026-08-29,EC30047_0,indigenous_territories,Ecuador,EC,Kurints,Titulada,202504,0.0,53.29,-78.901608,-3.792243,-78.804097,-3.759628
2026-08-29,EC30047_0,indigenous_territories,Ecuador,EC,Kurints,Titulada,202601,0.0,53.29,-78.901608,-3.792243,-78.804097,-3.759628
2026-08-29,EC30047_0,indigenous_territories,Ecuador,EC,Kurints,Titulada,202602,0.0,53.29,-78.901608,-3.792243,-78.804097,-3.759628
2026-08-29,EC30051_0,indigenous_territories,Ecuador,EC,La Centza,Titulada,201800,0.0,0.0,-78.68253,-3.798211,-78.647398,-3.764674
2026-08-29,EC30051_0,indigenous_territories,Ecuador,EC,La Centza,Titulada,201900,0.0,0.0,-78.68253,-3.798211,-78.647398,-3.764674
2026-08-29,EC30051_0,indigenous_territories,Ecuador,EC,La Centza,Titulada,202000,0.0,0.0,-78.68253,-3.798211,-78.647398,-3.764674
2026-08-29,EC30051_0,indigenous_territories,Ecuador,EC,La Centza,Titulada,202100,0.0,0.0,-78.68253,-3.798211,-78.647398,-3.764674
2026-08-29,EC30051_0,indigenous_territories,Ecuador,EC,La Centza,Titulada,202200,0.0,0.0,-78.68253,-3.798211,-78.647398,-3.764674
2026-08-29,EC30051_0,indigenous_territories,Ecuador,EC,La Centza,Titulada,202300,0.0,0.0,-78.68253,-3.798211,-78.647398,-3.764674
2026-08-29,EC30051_0,indigenous_territories,Ecuador,EC,La Centza,Titulada,202400,0.0,0.0,-78.68253,-3.798211,-78.647398,-3.764674
2026-08-29,EC30051_0,indigenous_territories,Ecuador,EC,La Centza,Titulada,202501,0.0,0.0,-78.68253,-3.798211,-78.647398,-3.764674
2026-08-29,EC30051_0,indigenous_territories,Ecuador,EC,La Centza,Titulada,202502,0.0,0.0,-78.68253,-3.798211,-78.647398,-3.764674
2026-08-29,EC30051_0,indigenous_territories,Ecuador,EC,La Centza,Titulada,202503,0.0,0.0,-78.68253,-3.798211,-78.647398,-3.764674
2026-08-29,EC30051_0,indigenous_territories,Ecuador,EC,La Centza,Titulada,202504,0.0,0.0,-78.68253,-3.798211,-78.647398,-3.764674
2026-08-29,EC30051_0,indigenous_territories,Ecuador,EC,La Centza,Titulada,202601,0.0,0.0,-78.68253,-3.798211,-78.647398,-3.764674
2026-08-29,EC30051_0,indigenous_territories,Ecuador,EC,La Centza,Titulada,202602,18.64,18.64,-78.68253,-3.798211,-78.647398,-3.764674
2026-08-29,EC30745_0,indigenous_territories,Ecuador,EC,Machinias,Sin reconocimiento,201800,0.0,0.0,-78.540377,-3.638849,-78.489606,-3.615083
2026-08-29,EC30745_0,indigenous_territories,Ecuador,EC,Machinias,Sin reconocimiento,201900,0.0,0.0,-78.540377,-3.638849,-78.489606,-3.615083
2026-08-29,EC30745_0,indigenous_territories,Ecuador,EC,Machinias,Sin reconocimiento,202000,0.0,0.0,-78.540377,-3.638849,-78.489606,-3.615083
2026-08-29,EC30745_0,indigenous_territories,Ecuador,EC,Machinias,Sin reconocimiento,202100,1.64,1.64,-78.540377,-3.638849,-78.489606,-3.615083
2026-08-29,EC30745_0,indigenous_territories,Ecuador,EC,Machinias,Sin reconocimiento,202200,9.03,10.66,-78.540377,-3.638849,-78.489606,-3.615083
2026-08-29,EC30745_0,indigenous_territories,Ecuador,EC,Machinias,Sin reconocimiento,202300,0.96,11.62,-78.540377,-3.638849,-78.489606,-3.615083
2026-08-29,EC30745_0,indigenous_territories,Ecuador,EC,Machinias,Sin reconocimiento,202400,0.01,11.63,-78.540377,-3.638849,-78.489606,-3.615083
2026-08-29,EC30745_0,indigenous_territories,Ecuador,EC,Machinias,Sin reconocimiento,202501,0.0,11.63,-78.540377,-3.638849,-78.489606,-3.615083
2026-08-29,EC30745_0,indigenous_territories,Ecuador,EC,Machinias,Sin reconocimiento,202502,0.0,11.63,-78.540377,-3.638849,-78.489606,-3.615083
2026-08-29,EC30745_0,indigenous_territories,Ecuador,EC,Machinias,Sin reconocimiento,202503,0.0,11.63,-78.540377,-3.638849,-78.489606,-3.615083
2026-08-29,EC30745_0,indigenous_territories,Ecuador,EC,Machinias,Sin reconocimiento,202504,2.0,13.63,-78.540377,-3.638849,-78.489606,-3.615083
2026-08-29,EC30745_0,indigenous_territories,Ecuador,EC,Machinias,Sin reconocimiento,202601,0.0,13.63,-78.540377,-3.638849,-78.489606,-3.615083
2026-08-29,EC30745_0,indigenous_territories,Ecuador,EC,Machinias,Sin reconocimiento,202602,0.0,13.63,-78.540377,-3.638849,-78.489606,-3.615083
2026-08-29,EC30287_0,indigenous_territories,Ecuador,EC,Manchinias,Titulada,201800,0.0,0.0,-78.575405,-3.660589,-78.535672,-3.609586
2026-08-29,EC30287_0,indigenous_territories,Ecuador,EC,Manchinias,Titulada,201900,0.0,0.0,-78.575405,-3.660589,-78.535672,-3.609586
2026-08-29,EC30287_0,indigenous_territories,Ecuador,EC,Manchinias,Titulada,202000,24.93,24.93,-78.575405,-3.660589,-78.535672,-3.609586
2026-08-29,EC30287_0,indigenous_territories,Ecuador,EC,Manchinias,Titulada,202100,92.15,117.08,-78.575405,-3.660589,-78.535672,-3.609586
2026-08-29,EC30287_0,indigenous_territories,Ecuador,EC,Manchinias,Titulada,202200,56.57,173.65,-78.575405,-3.660589,-78.535672,-3.609586
2026-08-29,EC30287_0,indigenous_territories,Ecuador,EC,Manchinias,Titulada,202300,16.12,189.77,-78.575405,-3.660589,-78.535672,-3.609586
2026-08-29,EC30287_0,indigenous_territories,Ecuador,EC,Manchinias,Titulada,202400,42.81,232.58,-78.575405,-3.660589,-78.535672,-3.609586
2026-08-29,EC30287_0,indigenous_territories,Ecuador,EC,Manchinias,Titulada,202501,0.0,232.58,-78.575405,-3.660589,-78.535672,-3.609586
2026-08-29,EC30287_0,indigenous_territories,Ecuador,EC,Manchinias,Titulada,202502,0.0,232.58,-78.575405,-3.660589,-78.535672,-3.609586
2026-08-29,EC30287_0,indigenous_territories,Ecuador,EC,Manchinias,Titulada,202503,5.75,238.33,-78.575405,-3.660589,-78.535672,-3.609586
2026-08-29,EC30287_0,indigenous_territories,Ecuador,EC,Manchinias,Titulada,202504,23.79,262.12,-78.575405,-3.660589,-78.535672,-3.609586
2026-08-29,EC30287_0,indigenous_territories,Ecuador,EC,Manchinias,Titulada,202601,0.0,262.12,-78.575405,-3.660589,-78.535672,-3.609586
2026-08-29,EC30287_0,indigenous_territories,Ecuador,EC,Manchinias,Titulada,202602,0.0,262.12,-78.575405,-3.660589,-78.535672,-3.609586
2026-08-29,EC30746_0,indigenous_territories,Ecuador,EC,Micha Nunka,Sin reconocimiento,201800,0.0,0.0,-78.537951,-3.663899,-78.469595,-3.632814
2026-08-29,EC30746_0,indigenous_territories,Ecuador,EC,Micha Nunka,Sin reconocimiento,201900,0.0,0.0,-78.537951,-3.663899,-78.469595,-3.632814
2026-08-29,EC30746_0,indigenous_territories,Ecuador,EC,Micha Nunka,Sin reconocimiento,202000,0.0,0.0,-78.537951,-3.663899,-78.469595,-3.632814
2026-08-29,EC30746_0,indigenous_territories,Ecuador,EC,Micha Nunka,Sin reconocimiento,202100,16.77,16.77,-78.537951,-3.663899,-78.469595,-3.632814
2026-08-29,EC30746_0,indigenous_territories,Ecuador,EC,Micha Nunka,Sin reconocimiento,202200,0.0,16.77,-78.537951,-3.663899,-78.469595,-3.632814
2026-08-29,EC30746_0,indigenous_territories,Ecuador,EC,Micha Nunka,Sin reconocimiento,202300,0.0,16.77,-78.537951,-3.663899,-78.469595,-3.632814
2026-08-29,EC30746_0,indigenous_territories,Ecuador,EC,Micha Nunka,Sin reconocimiento,202400,0.0,16.77,-78.537951,-3.663899,-78.469595,-3.632814
2026-08-29,EC30746_0,indigenous_territories,Ecuador,EC,Micha Nunka,Sin reconocimiento,202501,0.0,16.77,-78.537951,-3.663899,-78.469595,-3.632814
2026-08-29,EC30746_0,indigenous_territories,Ecuador,EC,Micha Nunka,Sin reconocimiento,202502,0.0,16.77,-78.537951,-3.663899,-78.469595,-3.632814
2026-08-29,EC30746_0,indigenous_territories,Ecuador,EC,Micha Nunka,Sin reconocimiento,202503,0.0,16.77,-78.537951,-3.663899,-78.469595,-3.632814
2026-08-29,EC30746_0,indigenous_territories,Ecuador,EC,Micha Nunka,Sin reconocimiento,202504,56.13,72.91,-78.537951,-3.663899,-78.469595,-3.632814
2026-08-29,EC30746_0,indigenous_territories,Ecuador,EC,Micha Nunka,Sin reconocimiento,202601,0.0,72.91,-78.537951,-3.663899,-78.469595,-3.632814
2026-08-29,EC30746_0,indigenous_territories,Ecuador,EC,Micha Nunka,Sin reconocimiento,202602,0.0,72.91,-78.537951,-3.663899,-78.469595,-3.632814
2026-08-29,EC30268_0,indigenous_territories,Ecuador,EC,Nambija - Cumay,Titulada,201800,0.0,0.0,-78.904189,-4.085971,-78.785847,-3.959719
2026-08-29,EC30268_0,indigenous_territories,Ecuador,EC,Nambija - Cumay,Titulada,201900,0.0,0.0,-78.904189,-4.085971,-78.785847,-3.959719
2026-08-29,EC30268_0,indigenous_territories,Ecuador,EC,Nambija - Cumay,Titulada,202000,0.0,0.0,-78.904189,-4.085971,-78.785847,-3.959719
2026-08-29,EC30268_0,indigenous_territories,Ecuador,EC,Nambija - Cumay,Titulada,202100,56.06,56.06,-78.904189,-4.085971,-78.785847,-3.959719
2026-08-29,EC30268_0,indigenous_territories,Ecuador,EC,Nambija - Cumay,Titulada,202200,8.22,64.28,-78.904189,-4.085971,-78.785847,-3.959719
2026-08-29,EC30268_0,indigenous_territories,Ecuador,EC,Nambija - Cumay,Titulada,202300,50.56,114.84,-78.904189,-4.085971,-78.785847,-3.959719
2026-08-29,EC30268_0,indigenous_territories,Ecuador,EC,Nambija - Cumay,Titulada,202400,38.9,153.74,-78.904189,-4.085971,-78.785847,-3.959719
2026-08-29,EC30268_0,indigenous_territories,Ecuador,EC,Nambija - Cumay,Titulada,202501,0.0,153.74,-78.904189,-4.085971,-78.785847,-3.959719
2026-08-29,EC30268_0,indigenous_territories,Ecuador,EC,Nambija - Cumay,Titulada,202502,0.0,153.74,-78.904189,-4.085971,-78.785847,-3.959719
2026-08-29,EC30268_0,indigenous_territories,Ecuador,EC,Nambija - Cumay,Titulada,202503,0.0,153.74,-78.904189,-4.085971,-78.785847,-3.959719
2026-08-29,EC30268_0,indigenous_territories,Ecuador,EC,Nambija - Cumay,Titulada,202504,0.0,153.74,-78.904189,-4.085971,-78.785847,-3.959719
2026-08-29,EC30268_0,indigenous_territories,Ecuador,EC,Nambija - Cumay,Titulada,202601,0.0,153.74,-78.904189,-4.085971,-78.785847,-3.959719
2026-08-29,EC30268_0,indigenous_territories,Ecuador,EC,Nambija - Cumay,Titulada,202602,0.0,153.74,-78.904189,-4.085971,-78.785847,-3.959719
2026-08-29,EC30277_0,indigenous_territories,Ecuador,EC,Numpatacaime,Titulada,201800,0.0,0.0,-78.669363,-4.401516,-78.640059,-4.337091
2026-08-29,EC30277_0,indigenous_territories,Ecuador,EC,Numpatacaime,Titulada,201900,0.5,0.5,-78.669363,-4.401516,-78.640059,-4.337091
2026-08-29,EC30277_0,indigenous_territories,Ecuador,EC,Numpatacaime,Titulada,202000,0.31,0.81,-78.669363,-4.401516,-78.640059,-4.337091
2026-08-29,EC30277_0,indigenous_territories,Ecuador,EC,Numpatacaime,Titulada,202100,0.16,0.97,-78.669363,-4.401516,-78.640059,-4.337091
2026-08-29,EC30277_0,indigenous_territories,Ecuador,EC,Numpatacaime,Titulada,202200,0.0,0.97,-78.669363,-4.401516,-78.640059,-4.337091
2026-08-29,EC30277_0,indigenous_territories,Ecuador,EC,Numpatacaime,Titulada,202300,0.0,0.97,-78.669363,-4.401516,-78.640059,-4.337091
2026-08-29,EC30277_0,indigenous_territories,Ecuador,EC,Numpatacaime,Titulada,202400,0.0,0.97,-78.669363,-4.401516,-78.640059,-4.337091
2026-08-29,EC30277_0,indigenous_territories,Ecuador,EC,Numpatacaime,Titulada,202501,0.0,0.97,-78.669363,-4.401516,-78.640059,-4.337091
2026-08-29,EC30277_0,indigenous_territories,Ecuador,EC,Numpatacaime,Titulada,202502,0.0,0.97,-78.669363,-4.401516,-78.640059,-4.337091
2026-08-29,EC30277_0,indigenous_territories,Ecuador,EC,Numpatacaime,Titulada,202503,0.0,0.97,-78.669363,-4.401516,-78.640059,-4.337091
2026-08-29,EC30277_0,indigenous_territories,Ecuador,EC,Numpatacaime,Titulada,202504,0.0,0.97,-78.669363,-4.401516,-78.640059,-4.337091
2026-08-29,EC30277_0,indigenous_territories,Ecuador,EC,Numpatacaime,Titulada,202601,0.0,0.97,-78.669363,-4.401516,-78.640059,-4.337091
2026-08-29,EC30277_0,indigenous_territories,Ecuador,EC,Numpatacaime,Titulada,202602,0.0,0.97,-78.669363,-4.401516,-78.640059,-4.337091
2026-08-29,EC30043_0,indigenous_territories,Ecuador,EC,Pachicutza,Titulada,201800,0.0,0.0,-78.647786,-3.702814,-78.552764,-3.611406
2026-08-29,EC30043_0,indigenous_territories,Ecuador,EC,Pachicutza,Titulada,201900,3.1,3.1,-78.647786,-3.702814,-78.552764,-3.611406
2026-08-29,EC30043_0,indigenous_territories,Ecuador,EC,Pachicutza,Titulada,202000,0.0,3.1,-78.647786,-3.702814,-78.552764,-3.611406
2026-08-29,EC30043_0,indigenous_territories,Ecuador,EC,Pachicutza,Titulada,202100,0.0,3.1,-78.647786,-3.702814,-78.552764,-3.611406
2026-08-29,EC30043_0,indigenous_territories,Ecuador,EC,Pachicutza,Titulada,202200,41.41,44.51,-78.647786,-3.702814,-78.552764,-3.611406
2026-08-29,EC30043_0,indigenous_territories,Ecuador,EC,Pachicutza,Titulada,202300,25.15,69.67,-78.647786,-3.702814,-78.552764,-3.611406
2026-08-29,EC30043_0,indigenous_territories,Ecuador,EC,Pachicutza,Titulada,202400,6.99,76.66,-78.647786,-3.702814,-78.552764,-3.611406
2026-08-29,EC30043_0,indigenous_territories,Ecuador,EC,Pachicutza,Titulada,202501,0.0,76.66,-78.647786,-3.702814,-78.552764,-3.611406
2026-08-29,EC30043_0,indigenous_territories,Ecuador,EC,Pachicutza,Titulada,202502,0.0,76.66,-78.647786,-3.702814,-78.552764,-3.611406
2026-08-29,EC30043_0,indigenous_territories,Ecuador,EC,Pachicutza,Titulada,202503,0.0,76.66,-78.647786,-3.702814,-78.552764,-3.611406
2026-08-29,EC30043_0,indigenous_territories,Ecuador,EC,Pachicutza,Titulada,202504,0.0,76.66,-78.647786,-3.702814,-78.552764,-3.611406
2026-08-29,EC30043_0,indigenous_territories,Ecuador,EC,Pachicutza,Titulada,202601,0.0,76.66,-78.647786,-3.702814,-78.552764,-3.611406
2026-08-29,EC30043_0,indigenous_territories,Ecuador,EC,Pachicutza,Titulada,202602,0.0,76.66,-78.647786,-3.702814,-78.552764,-3.611406
2026-08-29,EC30705_0,indigenous_territories,Ecuador,EC,Pachikius,,201800,0.0,0.0,-78.641906,-4.131911,-78.617657,-4.105558
2026-08-29,EC30705_0,indigenous_territories,Ecuador,EC,Pachikius,,201900,0.0,0.0,-78.641906,-4.131911,-78.617657,-4.105558
2026-08-29,EC30705_0,indigenous_territories,Ecuador,EC,Pachikius,,202000,13.14,13.14,-78.641906,-4.131911,-78.617657,-4.105558
2026-08-29,EC30705_0,indigenous_territories,Ecuador,EC,Pachikius,,202100,27.55,40.69,-78.641906,-4.131911,-78.617657,-4.105558
2026-08-29,EC30705_0,indigenous_territories,Ecuador,EC,Pachikius,,202200,1.47,42.16,-78.641906,-4.131911,-78.617657,-4.105558
2026-08-29,EC30705_0,indigenous_territories,Ecuador,EC,Pachikius,,202300,5.42,47.58,-78.641906,-4.131911,-78.617657,-4.105558
2026-08-29,EC30705_0,indigenous_territories,Ecuador,EC,Pachikius,,202400,4.56,52.15,-78.641906,-4.131911,-78.617657,-4.105558
2026-08-29,EC30705_0,indigenous_territories,Ecuador,EC,Pachikius,,202501,0.0,52.15,-78.641906,-4.131911,-78.617657,-4.105558
2026-08-29,EC30705_0,indigenous_territories,Ecuador,EC,Pachikius,,202502,0.0,52.15,-78.641906,-4.131911,-78.617657,-4.105558
2026-08-29,EC30705_0,indigenous_territories,Ecuador,EC,Pachikius,,202503,60.36,112.51,-78.641906,-4.131911,-78.617657,-4.105558
2026-08-29,EC30705_0,indigenous_territories,Ecuador,EC,Pachikius,,202504,18.91,131.42,-78.641906,-4.131911,-78.617657,-4.105558
2026-08-29,EC30705_0,indigenous_territories,Ecuador,EC,Pachikius,,202601,0.0,131.42,-78.641906,-4.131911,-78.617657,-4.105558
2026-08-29,EC30705_0,indigenous_territories,Ecuador,EC,Pachikius,,202602,0.0,131.42,-78.641906,-4.131911,-78.617657,-4.105558
2026-08-29,EC30068_0,indigenous_territories,Ecuador,EC,Patuca,Titulada,201800,0.0,0.0,-78.273332,-2.769364,-78.217182,-2.718888
2026-08-29,EC30068_0,indigenous_territories,Ecuador,EC,Patuca,Titulada,201900,0.0,0.0,-78.273332,-2.769364,-78.217182,-2.718888
2026-08-29,EC30068_0,indigenous_territories,Ecuador,EC,Patuca,Titulada,202000,0.0,0.0,-78.273332,-2.769364,-78.217182,-2.718888
2026-08-29,EC30068_0,indigenous_territories,Ecuador,EC,Patuca,Titulada,202100,0.0,0.0,-78.273332,-2.769364,-78.217182,-2.718888
2026-08-29,EC30068_0,indigenous_territories,Ecuador,EC,Patuca,Titulada,202200,0.0,0.0,-78.273332,-2.769364,-78.217182,-2.718888
2026-08-29,EC30068_0,indigenous_territories,Ecuador,EC,Patuca,Titulada,202300,0.0,0.0,-78.273332,-2.769364,-78.217182,-2.718888
2026-08-29,EC30068_0,indigenous_territories,Ecuador,EC,Patuca,Titulada,202400,0.0,0.0,-78.273332,-2.769364,-78.217182,-2.718888
2026-08-29,EC30068_0,indigenous_territories,Ecuador,EC,Patuca,Titulada,202501,0.0,0.0,-78.273332,-2.769364,-78.217182,-2.718888
2026-08-29,EC30068_0,indigenous_territories,Ecuador,EC,Patuca,Titulada,202502,0.0,0.0,-78.273332,-2.769364,-78.217182,-2.718888
2026-08-29,EC30068_0,indigenous_territories,Ecuador,EC,Patuca,Titulada,202503,9.67,9.67,-78.273332,-2.769364,-78.217182,-2.718888
2026-08-29,EC30068_0,indigenous_territories,Ecuador,EC,Patuca,Titulada,202504,0.0,9.67,-78.273332,-2.769364,-78.217182,-2.718888
2026-08-29,EC30068_0,indigenous_territories,Ecuador,EC,Patuca,Titulada,202601,0.0,9.67,-78.273332,-2.769364,-78.217182,-2.718888
2026-08-29,EC30068_0,indigenous_territories,Ecuador,EC,Patuca,Titulada,202602,0.0,9.67,-78.273332,-2.769364,-78.217182,-2.718888
2026-08-29,EC30052_0,indigenous_territories,Ecuador,EC,Pindal,Titulada,201800,0.0,0.0,-78.61263,-3.804017,-78.517661,-3.720293
2026-08-29,EC30052_0,indigenous_territories,Ecuador,EC,Pindal,Titulada,201900,0.0,0.0,-78.61263,-3.804017,-78.517661,-3.720293
2026-08-29,EC30052_0,indigenous_territories,Ecuador,EC,Pindal,Titulada,202000,0.0,0.0,-78.61263,-3.804017,-78.517661,-3.720293
2026-08-29,EC30052_0,indigenous_territories,Ecuador,EC,Pindal,Titulada,202100,0.0,0.0,-78.61263,-3.804017,-78.517661,-3.720293
2026-08-29,EC30052_0,indigenous_territories,Ecuador,EC,Pindal,Titulada,202200,16.68,16.68,-78.61263,-3.804017,-78.517661,-3.720293
2026-08-29,EC30052_0,indigenous_territories,Ecuador,EC,Pindal,Titulada,202300,18.61,35.29,-78.61263,-3.804017,-78.517661,-3.720293
2026-08-29,EC30052_0,indigenous_territories,Ecuador,EC,Pindal,Titulada,202400,0.0,35.29,-78.61263,-3.804017,-78.517661,-3.720293
2026-08-29,EC30052_0,indigenous_territories,Ecuador,EC,Pindal,Titulada,202501,0.0,35.29,-78.61263,-3.804017,-78.517661,-3.720293
2026-08-29,EC30052_0,indigenous_territories,Ecuador,EC,Pindal,Titulada,202502,0.0,35.29,-78.61263,-3.804017,-78.517661,-3.720293
2026-08-29,EC30052_0,indigenous_territories,Ecuador,EC,Pindal,Titulada,202503,0.0,35.29,-78.61263,-3.804017,-78.517661,-3.720293
2026-08-29,EC30052_0,indigenous_territories,Ecuador,EC,Pindal,Titulada,202504,0.0,35.29,-78.61263,-3.804017,-78.517661,-3.720293
2026-08-29,EC30052_0,indigenous_territories,Ecuador,EC,Pindal,Titulada,202601,0.0,35.29,-78.61263,-3.804017,-78.517661,-3.720293
2026-08-29,EC30052_0,indigenous_territories,Ecuador,EC,Pindal,Titulada,202602,0.0,35.29,-78.61263,-3.804017,-78.517661,-3.720293
2026-08-29,EC30265_0,indigenous_territories,Ecuador,EC,Piunza,Titulada,201800,7.87,7.87,-78.882462,-3.920947,-78.790999,-3.853322
2026-08-29,EC30265_0,indigenous_territories,Ecuador,EC,Piunza,Titulada,201900,0.0,7.87,-78.882462,-3.920947,-78.790999,-3.853322
2026-08-29,EC30265_0,indigenous_territories,Ecuador,EC,Piunza,Titulada,202000,0.0,7.87,-78.882462,-3.920947,-78.790999,-3.853322
2026-08-29,EC30265_0,indigenous_territories,Ecuador,EC,Piunza,Titulada,202100,0.0,7.87,-78.882462,-3.920947,-78.790999,-3.853322
2026-08-29,EC30265_0,indigenous_territories,Ecuador,EC,Piunza,Titulada,202200,5.76,13.62,-78.882462,-3.920947,-78.790999,-3.853322
2026-08-29,EC30265_0,indigenous_territories,Ecuador,EC,Piunza,Titulada,202300,56.16,69.79,-78.882462,-3.920947,-78.790999,-3.853322
2026-08-29,EC30265_0,indigenous_territories,Ecuador,EC,Piunza,Titulada,202400,71.02,140.81,-78.882462,-3.920947,-78.790999,-3.853322
2026-08-29,EC30265_0,indigenous_territories,Ecuador,EC,Piunza,Titulada,202501,20.76,161.57,-78.882462,-3.920947,-78.790999,-3.853322
2026-08-29,EC30265_0,indigenous_territories,Ecuador,EC,Piunza,Titulada,202502,0.0,161.57,-78.882462,-3.920947,-78.790999,-3.853322
2026-08-29,EC30265_0,indigenous_territories,Ecuador,EC,Piunza,Titulada,202503,107.33,268.89,-78.882462,-3.920947,-78.790999,-3.853322
2026-08-29,EC30265_0,indigenous_territories,Ecuador,EC,Piunza,Titulada,202504,5.65,274.54,-78.882462,-3.920947,-78.790999,-3.853322
2026-08-29,EC30265_0,indigenous_territories,Ecuador,EC,Piunza,Titulada,202601,0.0,274.54,-78.882462,-3.920947,-78.790999,-3.853322
2026-08-29,EC30265_0,indigenous_territories,Ecuador,EC,Piunza,Titulada,202602,0.0,274.54,-78.882462,-3.920947,-78.790999,-3.853322
2026-08-29,EC30263_0,indigenous_territories,Ecuador,EC,Piunza - El Carmelo - Guadalupe,Titulada,201800,0.0,0.0,-78.899778,-3.882137,-78.860176,-3.799141
2026-08-29,EC30263_0,indigenous_territories,Ecuador,EC,Piunza - El Carmelo - Guadalupe,Titulada,201900,0.0,0.0,-78.899778,-3.882137,-78.860176,-3.799141
2026-08-29,EC30263_0,indigenous_territories,Ecuador,EC,Piunza - El Carmelo - Guadalupe,Titulada,202000,0.0,0.0,-78.899778,-3.882137,-78.860176,-3.799141
2026-08-29,EC30263_0,indigenous_territories,Ecuador,EC,Piunza - El Carmelo - Guadalupe,Titulada,202100,5.39,5.39,-78.899778,-3.882137,-78.860176,-3.799141
2026-08-29,EC30263_0,indigenous_territories,Ecuador,EC,Piunza - El Carmelo - Guadalupe,Titulada,202200,1.11,6.51,-78.899778,-3.882137,-78.860176,-3.799141
2026-08-29,EC30263_0,indigenous_territories,Ecuador,EC,Piunza - El Carmelo - Guadalupe,Titulada,202300,16.76,23.27,-78.899778,-3.882137,-78.860176,-3.799141
2026-08-29,EC30263_0,indigenous_territories,Ecuador,EC,Piunza - El Carmelo - Guadalupe,Titulada,202400,35.49,58.75,-78.899778,-3.882137,-78.860176,-3.799141
2026-08-29,EC30263_0,indigenous_territories,Ecuador,EC,Piunza - El Carmelo - Guadalupe,Titulada,202501,7.91,66.66,-78.899778,-3.882137,-78.860176,-3.799141
2026-08-29,EC30263_0,indigenous_territories,Ecuador,EC,Piunza - El Carmelo - Guadalupe,Titulada,202502,0.0,66.66,-78.899778,-3.882137,-78.860176,-3.799141
2026-08-29,EC30263_0,indigenous_territories,Ecuador,EC,Piunza - El Carmelo - Guadalupe,Titulada,202503,5.21,71.88,-78.899778,-3.882137,-78.860176,-3.799141
2026-08-29,EC30263_0,indigenous_territories,Ecuador,EC,Piunza - El Carmelo - Guadalupe,Titulada,202504,0.0,71.88,-78.899778,-3.882137,-78.860176,-3.799141
2026-08-29,EC30263_0,indigenous_territories,Ecuador,EC,Piunza - El Carmelo - Guadalupe,Titulada,202601,0.0,71.88,-78.899778,-3.882137,-78.860176,-3.799141
2026-08-29,EC30263_0,indigenous_territories,Ecuador,EC,Piunza - El Carmelo - Guadalupe,Titulada,202602,0.0,71.88,-78.899778,-3.882137,-78.860176,-3.799141
2026-08-29,EC30512_0,indigenous_territories,Ecuador,EC,Puca Hurco,Titulada,201800,0.0,0.0,-77.671464,-1.041821,-77.639408,-1.009823
2026-08-29,EC30512_0,indigenous_territories,Ecuador,EC,Puca Hurco,Titulada,201900,0.0,0.0,-77.671464,-1.041821,-77.639408,-1.009823
2026-08-29,EC30512_0,indigenous_territories,Ecuador,EC,Puca Hurco,Titulada,202000,0.0,0.0,-77.671464,-1.041821,-77.639408,-1.009823
2026-08-29,EC30512_0,indigenous_territories,Ecuador,EC,Puca Hurco,Titulada,202100,0.0,0.0,-77.671464,-1.041821,-77.639408,-1.009823
2026-08-29,EC30512_0,indigenous_territories,Ecuador,EC,Puca Hurco,Titulada,202200,0.0,0.0,-77.671464,-1.041821,-77.639408,-1.009823
2026-08-29,EC30512_0,indigenous_territories,Ecuador,EC,Puca Hurco,Titulada,202300,0.0,0.0,-77.671464,-1.041821,-77.639408,-1.009823
2026-08-29,EC30512_0,indigenous_territories,Ecuador,EC,Puca Hurco,Titulada,202400,0.0,0.0,-77.671464,-1.041821,-77.639408,-1.009823
2026-08-29,EC30512_0,indigenous_territories,Ecuador,EC,Puca Hurco,Titulada,202501,34.31,34.31,-77.671464,-1.041821,-77.639408,-1.009823
2026-08-29,EC30512_0,indigenous_territories,Ecuador,EC,Puca Hurco,Titulada,202502,0.0,34.31,-77.671464,-1.041821,-77.639408,-1.009823
2026-08-29,EC30512_0,indigenous_territories,Ecuador,EC,Puca Hurco,Titulada,202503,9.56,43.87,-77.671464,-1.041821,-77.639408,-1.009823
2026-08-29,EC30512_0,indigenous_territories,Ecuador,EC,Puca Hurco,Titulada,202504,0.0,43.87,-77.671464,-1.041821,-77.639408,-1.009823
2026-08-29,EC30512_0,indigenous_territories,Ecuador,EC,Puca Hurco,Titulada,202601,0.0,43.87,-77.671464,-1.041821,-77.639408,-1.009823
2026-08-29,EC30512_0,indigenous_territories,Ecuador,EC,Puca Hurco,Titulada,202602,0.0,43.87,-77.671464,-1.041821,-77.639408,-1.009823
2026-08-29,EC30515_0,indigenous_territories,Ecuador,EC,Puni Anzu,Titulada,201800,0.0,0.0,-77.751779,-1.154068,-77.705158,-1.118934
2026-08-29,EC30515_0,indigenous_territories,Ecuador,EC,Puni Anzu,Titulada,201900,0.0,0.0,-77.751779,-1.154068,-77.705158,-1.118934
2026-08-29,EC30515_0,indigenous_territories,Ecuador,EC,Puni Anzu,Titulada,202000,0.0,0.0,-77.751779,-1.154068,-77.705158,-1.118934
2026-08-29,EC30515_0,indigenous_territories,Ecuador,EC,Puni Anzu,Titulada,202100,0.0,0.0,-77.751779,-1.154068,-77.705158,-1.118934
2026-08-29,EC30515_0,indigenous_territories,Ecuador,EC,Puni Anzu,Titulada,202200,0.0,0.0,-77.751779,-1.154068,-77.705158,-1.118934
2026-08-29,EC30515_0,indigenous_territories,Ecuador,EC,Puni Anzu,Titulada,202300,0.0,0.0,-77.751779,-1.154068,-77.705158,-1.118934
2026-08-29,EC30515_0,indigenous_territories,Ecuador,EC,Puni Anzu,Titulada,202400,5.52,5.52,-77.751779,-1.154068,-77.705158,-1.118934
2026-08-29,EC30515_0,indigenous_territories,Ecuador,EC,Puni Anzu,Titulada,202501,2.22,7.74,-77.751779,-1.154068,-77.705158,-1.118934
2026-08-29,EC30515_0,indigenous_territories,Ecuador,EC,Puni Anzu,Titulada,202502,0.0,7.74,-77.751779,-1.154068,-77.705158,-1.118934
2026-08-29,EC30515_0,indigenous_territories,Ecuador,EC,Puni Anzu,Titulada,202503,0.0,7.74,-77.751779,-1.154068,-77.705158,-1.118934
2026-08-29,EC30515_0,indigenous_territories,Ecuador,EC,Puni Anzu,Titulada,202504,0.0,7.74,-77.751779,-1.154068,-77.705158,-1.118934
2026-08-29,EC30515_0,indigenous_territories,Ecuador,EC,Puni Anzu,Titulada,202601,0.0,7.74,-77.751779,-1.154068,-77.705158,-1.118934
2026-08-29,EC30515_0,indigenous_territories,Ecuador,EC,Puni Anzu,Titulada,202602,0.0,7.74,-77.751779,-1.154068,-77.705158,-1.118934
2026-08-29,EC30582_0,indigenous_territories,Ecuador,EC,Puni San Antonio,Titulada,201800,0.0,0.0,-77.730735,-1.177964,-77.69552,-1.145298
2026-08-29,EC30582_0,indigenous_territories,Ecuador,EC,Puni San Antonio,Titulada,201900,0.0,0.0,-77.730735,-1.177964,-77.69552,-1.145298
2026-08-29,EC30582_0,indigenous_territories,Ecuador,EC,Puni San Antonio,Titulada,202000,0.0,0.0,-77.730735,-1.177964,-77.69552,-1.145298
2026-08-29,EC30582_0,indigenous_territories,Ecuador,EC,Puni San Antonio,Titulada,202100,0.0,0.0,-77.730735,-1.177964,-77.69552,-1.145298
2026-08-29,EC30582_0,indigenous_territories,Ecuador,EC,Puni San Antonio,Titulada,202200,0.0,0.0,-77.730735,-1.177964,-77.69552,-1.145298
2026-08-29,EC30582_0,indigenous_territories,Ecuador,EC,Puni San Antonio,Titulada,202300,0.0,0.0,-77.730735,-1.177964,-77.69552,-1.145298
2026-08-29,EC30582_0,indigenous_territories,Ecuador,EC,Puni San Antonio,Titulada,202400,0.35,0.35,-77.730735,-1.177964,-77.69552,-1.145298
2026-08-29,EC30582_0,indigenous_territories,Ecuador,EC,Puni San Antonio,Titulada,202501,40.85,41.2,-77.730735,-1.177964,-77.69552,-1.145298
2026-08-29,EC30582_0,indigenous_territories,Ecuador,EC,Puni San Antonio,Titulada,202502,0.0,41.2,-77.730735,-1.177964,-77.69552,-1.145298
2026-08-29,EC30582_0,indigenous_territories,Ecuador,EC,Puni San Antonio,Titulada,202503,0.0,41.2,-77.730735,-1.177964,-77.69552,-1.145298
2026-08-29,EC30582_0,indigenous_territories,Ecuador,EC,Puni San Antonio,Titulada,202504,0.0,41.2,-77.730735,-1.177964,-77.69552,-1.145298
2026-08-29,EC30582_0,indigenous_territories,Ecuador,EC,Puni San Antonio,Titulada,202601,0.0,41.2,-77.730735,-1.177964,-77.69552,-1.145298
2026-08-29,EC30582_0,indigenous_territories,Ecuador,EC,Puni San Antonio,Titulada,202602,0.0,41.2,-77.730735,-1.177964,-77.69552,-1.145298
2026-08-29,EC30289_0,indigenous_territories,Ecuador,EC,Reserva Shuar,Titulada,201800,0.0,0.0,-78.604355,-3.515747,-78.480993,-3.432495
2026-08-29,EC30289_0,indigenous_territories,Ecuador,EC,Reserva Shuar,Titulada,201900,0.0,0.0,-78.604355,-3.515747,-78.480993,-3.432495
2026-08-29,EC30289_0,indigenous_territories,Ecuador,EC,Reserva Shuar,Titulada,202000,0.0,0.0,-78.604355,-3.515747,-78.480993,-3.432495
2026-08-29,EC30289_0,indigenous_territories,Ecuador,EC,Reserva Shuar,Titulada,202100,7.04,7.04,-78.604355,-3.515747,-78.480993,-3.432495
2026-08-29,EC30289_0,indigenous_territories,Ecuador,EC,Reserva Shuar,Titulada,202200,1.57,8.61,-78.604355,-3.515747,-78.480993,-3.432495
2026-08-29,EC30289_0,indigenous_territories,Ecuador,EC,Reserva Shuar,Titulada,202300,10.13,18.74,-78.604355,-3.515747,-78.480993,-3.432495
2026-08-29,EC30289_0,indigenous_territories,Ecuador,EC,Reserva Shuar,Titulada,202400,13.47,32.21,-78.604355,-3.515747,-78.480993,-3.432495
2026-08-29,EC30289_0,indigenous_territories,Ecuador,EC,Reserva Shuar,Titulada,202501,0.0,32.21,-78.604355,-3.515747,-78.480993,-3.432495
2026-08-29,EC30289_0,indigenous_territories,Ecuador,EC,Reserva Shuar,Titulada,202502,0.0,32.21,-78.604355,-3.515747,-78.480993,-3.432495
2026-08-29,EC30289_0,indigenous_territories,Ecuador,EC,Reserva Shuar,Titulada,202503,14.63,46.84,-78.604355,-3.515747,-78.480993,-3.432495
2026-08-29,EC30289_0,indigenous_territories,Ecuador,EC,Reserva Shuar,Titulada,202504,0.0,46.84,-78.604355,-3.515747,-78.480993,-3.432495
2026-08-29,EC30289_0,indigenous_territories,Ecuador,EC,Reserva Shuar,Titulada,202601,0.0,46.84,-78.604355,-3.515747,-78.480993,-3.432495
2026-08-29,EC30289_0,indigenous_territories,Ecuador,EC,Reserva Shuar,Titulada,202602,0.0,46.84,-78.604355,-3.515747,-78.480993,-3.432495
2026-08-29,EC30260_0,indigenous_territories,Ecuador,EC,Reserva Shuar Kenkiun,Titulada,201800,207.62,207.62,-78.649162,-4.062877,-78.597251,-4.007556
2026-08-29,EC30260_0,indigenous_territories,Ecuador,EC,Reserva Shuar Kenkiun,Titulada,201900,0.34,207.95,-78.649162,-4.062877,-78.597251,-4.007556
2026-08-29,EC30260_0,indigenous_territories,Ecuador,EC,Reserva Shuar Kenkiun,Titulada,202000,0.21,208.17,-78.649162,-4.062877,-78.597251,-4.007556
2026-08-29,EC30260_0,indigenous_territories,Ecuador,EC,Reserva Shuar Kenkiun,Titulada,202100,69.15,277.31,-78.649162,-4.062877,-78.597251,-4.007556
2026-08-29,EC30260_0,indigenous_territories,Ecuador,EC,Reserva Shuar Kenkiun,Titulada,202200,0.0,277.31,-78.649162,-4.062877,-78.597251,-4.007556
2026-08-29,EC30260_0,indigenous_territories,Ecuador,EC,Reserva Shuar Kenkiun,Titulada,202300,0.0,277.31,-78.649162,-4.062877,-78.597251,-4.007556
2026-08-29,EC30260_0,indigenous_territories,Ecuador,EC,Reserva Shuar Kenkiun,Titulada,202400,87.91,365.23,-78.649162,-4.062877,-78.597251,-4.007556
2026-08-29,EC30260_0,indigenous_territories,Ecuador,EC,Reserva Shuar Kenkiun,Titulada,202501,0.0,365.23,-78.649162,-4.062877,-78.597251,-4.007556
2026-08-29,EC30260_0,indigenous_territories,Ecuador,EC,Reserva Shuar Kenkiun,Titulada,202502,0.0,365.23,-78.649162,-4.062877,-78.597251,-4.007556
2026-08-29,EC30260_0,indigenous_territories,Ecuador,EC,Reserva Shuar Kenkiun,Titulada,202503,62.82,428.04,-78.649162,-4.062877,-78.597251,-4.007556
2026-08-29,EC30260_0,indigenous_territories,Ecuador,EC,Reserva Shuar Kenkiun,Titulada,202504,1.6,429.64,-78.649162,-4.062877,-78.597251,-4.007556
2026-08-29,EC30260_0,indigenous_territories,Ecuador,EC,Reserva Shuar Kenkiun,Titulada,202601,0.0,429.64,-78.649162,-4.062877,-78.597251,-4.007556
2026-08-29,EC30260_0,indigenous_territories,Ecuador,EC,Reserva Shuar Kenkiun,Titulada,202602,17.63,447.27,-78.649162,-4.062877,-78.597251,-4.007556
2026-08-29,EC30257_0,indigenous_territories,Ecuador,EC,Reserva Shuar Tsarunts,Titulada,201800,2.68,2.68,-78.651076,-4.116228,-78.590505,-4.041007
2026-08-29,EC30257_0,indigenous_territories,Ecuador,EC,Reserva Shuar Tsarunts,Titulada,201900,0.0,2.68,-78.651076,-4.116228,-78.590505,-4.041007
2026-08-29,EC30257_0,indigenous_territories,Ecuador,EC,Reserva Shuar Tsarunts,Titulada,202000,2.73,5.41,-78.651076,-4.116228,-78.590505,-4.041007
2026-08-29,EC30257_0,indigenous_territories,Ecuador,EC,Reserva Shuar Tsarunts,Titulada,202100,5.25,10.67,-78.651076,-4.116228,-78.590505,-4.041007
2026-08-29,EC30257_0,indigenous_territories,Ecuador,EC,Reserva Shuar Tsarunts,Titulada,202200,0.09,10.75,-78.651076,-4.116228,-78.590505,-4.041007
2026-08-29,EC30257_0,indigenous_territories,Ecuador,EC,Reserva Shuar Tsarunts,Titulada,202300,0.0,10.75,-78.651076,-4.116228,-78.590505,-4.041007
2026-08-29,EC30257_0,indigenous_territories,Ecuador,EC,Reserva Shuar Tsarunts,Titulada,202400,47.35,58.1,-78.651076,-4.116228,-78.590505,-4.041007
2026-08-29,EC30257_0,indigenous_territories,Ecuador,EC,Reserva Shuar Tsarunts,Titulada,202501,0.0,58.1,-78.651076,-4.116228,-78.590505,-4.041007
2026-08-29,EC30257_0,indigenous_territories,Ecuador,EC,Reserva Shuar Tsarunts,Titulada,202502,0.0,58.1,-78.651076,-4.116228,-78.590505,-4.041007
2026-08-29,EC30257_0,indigenous_territories,Ecuador,EC,Reserva Shuar Tsarunts,Titulada,202503,3.67,61.78,-78.651076,-4.116228,-78.590505,-4.041007
2026-08-29,EC30257_0,indigenous_territories,Ecuador,EC,Reserva Shuar Tsarunts,Titulada,202504,19.19,80.96,-78.651076,-4.116228,-78.590505,-4.041007
2026-08-29,EC30257_0,indigenous_territories,Ecuador,EC,Reserva Shuar Tsarunts,Titulada,202601,0.0,80.96,-78.651076,-4.116228,-78.590505,-4.041007
2026-08-29,EC30257_0,indigenous_territories,Ecuador,EC,Reserva Shuar Tsarunts,Titulada,202602,10.65,91.61,-78.651076,-4.116228,-78.590505,-4.041007
2026-08-29,EC30388_0,indigenous_territories,Ecuador,EC,Saraguro,Sin reconocimiento,201800,0.0,0.0,-79.391072,-4.208287,-78.57458,-3.342224
2026-08-29,EC30388_0,indigenous_territories,Ecuador,EC,Saraguro,Sin reconocimiento,201900,0.0,0.0,-79.391072,-4.208287,-78.57458,-3.342224
2026-08-29,EC30388_0,indigenous_territories,Ecuador,EC,Saraguro,Sin reconocimiento,202000,0.0,0.0,-79.391072,-4.208287,-78.57458,-3.342224
2026-08-29,EC30388_0,indigenous_territories,Ecuador,EC,Saraguro,Sin reconocimiento,202100,0.0,0.0,-79.391072,-4.208287,-78.57458,-3.342224
2026-08-29,EC30388_0,indigenous_territories,Ecuador,EC,Saraguro,Sin reconocimiento,202200,0.0,0.0,-79.391072,-4.208287,-78.57458,-3.342224
2026-08-29,EC30388_0,indigenous_territories,Ecuador,EC,Saraguro,Sin reconocimiento,202300,3.15,3.15,-79.391072,-4.208287,-78.57458,-3.342224
2026-08-29,EC30388_0,indigenous_territories,Ecuador,EC,Saraguro,Sin reconocimiento,202400,0.0,3.15,-79.391072,-4.208287,-78.57458,-3.342224
2026-08-29,EC30388_0,indigenous_territories,Ecuador,EC,Saraguro,Sin reconocimiento,202501,0.0,3.15,-79.391072,-4.208287,-78.57458,-3.342224
2026-08-29,EC30388_0,indigenous_territories,Ecuador,EC,Saraguro,Sin reconocimiento,202502,0.0,3.15,-79.391072,-4.208287,-78.57458,-3.342224
2026-08-29,EC30388_0,indigenous_territories,Ecuador,EC,Saraguro,Sin reconocimiento,202503,0.0,3.15,-79.391072,-4.208287,-78.57458,-3.342224
2026-08-29,EC30388_0,indigenous_territories,Ecuador,EC,Saraguro,Sin reconocimiento,202504,0.0,3.15,-79.391072,-4.208287,-78.57458,-3.342224
2026-08-29,EC30388_0,indigenous_territories,Ecuador,EC,Saraguro,Sin reconocimiento,202601,0.0,3.15,-79.391072,-4.208287,-78.57458,-3.342224
2026-08-29,EC30388_0,indigenous_territories,Ecuador,EC,Saraguro,Sin reconocimiento,202602,0.0,3.15,-79.391072,-4.208287,-78.57458,-3.342224
2026-08-29,EC30711_0,indigenous_territories,Ecuador,EC,Shaime,Titulada,201800,2.54,2.54,-78.759541,-4.38334,-78.654263,-4.272759
2026-08-29,EC30711_0,indigenous_territories,Ecuador,EC,Shaime,Titulada,201900,128.83,131.38,-78.759541,-4.38334,-78.654263,-4.272759
2026-08-29,EC30711_0,indigenous_territories,Ecuador,EC,Shaime,Titulada,202000,157.07,288.45,-78.759541,-4.38334,-78.654263,-4.272759
2026-08-29,EC30711_0,indigenous_territories,Ecuador,EC,Shaime,Titulada,202100,228.92,517.36,-78.759541,-4.38334,-78.654263,-4.272759
2026-08-29,EC30711_0,indigenous_territories,Ecuador,EC,Shaime,Titulada,202200,81.38,598.74,-78.759541,-4.38334,-78.654263,-4.272759
2026-08-29,EC30711_0,indigenous_territories,Ecuador,EC,Shaime,Titulada,202300,64.63,663.38,-78.759541,-4.38334,-78.654263,-4.272759
2026-08-29,EC30711_0,indigenous_territories,Ecuador,EC,Shaime,Titulada,202400,16.84,680.22,-78.759541,-4.38334,-78.654263,-4.272759
2026-08-29,EC30711_0,indigenous_territories,Ecuador,EC,Shaime,Titulada,202501,22.32,702.54,-78.759541,-4.38334,-78.654263,-4.272759
2026-08-29,EC30711_0,indigenous_territories,Ecuador,EC,Shaime,Titulada,202502,5.79,708.33,-78.759541,-4.38334,-78.654263,-4.272759
2026-08-29,EC30711_0,indigenous_territories,Ecuador,EC,Shaime,Titulada,202503,2.94,711.27,-78.759541,-4.38334,-78.654263,-4.272759
2026-08-29,EC30711_0,indigenous_territories,Ecuador,EC,Shaime,Titulada,202504,4.83,716.1,-78.759541,-4.38334,-78.654263,-4.272759
2026-08-29,EC30711_0,indigenous_territories,Ecuador,EC,Shaime,Titulada,202601,0.0,716.1,-78.759541,-4.38334,-78.654263,-4.272759
2026-08-29,EC30711_0,indigenous_territories,Ecuador,EC,Shaime,Titulada,202602,2.52,718.62,-78.759541,-4.38334,-78.654263,-4.272759
2026-08-29,EC30276_0,indigenous_territories,Ecuador,EC,Shaimi,Titulada,201800,0.28,0.28,-78.728137,-4.408693,-78.65391,-4.335513
2026-08-29,EC30276_0,indigenous_territories,Ecuador,EC,Shaimi,Titulada,201900,6.61,6.89,-78.728137,-4.408693,-78.65391,-4.335513
2026-08-29,EC30276_0,indigenous_territories,Ecuador,EC,Shaimi,Titulada,202000,6.29,13.18,-78.728137,-4.408693,-78.65391,-4.335513
2026-08-29,EC30276_0,indigenous_territories,Ecuador,EC,Shaimi,Titulada,202100,3.69,16.88,-78.728137,-4.408693,-78.65391,-4.335513
2026-08-29,EC30276_0,indigenous_territories,Ecuador,EC,Shaimi,Titulada,202200,0.7,17.58,-78.728137,-4.408693,-78.65391,-4.335513
2026-08-29,EC30276_0,indigenous_territories,Ecuador,EC,Shaimi,Titulada,202300,6.47,24.05,-78.728137,-4.408693,-78.65391,-4.335513
2026-08-29,EC30276_0,indigenous_territories,Ecuador,EC,Shaimi,Titulada,202400,8.05,32.1,-78.728137,-4.408693,-78.65391,-4.335513
2026-08-29,EC30276_0,indigenous_territories,Ecuador,EC,Shaimi,Titulada,202501,0.0,32.1,-78.728137,-4.408693,-78.65391,-4.335513
2026-08-29,EC30276_0,indigenous_territories,Ecuador,EC,Shaimi,Titulada,202502,0.0,32.1,-78.728137,-4.408693,-78.65391,-4.335513
2026-08-29,EC30276_0,indigenous_territories,Ecuador,EC,Shaimi,Titulada,202503,0.02,32.13,-78.728137,-4.408693,-78.65391,-4.335513
2026-08-29,EC30276_0,indigenous_territories,Ecuador,EC,Shaimi,Titulada,202504,0.0,32.13,-78.728137,-4.408693,-78.65391,-4.335513
2026-08-29,EC30276_0,indigenous_territories,Ecuador,EC,Shaimi,Titulada,202601,0.0,32.13,-78.728137,-4.408693,-78.65391,-4.335513
2026-08-29,EC30276_0,indigenous_territories,Ecuador,EC,Shaimi,Titulada,202602,3.57,35.69,-78.728137,-4.408693,-78.65391,-4.335513
2026-08-29,EC30019_0,indigenous_territories,Ecuador,EC,Sin Información,Titulada,201800,0.0,0.0,-78.894791,-4.511661,-78.73798,-4.135615
2026-08-29,EC30022_0,indigenous_territories,Ecuador,EC,Sin Información,Sin reconocimiento,201800,0.0,0.0,-78.417251,-2.748368,-78.30259,-2.674453
2026-08-29,EC30053_0,indigenous_territories,Ecuador,EC,Sin Información,Titulada,201800,0.0,0.0,-78.572623,-3.815421,-78.561273,-3.801266
2026-08-29,EC30019_0,indigenous_territories,Ecuador,EC,Sin Información,Titulada,201900,0.0,0.0,-78.894791,-4.511661,-78.73798,-4.135615
2026-08-29,EC30022_0,indigenous_territories,Ecuador,EC,Sin Información,Sin reconocimiento,201900,0.0,0.0,-78.417251,-2.748368,-78.30259,-2.674453
2026-08-29,EC30053_0,indigenous_territories,Ecuador,EC,Sin Información,Titulada,201900,0.0,0.0,-78.572623,-3.815421,-78.561273,-3.801266
2026-08-29,EC30019_0,indigenous_territories,Ecuador,EC,Sin Información,Titulada,202000,0.0,0.0,-78.894791,-4.511661,-78.73798,-4.135615
2026-08-29,EC30022_0,indigenous_territories,Ecuador,EC,Sin Información,Sin reconocimiento,202000,0.0,0.0,-78.417251,-2.748368,-78.30259,-2.674453
2026-08-29,EC30053_0,indigenous_territories,Ecuador,EC,Sin Información,Titulada,202000,0.0,0.0,-78.572623,-3.815421,-78.561273,-3.801266
2026-08-29,EC30019_0,indigenous_territories,Ecuador,EC,Sin Información,Titulada,202100,0.0,0.0,-78.894791,-4.511661,-78.73798,-4.135615
2026-08-29,EC30022_0,indigenous_territories,Ecuador,EC,Sin Información,Sin reconocimiento,202100,0.0,0.0,-78.417251,-2.748368,-78.30259,-2.674453
2026-08-29,EC30053_0,indigenous_territories,Ecuador,EC,Sin Información,Titulada,202100,0.0,0.0,-78.572623,-3.815421,-78.561273,-3.801266
2026-08-29,EC30019_0,indigenous_territories,Ecuador,EC,Sin Información,Titulada,202200,0.0,0.0,-78.894791,-4.511661,-78.73798,-4.135615
2026-08-29,EC30022_0,indigenous_territories,Ecuador,EC,Sin Información,Sin reconocimiento,202200,0.0,0.0,-78.417251,-2.748368,-78.30259,-2.674453
2026-08-29,EC30053_0,indigenous_territories,Ecuador,EC,Sin Información,Titulada,202200,0.0,0.0,-78.572623,-3.815421,-78.561273,-3.801266
2026-08-29,EC30019_0,indigenous_territories,Ecuador,EC,Sin Información,Titulada,202300,0.0,0.0,-78.894791,-4.511661,-78.73798,-4.135615
2026-08-29,EC30022_0,indigenous_territories,Ecuador,EC,Sin Información,Sin reconocimiento,202300,11.76,11.76,-78.417251,-2.748368,-78.30259,-2.674453
2026-08-29,EC30053_0,indigenous_territories,Ecuador,EC,Sin Información,Titulada,202300,0.0,0.0,-78.572623,-3.815421,-78.561273,-3.801266
2026-08-29,EC30019_0,indigenous_territories,Ecuador,EC,Sin Información,Titulada,202400,0.0,0.0,-78.894791,-4.511661,-78.73798,-4.135615
2026-08-29,EC30022_0,indigenous_territories,Ecuador,EC,Sin Información,Sin reconocimiento,202400,0.0,11.76,-78.417251,-2.748368,-78.30259,-2.674453
2026-08-29,EC30053_0,indigenous_territories,Ecuador,EC,Sin Información,Titulada,202400,0.0,0.0,-78.572623,-3.815421,-78.561273,-3.801266
2026-08-29,EC30019_0,indigenous_territories,Ecuador,EC,Sin Información,Titulada,202501,3.25,3.25,-78.894791,-4.511661,-78.73798,-4.135615
2026-08-29,EC30022_0,indigenous_territories,Ecuador,EC,Sin Información,Sin reconocimiento,202501,0.0,11.76,-78.417251,-2.748368,-78.30259,-2.674453
2026-08-29,EC30053_0,indigenous_territories,Ecuador,EC,Sin Información,Titulada,202501,0.0,0.0,-78.572623,-3.815421,-78.561273,-3.801266
2026-08-29,EC30019_0,indigenous_territories,Ecuador,EC,Sin Información,Titulada,202502,0.0,3.25,-78.894791,-4.511661,-78.73798,-4.135615
2026-08-29,EC30022_0,indigenous_territories,Ecuador,EC,Sin Información,Sin reconocimiento,202502,0.0,11.76,-78.417251,-2.748368,-78.30259,-2.674453
2026-08-29,EC30053_0,indigenous_territories,Ecuador,EC,Sin Información,Titulada,202502,0.0,0.0,-78.572623,-3.815421,-78.561273,-3.801266
2026-08-29,EC30019_0,indigenous_territories,Ecuador,EC,Sin Información,Titulada,202503,0.0,3.25,-78.894791,-4.511661,-78.73798,-4.135615
2026-08-29,EC30022_0,indigenous_territories,Ecuador,EC,Sin Información,Sin reconocimiento,202503,0.0,11.76,-78.417251,-2.748368,-78.30259,-2.674453
2026-08-29,EC30053_0,indigenous_territories,Ecuador,EC,Sin Información,Titulada,202503,18.96,18.96,-78.572623,-3.815421,-78.561273,-3.801266
2026-08-29,EC30019_0,indigenous_territories,Ecuador,EC,Sin Información,Titulada,202504,0.0,3.25,-78.894791,-4.511661,-78.73798,-4.135615
2026-08-29,EC30022_0,indigenous_territories,Ecuador,EC,Sin Información,Sin reconocimiento,202504,10.23,21.99,-78.417251,-2.748368,-78.30259,-2.674453
2026-08-29,EC30053_0,indigenous_territories,Ecuador,EC,Sin Información,Titulada,202504,1.63,20.59,-78.572623,-3.815421,-78.561273,-3.801266
2026-08-29,EC30019_0,indigenous_territories,Ecuador,EC,Sin Información,Titulada,202601,0.0,3.25,-78.894791,-4.511661,-78.73798,-4.135615
2026-08-29,EC30022_0,indigenous_territories,Ecuador,EC,Sin Información,Sin reconocimiento,202601,0.0,21.99,-78.417251,-2.748368,-78.30259,-2.674453
2026-08-29,EC30053_0,indigenous_territories,Ecuador,EC,Sin Información,Titulada,202601,0.0,20.59,-78.572623,-3.815421,-78.561273,-3.801266
2026-08-29,EC30019_0,indigenous_territories,Ecuador,EC,Sin Información,Titulada,202602,0.0,3.25,-78.894791,-4.511661,-78.73798,-4.135615
2026-08-29,EC30022_0,indigenous_territories,Ecuador,EC,Sin Información,Sin reconocimiento,202602,0.0,21.99,-78.417251,-2.748368,-78.30259,-2.674453
2026-08-29,EC30053_0,indigenous_territories,Ecuador,EC,Sin Información,Titulada,202602,0.0,20.59,-78.572623,-3.815421,-78.561273,-3.801266
2026-08-29,EC30003_0,indigenous_territories,Ecuador,EC,Territorio Etza,Titulada,201800,0.0,0.0,-77.265735,0.178795,-77.184112,0.253009
2026-08-29,EC30003_0,indigenous_territories,Ecuador,EC,Territorio Etza,Titulada,201900,0.0,0.0,-77.265735,0.178795,-77.184112,0.253009
2026-08-29,EC30003_0,indigenous_territories,Ecuador,EC,Territorio Etza,Titulada,202000,7.22,7.22,-77.265735,0.178795,-77.184112,0.253009
2026-08-29,EC30003_0,indigenous_territories,Ecuador,EC,Territorio Etza,Titulada,202100,84.01,91.23,-77.265735,0.178795,-77.184112,0.253009
2026-08-29,EC30003_0,indigenous_territories,Ecuador,EC,Territorio Etza,Titulada,202200,77.55,168.78,-77.265735,0.178795,-77.184112,0.253009
2026-08-29,EC30003_0,indigenous_territories,Ecuador,EC,Territorio Etza,Titulada,202300,54.7,223.48,-77.265735,0.178795,-77.184112,0.253009
2026-08-29,EC30003_0,indigenous_territories,Ecuador,EC,Territorio Etza,Titulada,202400,15.24,238.72,-77.265735,0.178795,-77.184112,0.253009
2026-08-29,EC30003_0,indigenous_territories,Ecuador,EC,Territorio Etza,Titulada,202501,0.0,238.72,-77.265735,0.178795,-77.184112,0.253009
2026-08-29,EC30003_0,indigenous_territories,Ecuador,EC,Territorio Etza,Titulada,202502,0.0,238.72,-77.265735,0.178795,-77.184112,0.253009
2026-08-29,EC30003_0,indigenous_territories,Ecuador,EC,Territorio Etza,Titulada,202503,0.0,238.72,-77.265735,0.178795,-77.184112,0.253009
2026-08-29,EC30003_0,indigenous_territories,Ecuador,EC,Territorio Etza,Titulada,202504,0.0,238.72,-77.265735,0.178795,-77.184112,0.253009
2026-08-29,EC30003_0,indigenous_territories,Ecuador,EC,Territorio Etza,Titulada,202601,0.0,238.72,-77.265735,0.178795,-77.184112,0.253009
2026-08-29,EC30003_0,indigenous_territories,Ecuador,EC,Territorio Etza,Titulada,202602,0.0,238.72,-77.265735,0.178795,-77.184112,0.253009
2026-08-29,EC30002_0,indigenous_territories,Ecuador,EC,Territorio San Antonio,Titulada,201800,0.0,0.0,-77.309635,0.134994,-77.240306,0.224507
2026-08-29,EC30002_0,indigenous_territories,Ecuador,EC,Territorio San Antonio,Titulada,201900,0.0,0.0,-77.309635,0.134994,-77.240306,0.224507
2026-08-29,EC30002_0,indigenous_territories,Ecuador,EC,Territorio San Antonio,Titulada,202000,0.0,0.0,-77.309635,0.134994,-77.240306,0.224507
2026-08-29,EC30002_0,indigenous_territories,Ecuador,EC,Territorio San Antonio,Titulada,202100,0.0,0.0,-77.309635,0.134994,-77.240306,0.224507
2026-08-29,EC30002_0,indigenous_territories,Ecuador,EC,Territorio San Antonio,Titulada,202200,5.8,5.8,-77.309635,0.134994,-77.240306,0.224507
2026-08-29,EC30002_0,indigenous_territories,Ecuador,EC,Territorio San Antonio,Titulada,202300,0.0,5.8,-77.309635,0.134994,-77.240306,0.224507
2026-08-29,EC30002_0,indigenous_territories,Ecuador,EC,Territorio San Antonio,Titulada,202400,0.0,5.81,-77.309635,0.134994,-77.240306,0.224507
2026-08-29,EC30002_0,indigenous_territories,Ecuador,EC,Territorio San Antonio,Titulada,202501,0.0,5.81,-77.309635,0.134994,-77.240306,0.224507
2026-08-29,EC30002_0,indigenous_territories,Ecuador,EC,Territorio San Antonio,Titulada,202502,0.0,5.81,-77.309635,0.134994,-77.240306,0.224507
2026-08-29,EC30002_0,indigenous_territories,Ecuador,EC,Territorio San Antonio,Titulada,202503,0.0,5.81,-77.309635,0.134994,-77.240306,0.224507
2026-08-29,EC30002_0,indigenous_territories,Ecuador,EC,Territorio San Antonio,Titulada,202504,0.0,5.81,-77.309635,0.134994,-77.240306,0.224507
2026-08-29,EC30002_0,indigenous_territories,Ecuador,EC,Territorio San Antonio,Titulada,202601,0.0,5.81,-77.309635,0.134994,-77.240306,0.224507
2026-08-29,EC30002_0,indigenous_territories,Ecuador,EC,Territorio San Antonio,Titulada,202602,0.0,5.81,-77.309635,0.134994,-77.240306,0.224507
2026-08-29,EC30006_0,indigenous_territories,Ecuador,EC,Territorio Taruka,Titulada,201800,0.0,0.0,-77.263595,0.122142,-77.186658,0.232227
2026-08-29,EC30006_0,indigenous_territories,Ecuador,EC,Territorio Taruka,Titulada,201900,0.0,0.0,-77.263595,0.122142,-77.186658,0.232227
2026-08-29,EC30006_0,indigenous_territories,Ecuador,EC,Territorio Taruka,Titulada,202000,12.24,12.24,-77.263595,0.122142,-77.186658,0.232227
2026-08-29,EC30006_0,indigenous_territories,Ecuador,EC,Territorio Taruka,Titulada,202100,24.8,37.04,-77.263595,0.122142,-77.186658,0.232227
2026-08-29,EC30006_0,indigenous_territories,Ecuador,EC,Territorio Taruka,Titulada,202200,88.68,125.72,-77.263595,0.122142,-77.186658,0.232227
2026-08-29,EC30006_0,indigenous_territories,Ecuador,EC,Territorio Taruka,Titulada,202300,78.11,203.83,-77.263595,0.122142,-77.186658,0.232227
2026-08-29,EC30006_0,indigenous_territories,Ecuador,EC,Territorio Taruka,Titulada,202400,53.33,257.16,-77.263595,0.122142,-77.186658,0.232227
2026-08-29,EC30006_0,indigenous_territories,Ecuador,EC,Territorio Taruka,Titulada,202501,0.0,257.16,-77.263595,0.122142,-77.186658,0.232227
2026-08-29,EC30006_0,indigenous_territories,Ecuador,EC,Territorio Taruka,Titulada,202502,0.0,257.16,-77.263595,0.122142,-77.186658,0.232227
2026-08-29,EC30006_0,indigenous_territories,Ecuador,EC,Territorio Taruka,Titulada,202503,0.0,257.16,-77.263595,0.122142,-77.186658,0.232227
2026-08-29,EC30006_0,indigenous_territories,Ecuador,EC,Territorio Taruka,Titulada,202504,0.0,257.16,-77.263595,0.122142,-77.186658,0.232227
2026-08-29,EC30006_0,indigenous_territories,Ecuador,EC,Territorio Taruka,Titulada,202601,0.0,257.16,-77.263595,0.122142,-77.186658,0.232227
2026-08-29,EC30006_0,indigenous_territories,Ecuador,EC,Territorio Taruka,Titulada,202602,0.0,257.16,-77.263595,0.122142,-77.186658,0.232227
2026-08-29,EC30004_0,indigenous_territories,Ecuador,EC,Territorio Yamaran Nankais,Titulada,201800,0.0,0.0,-77.197108,0.213486,-77.128252,0.294114
2026-08-29,EC30004_0,indigenous_territories,Ecuador,EC,Territorio Yamaran Nankais,Titulada,201900,0.0,0.0,-77.197108,0.213486,-77.128252,0.294114
2026-08-29,EC30004_0,indigenous_territories,Ecuador,EC,Territorio Yamaran Nankais,Titulada,202000,0.0,0.0,-77.197108,0.213486,-77.128252,0.294114
2026-08-29,EC30004_0,indigenous_territories,Ecuador,EC,Territorio Yamaran Nankais,Titulada,202100,0.0,0.0,-77.197108,0.213486,-77.128252,0.294114
2026-08-29,EC30004_0,indigenous_territories,Ecuador,EC,Territorio Yamaran Nankais,Titulada,202200,1.91,1.91,-77.197108,0.213486,-77.128252,0.294114
2026-08-29,EC30004_0,indigenous_territories,Ecuador,EC,Territorio Yamaran Nankais,Titulada,202300,0.0,1.91,-77.197108,0.213486,-77.128252,0.294114
2026-08-29,EC30004_0,indigenous_territories,Ecuador,EC,Territorio Yamaran Nankais,Titulada,202400,8.37,10.28,-77.197108,0.213486,-77.128252,0.294114
2026-08-29,EC30004_0,indigenous_territories,Ecuador,EC,Territorio Yamaran Nankais,Titulada,202501,0.0,10.28,-77.197108,0.213486,-77.128252,0.294114
2026-08-29,EC30004_0,indigenous_territories,Ecuador,EC,Territorio Yamaran Nankais,Titulada,202502,0.0,10.28,-77.197108,0.213486,-77.128252,0.294114
2026-08-29,EC30004_0,indigenous_territories,Ecuador,EC,Territorio Yamaran Nankais,Titulada,202503,0.0,10.28,-77.197108,0.213486,-77.128252,0.294114
2026-08-29,EC30004_0,indigenous_territories,Ecuador,EC,Territorio Yamaran Nankais,Titulada,202504,0.0,10.28,-77.197108,0.213486,-77.128252,0.294114
2026-08-29,EC30004_0,indigenous_territories,Ecuador,EC,Territorio Yamaran Nankais,Titulada,202601,0.0,10.28,-77.197108,0.213486,-77.128252,0.294114
2026-08-29,EC30004_0,indigenous_territories,Ecuador,EC,Territorio Yamaran Nankais,Titulada,202602,0.0,10.28,-77.197108,0.213486,-77.128252,0.294114
2026-08-29,EC30699_0,indigenous_territories,Ecuador,EC,Tsarunts,Solicitud de titulación,201800,0.0,0.0,-78.598835,-4.112461,-78.540043,-4.054415
2026-08-29,EC30699_0,indigenous_territories,Ecuador,EC,Tsarunts,Solicitud de titulación,201900,0.0,0.0,-78.598835,-4.112461,-78.540043,-4.054415
2026-08-29,EC30699_0,indigenous_territories,Ecuador,EC,Tsarunts,Solicitud de titulación,202000,0.0,0.0,-78.598835,-4.112461,-78.540043,-4.054415
2026-08-29,EC30699_0,indigenous_territories,Ecuador,EC,Tsarunts,Solicitud de titulación,202100,0.0,0.0,-78.598835,-4.112461,-78.540043,-4.054415
2026-08-29,EC30699_0,indigenous_territories,Ecuador,EC,Tsarunts,Solicitud de titulación,202200,8.66,8.66,-78.598835,-4.112461,-78.540043,-4.054415
2026-08-29,EC30699_0,indigenous_territories,Ecuador,EC,Tsarunts,Solicitud de titulación,202300,1.31,9.97,-78.598835,-4.112461,-78.540043,-4.054415
2026-08-29,EC30699_0,indigenous_territories,Ecuador,EC,Tsarunts,Solicitud de titulación,202400,10.16,20.13,-78.598835,-4.112461,-78.540043,-4.054415
2026-08-29,EC30699_0,indigenous_territories,Ecuador,EC,Tsarunts,Solicitud de titulación,202501,0.0,20.13,-78.598835,-4.112461,-78.540043,-4.054415
2026-08-29,EC30699_0,indigenous_territories,Ecuador,EC,Tsarunts,Solicitud de titulación,202502,0.0,20.13,-78.598835,-4.112461,-78.540043,-4.054415
2026-08-29,EC30699_0,indigenous_territories,Ecuador,EC,Tsarunts,Solicitud de titulación,202503,0.0,20.13,-78.598835,-4.112461,-78.540043,-4.054415
2026-08-29,EC30699_0,indigenous_territories,Ecuador,EC,Tsarunts,Solicitud de titulación,202504,3.89,24.02,-78.598835,-4.112461,-78.540043,-4.054415
2026-08-29,EC30699_0,indigenous_territories,Ecuador,EC,Tsarunts,Solicitud de titulación,202601,0.0,24.02,-78.598835,-4.112461,-78.540043,-4.054415
2026-08-29,EC30699_0,indigenous_territories,Ecuador,EC,Tsarunts,Solicitud de titulación,202602,0.0,24.02,-78.598835,-4.112461,-78.540043,-4.054415
2026-08-29,EC30704_0,indigenous_territories,Ecuador,EC,Tunants,,201800,0.0,0.0,-78.621083,-4.230131,-78.574614,-4.12652
2026-08-29,EC30704_0,indigenous_territories,Ecuador,EC,Tunants,,201900,0.0,0.0,-78.621083,-4.230131,-78.574614,-4.12652
2026-08-29,EC30704_0,indigenous_territories,Ecuador,EC,Tunants,,202000,0.0,0.0,-78.621083,-4.230131,-78.574614,-4.12652
2026-08-29,EC30704_0,indigenous_territories,Ecuador,EC,Tunants,,202100,0.0,0.0,-78.621083,-4.230131,-78.574614,-4.12652
2026-08-29,EC30704_0,indigenous_territories,Ecuador,EC,Tunants,,202200,0.0,0.0,-78.621083,-4.230131,-78.574614,-4.12652
2026-08-29,EC30704_0,indigenous_territories,Ecuador,EC,Tunants,,202300,0.0,0.0,-78.621083,-4.230131,-78.574614,-4.12652
2026-08-29,EC30704_0,indigenous_territories,Ecuador,EC,Tunants,,202400,0.0,0.0,-78.621083,-4.230131,-78.574614,-4.12652
2026-08-29,EC30704_0,indigenous_territories,Ecuador,EC,Tunants,,202501,0.0,0.0,-78.621083,-4.230131,-78.574614,-4.12652
2026-08-29,EC30704_0,indigenous_territories,Ecuador,EC,Tunants,,202502,0.0,0.0,-78.621083,-4.230131,-78.574614,-4.12652
2026-08-29,EC30704_0,indigenous_territories,Ecuador,EC,Tunants,,202503,0.0,0.0,-78.621083,-4.230131,-78.574614,-4.12652
2026-08-29,EC30704_0,indigenous_territories,Ecuador,EC,Tunants,,202504,0.0,0.0,-78.621083,-4.230131,-78.574614,-4.12652
2026-08-29,EC30704_0,indigenous_territories,Ecuador,EC,Tunants,,202601,0.0,0.0,-78.621083,-4.230131,-78.574614,-4.12652
2026-08-29,EC30704_0,indigenous_territories,Ecuador,EC,Tunants,,202602,0.06,0.06,-78.621083,-4.230131,-78.574614,-4.12652
2026-08-29,EC30292_0,indigenous_territories,Ecuador,EC,Tundaime,Titulada,201800,0.0,0.0,-78.511927,-3.586746,-78.461234,-3.551868
2026-08-29,EC30292_0,indigenous_territories,Ecuador,EC,Tundaime,Titulada,201900,0.0,0.0,-78.511927,-3.586746,-78.461234,-3.551868
2026-08-29,EC30292_0,indigenous_territories,Ecuador,EC,Tundaime,Titulada,202000,0.0,0.0,-78.511927,-3.586746,-78.461234,-3.551868
2026-08-29,EC30292_0,indigenous_territories,Ecuador,EC,Tundaime,Titulada,202100,0.0,0.0,-78.511927,-3.586746,-78.461234,-3.551868
2026-08-29,EC30292_0,indigenous_territories,Ecuador,EC,Tundaime,Titulada,202200,0.0,0.0,-78.511927,-3.586746,-78.461234,-3.551868
2026-08-29,EC30292_0,indigenous_territories,Ecuador,EC,Tundaime,Titulada,202300,0.0,0.0,-78.511927,-3.586746,-78.461234,-3.551868
2026-08-29,EC30292_0,indigenous_territories,Ecuador,EC,Tundaime,Titulada,202400,0.0,0.0,-78.511927,-3.586746,-78.461234,-3.551868
2026-08-29,EC30292_0,indigenous_territories,Ecuador,EC,Tundaime,Titulada,202501,0.0,0.0,-78.511927,-3.586746,-78.461234,-3.551868
2026-08-29,EC30292_0,indigenous_territories,Ecuador,EC,Tundaime,Titulada,202502,0.0,0.0,-78.511927,-3.586746,-78.461234,-3.551868
2026-08-29,EC30292_0,indigenous_territories,Ecuador,EC,Tundaime,Titulada,202503,0.0,0.0,-78.511927,-3.586746,-78.461234,-3.551868
2026-08-29,EC30292_0,indigenous_territories,Ecuador,EC,Tundaime,Titulada,202504,0.0,0.0,-78.511927,-3.586746,-78.461234,-3.551868
2026-08-29,EC30292_0,indigenous_territories,Ecuador,EC,Tundaime,Titulada,202601,0.0,0.0,-78.511927,-3.586746,-78.461234,-3.551868
2026-08-29,EC30292_0,indigenous_territories,Ecuador,EC,Tundaime,Titulada,202602,43.39,43.39,-78.511927,-3.586746,-78.461234,-3.551868
2026-08-29,EC30720_0,indigenous_territories,Ecuador,EC,Wampiashuk,Titulada,201800,7.13,7.13,-78.826532,-4.443418,-78.731349,-4.363918
2026-08-29,EC30720_0,indigenous_territories,Ecuador,EC,Wampiashuk,Titulada,201900,0.0,7.13,-78.826532,-4.443418,-78.731349,-4.363918
2026-08-29,EC30720_0,indigenous_territories,Ecuador,EC,Wampiashuk,Titulada,202000,0.06,7.19,-78.826532,-4.443418,-78.731349,-4.363918
2026-08-29,EC30720_0,indigenous_territories,Ecuador,EC,Wampiashuk,Titulada,202100,26.08,33.27,-78.826532,-4.443418,-78.731349,-4.363918
2026-08-29,EC30720_0,indigenous_territories,Ecuador,EC,Wampiashuk,Titulada,202200,0.07,33.34,-78.826532,-4.443418,-78.731349,-4.363918
2026-08-29,EC30720_0,indigenous_territories,Ecuador,EC,Wampiashuk,Titulada,202300,0.0,33.34,-78.826532,-4.443418,-78.731349,-4.363918
2026-08-29,EC30720_0,indigenous_territories,Ecuador,EC,Wampiashuk,Titulada,202400,55.92,89.26,-78.826532,-4.443418,-78.731349,-4.363918
2026-08-29,EC30720_0,indigenous_territories,Ecuador,EC,Wampiashuk,Titulada,202501,0.0,89.26,-78.826532,-4.443418,-78.731349,-4.363918
2026-08-29,EC30720_0,indigenous_territories,Ecuador,EC,Wampiashuk,Titulada,202502,0.0,89.26,-78.826532,-4.443418,-78.731349,-4.363918
2026-08-29,EC30720_0,indigenous_territories,Ecuador,EC,Wampiashuk,Titulada,202503,7.52,96.77,-78.826532,-4.443418,-78.731349,-4.363918
2026-08-29,EC30720_0,indigenous_territories,Ecuador,EC,Wampiashuk,Titulada,202504,8.52,105.29,-78.826532,-4.443418,-78.731349,-4.363918
2026-08-29,EC30720_0,indigenous_territories,Ecuador,EC,Wampiashuk,Titulada,202601,0.0,105.29,-78.826532,-4.443418,-78.731349,-4.363918
2026-08-29,EC30720_0,indigenous_territories,Ecuador,EC,Wampiashuk,Titulada,202602,59.97,165.27,-78.826532,-4.443418,-78.731349,-4.363918
2026-08-29,EC30266_0,indigenous_territories,Ecuador,EC,Wawaime,Titulada,201800,4.55,4.55,-78.91806,-3.935489,-78.856732,-3.880195
2026-08-29,EC30266_0,indigenous_territories,Ecuador,EC,Wawaime,Titulada,201900,0.0,4.55,-78.91806,-3.935489,-78.856732,-3.880195
2026-08-29,EC30266_0,indigenous_territories,Ecuador,EC,Wawaime,Titulada,202000,0.0,4.55,-78.91806,-3.935489,-78.856732,-3.880195
2026-08-29,EC30266_0,indigenous_territories,Ecuador,EC,Wawaime,Titulada,202100,0.0,4.55,-78.91806,-3.935489,-78.856732,-3.880195
2026-08-29,EC30266_0,indigenous_territories,Ecuador,EC,Wawaime,Titulada,202200,11.15,15.7,-78.91806,-3.935489,-78.856732,-3.880195
2026-08-29,EC30266_0,indigenous_territories,Ecuador,EC,Wawaime,Titulada,202300,40.45,56.15,-78.91806,-3.935489,-78.856732,-3.880195
2026-08-29,EC30266_0,indigenous_territories,Ecuador,EC,Wawaime,Titulada,202400,10.07,66.21,-78.91806,-3.935489,-78.856732,-3.880195
2026-08-29,EC30266_0,indigenous_territories,Ecuador,EC,Wawaime,Titulada,202501,0.0,66.21,-78.91806,-3.935489,-78.856732,-3.880195
2026-08-29,EC30266_0,indigenous_territories,Ecuador,EC,Wawaime,Titulada,202502,0.0,66.21,-78.91806,-3.935489,-78.856732,-3.880195
2026-08-29,EC30266_0,indigenous_territories,Ecuador,EC,Wawaime,Titulada,202503,15.98,82.19,-78.91806,-3.935489,-78.856732,-3.880195
2026-08-29,EC30266_0,indigenous_territories,Ecuador,EC,Wawaime,Titulada,202504,0.0,82.19,-78.91806,-3.935489,-78.856732,-3.880195
2026-08-29,EC30266_0,indigenous_territories,Ecuador,EC,Wawaime,Titulada,202601,0.0,82.19,-78.91806,-3.935489,-78.856732,-3.880195
2026-08-29,EC30266_0,indigenous_territories,Ecuador,EC,Wawaime,Titulada,202602,0.0,82.19,-78.91806,-3.935489,-78.856732,-3.880195
2026-08-29,EC30713_0,indigenous_territories,Ecuador,EC,Yawi,Titulada,201800,0.0,0.0,-78.68196,-4.517551,-78.600097,-4.407274
2026-08-29,EC30713_0,indigenous_territories,Ecuador,EC,Yawi,Titulada,201900,0.0,0.0,-78.68196,-4.517551,-78.600097,-4.407274
2026-08-29,EC30713_0,indigenous_territories,Ecuador,EC,Yawi,Titulada,202000,0.0,0.0,-78.68196,-4.517551,-78.600097,-4.407274
2026-08-29,EC30713_0,indigenous_territories,Ecuador,EC,Yawi,Titulada,202100,0.0,0.0,-78.68196,-4.517551,-78.600097,-4.407274
2026-08-29,EC30713_0,indigenous_territories,Ecuador,EC,Yawi,Titulada,202200,0.0,0.0,-78.68196,-4.517551,-78.600097,-4.407274
2026-08-29,EC30713_0,indigenous_territories,Ecuador,EC,Yawi,Titulada,202300,0.0,0.0,-78.68196,-4.517551,-78.600097,-4.407274
2026-08-29,EC30713_0,indigenous_territories,Ecuador,EC,Yawi,Titulada,202400,0.0,0.0,-78.68196,-4.517551,-78.600097,-4.407274
2026-08-29,EC30713_0,indigenous_territories,Ecuador,EC,Yawi,Titulada,202501,0.0,0.0,-78.68196,-4.517551,-78.600097,-4.407274
2026-08-29,EC30713_0,indigenous_territories,Ecuador,EC,Yawi,Titulada,202502,0.0,0.0,-78.68196,-4.517551,-78.600097,-4.407274
2026-08-29,EC30713_0,indigenous_territories,Ecuador,EC,Yawi,Titulada,202503,0.0,0.0,-78.68196,-4.517551,-78.600097,-4.407274
2026-08-29,EC30713_0,indigenous_territories,Ecuador,EC,Yawi,Titulada,202504,0.0,0.0,-78.68196,-4.517551,-78.600097,-4.407274
2026-08-29,EC30713_0,indigenous_territories,Ecuador,EC,Yawi,Titulada,202601,0.0,0.0,-78.68196,-4.517551,-78.600097,-4.407274
2026-08-29,EC30713_0,indigenous_territories,Ecuador,EC,Yawi,Titulada,202602,79.1,79.1,-78.68196,-4.517551,-78.600097,-4.407274
2026-08-29,EC30706_0,indigenous_territories,Ecuador,EC,Yayu,Titulada,201800,0.0,0.0,-78.68124,-4.432747,-78.635195,-4.38161
2026-08-29,EC30706_0,indigenous_territories,Ecuador,EC,Yayu,Titulada,201900,0.0,0.0,-78.68124,-4.432747,-78.635195,-4.38161
2026-08-29,EC30706_0,indigenous_territories,Ecuador,EC,Yayu,Titulada,202000,0.0,0.0,-78.68124,-4.432747,-78.635195,-4.38161
2026-08-29,EC30706_0,indigenous_territories,Ecuador,EC,Yayu,Titulada,202100,0.0,0.0,-78.68124,-4.432747,-78.635195,-4.38161
2026-08-29,EC30706_0,indigenous_territories,Ecuador,EC,Yayu,Titulada,202200,0.0,0.0,-78.68124,-4.432747,-78.635195,-4.38161
2026-08-29,EC30706_0,indigenous_territories,Ecuador,EC,Yayu,Titulada,202300,0.0,0.0,-78.68124,-4.432747,-78.635195,-4.38161
2026-08-29,EC30706_0,indigenous_territories,Ecuador,EC,Yayu,Titulada,202400,0.0,0.0,-78.68124,-4.432747,-78.635195,-4.38161
2026-08-29,EC30706_0,indigenous_territories,Ecuador,EC,Yayu,Titulada,202501,0.0,0.0,-78.68124,-4.432747,-78.635195,-4.38161
2026-08-29,EC30706_0,indigenous_territories,Ecuador,EC,Yayu,Titulada,202502,0.0,0.0,-78.68124,-4.432747,-78.635195,-4.38161
2026-08-29,EC30706_0,indigenous_territories,Ecuador,EC,Yayu,Titulada,202503,17.15,17.15,-78.68124,-4.432747,-78.635195,-4.38161
2026-08-29,EC30706_0,indigenous_territories,Ecuador,EC,Yayu,Titulada,202504,0.0,17.15,-78.68124,-4.432747,-78.635195,-4.38161
2026-08-29,EC30706_0,indigenous_territories,Ecuador,EC,Yayu,Titulada,202601,0.0,17.15,-78.68124,-4.432747,-78.635195,-4.38161
2026-08-29,EC30706_0,indigenous_territories,Ecuador,EC,Yayu,Titulada,202602,18.15,35.3,-78.68124,-4.432747,-78.635195,-4.38161
2026-08-29,EC30267_0,indigenous_territories,Ecuador,EC,Zarza Paquisha,Titulada,201800,0.0,0.0,-78.616199,-3.903611,-78.541048,-3.850652
2026-08-29,EC30267_0,indigenous_territories,Ecuador,EC,Zarza Paquisha,Titulada,201900,0.0,0.0,-78.616199,-3.903611,-78.541048,-3.850652
2026-08-29,EC30267_0,indigenous_territories,Ecuador,EC,Zarza Paquisha,Titulada,202000,0.0,0.0,-78.616199,-3.903611,-78.541048,-3.850652
2026-08-29,EC30267_0,indigenous_territories,Ecuador,EC,Zarza Paquisha,Titulada,202100,0.0,0.0,-78.616199,-3.903611,-78.541048,-3.850652
2026-08-29,EC30267_0,indigenous_territories,Ecuador,EC,Zarza Paquisha,Titulada,202200,0.0,0.0,-78.616199,-3.903611,-78.541048,-3.850652
2026-08-29,EC30267_0,indigenous_territories,Ecuador,EC,Zarza Paquisha,Titulada,202300,0.0,0.0,-78.616199,-3.903611,-78.541048,-3.850652
2026-08-29,EC30267_0,indigenous_territories,Ecuador,EC,Zarza Paquisha,Titulada,202400,0.0,0.0,-78.616199,-3.903611,-78.541048,-3.850652
2026-08-29,EC30267_0,indigenous_territories,Ecuador,EC,Zarza Paquisha,Titulada,202501,0.0,0.0,-78.616199,-3.903611,-78.541048,-3.850652
2026-08-29,EC30267_0,indigenous_territories,Ecuador,EC,Zarza Paquisha,Titulada,202502,0.0,0.0,-78.616199,-3.903611,-78.541048,-3.850652
2026-08-29,EC30267_0,indigenous_territories,Ecuador,EC,Zarza Paquisha,Titulada,202503,0.0,0.0,-78.616199,-3.903611,-78.541048,-3.850652
2026-08-29,EC30267_0,indigenous_territories,Ecuador,EC,Zarza Paquisha,Titulada,202504,63.43,63.43,-78.616199,-3.903611,-78.541048,-3.850652
2026-08-29,EC30267_0,indigenous_territories,Ecuador,EC,Zarza Paquisha,Titulada,202601,0.0,63.43,-78.616199,-3.903611,-78.541048,-3.850652
2026-08-29,EC30267_0,indigenous_territories,Ecuador,EC,Zarza Paquisha,Titulada,202602,16.06,79.49,-78.616199,-3.903611,-78.541048,-3.850652
2026-08-29,EC30294_0,indigenous_territories,Ecuador,EC,Zurmi,Titulada,201800,0.0,0.0,-78.681879,-4.251658,-78.636761,-4.082226
2026-08-29,EC30294_0,indigenous_territories,Ecuador,EC,Zurmi,Titulada,201900,0.0,0.0,-78.681879,-4.251658,-78.636761,-4.082226
2026-08-29,EC30294_0,indigenous_territories,Ecuador,EC,Zurmi,Titulada,202000,0.0,0.0,-78.681879,-4.251658,-78.636761,-4.082226
2026-08-29,EC30294_0,indigenous_territories,Ecuador,EC,Zurmi,Titulada,202100,20.93,20.93,-78.681879,-4.251658,-78.636761,-4.082226
2026-08-29,EC30294_0,indigenous_territories,Ecuador,EC,Zurmi,Titulada,202200,24.17,45.09,-78.681879,-4.251658,-78.636761,-4.082226
2026-08-29,EC30294_0,indigenous_territories,Ecuador,EC,Zurmi,Titulada,202300,94.09,139.18,-78.681879,-4.251658,-78.636761,-4.082226
2026-08-29,EC30294_0,indigenous_territories,Ecuador,EC,Zurmi,Titulada,202400,64.84,204.02,-78.681879,-4.251658,-78.636761,-4.082226
2026-08-29,EC30294_0,indigenous_territories,Ecuador,EC,Zurmi,Titulada,202501,2.27,206.29,-78.681879,-4.251658,-78.636761,-4.082226
2026-08-29,EC30294_0,indigenous_territories,Ecuador,EC,Zurmi,Titulada,202502,2.84,209.13,-78.681879,-4.251658,-78.636761,-4.082226
2026-08-29,EC30294_0,indigenous_territories,Ecuador,EC,Zurmi,Titulada,202503,0.06,209.19,-78.681879,-4.251658,-78.636761,-4.082226
2026-08-29,EC30294_0,indigenous_territories,Ecuador,EC,Zurmi,Titulada,202504,0.0,209.19,-78.681879,-4.251658,-78.636761,-4.082226
2026-08-29,EC30294_0,indigenous_territories,Ecuador,EC,Zurmi,Titulada,202601,0.0,209.19,-78.681879,-4.251658,-78.636761,-4.082226
2026-08-29,EC30294_0,indigenous_territories,Ecuador,EC,Zurmi,Titulada,202602,23.18,232.37,-78.681879,-4.251658,-78.636761,-4.082226
2026-08-29,GF10015_0,indigenous_territories,French Guiana,GF,French Guiana,Reconocida,201800,199.49,199.49,-54.219128,2.853625,-53.185227,3.543762
2026-08-29,GF10141_0,indigenous_territories,French Guiana,GF,French Guiana,Reconocida,201800,0.0,0.0,-52.750941,4.546677,-52.568589,4.693034
2026-08-29,GF10143_0,indigenous_territories,French Guiana,GF,French Guiana,Reconocida,201800,0.0,0.0,-52.790595,4.473057,-52.558118,4.579877
2026-08-29,GF10149_0,indigenous_territories,French Guiana,GF,French Guiana,Reconocida,201800,5.6,5.6,-53.118691,2.575095,-52.04629,3.546004
2026-08-29,GF10015_0,indigenous_territories,French Guiana,GF,French Guiana,Reconocida,201900,26.4,225.89,-54.219128,2.853625,-53.185227,3.543762
2026-08-29,GF10141_0,indigenous_territories,French Guiana,GF,French Guiana,Reconocida,201900,0.0,0.0,-52.750941,4.546677,-52.568589,4.693034
2026-08-29,GF10143_0,indigenous_territories,French Guiana,GF,French Guiana,Reconocida,201900,0.0,0.0,-52.790595,4.473057,-52.558118,4.579877
2026-08-29,GF10149_0,indigenous_territories,French Guiana,GF,French Guiana,Reconocida,201900,21.04,26.64,-53.118691,2.575095,-52.04629,3.546004
2026-08-29,GF10015_0,indigenous_territories,French Guiana,GF,French Guiana,Reconocida,202000,52.27,278.16,-54.219128,2.853625,-53.185227,3.543762
2026-08-29,GF10141_0,indigenous_territories,French Guiana,GF,French Guiana,Reconocida,202000,0.0,0.0,-52.750941,4.546677,-52.568589,4.693034
2026-08-29,GF10143_0,indigenous_territories,French Guiana,GF,French Guiana,Reconocida,202000,5.18,5.18,-52.790595,4.473057,-52.558118,4.579877
2026-08-29,GF10149_0,indigenous_territories,French Guiana,GF,French Guiana,Reconocida,202000,6.22,32.86,-53.118691,2.575095,-52.04629,3.546004
2026-08-29,GF10015_0,indigenous_territories,French Guiana,GF,French Guiana,Reconocida,202100,60.8,338.97,-54.219128,2.853625,-53.185227,3.543762
2026-08-29,GF10141_0,indigenous_territories,French Guiana,GF,French Guiana,Reconocida,202100,0.0,0.0,-52.750941,4.546677,-52.568589,4.693034
2026-08-29,GF10143_0,indigenous_territories,French Guiana,GF,French Guiana,Reconocida,202100,0.69,5.86,-52.790595,4.473057,-52.558118,4.579877
2026-08-29,GF10149_0,indigenous_territories,French Guiana,GF,French Guiana,Reconocida,202100,2.14,35.0,-53.118691,2.575095,-52.04629,3.546004
2026-08-29,GF10015_0,indigenous_territories,French Guiana,GF,French Guiana,Reconocida,202200,65.95,404.92,-54.219128,2.853625,-53.185227,3.543762
2026-08-29,GF10141_0,indigenous_territories,French Guiana,GF,French Guiana,Reconocida,202200,0.0,0.0,-52.750941,4.546677,-52.568589,4.693034
2026-08-29,GF10143_0,indigenous_territories,French Guiana,GF,French Guiana,Reconocida,202200,0.0,5.86,-52.790595,4.473057,-52.558118,4.579877
2026-08-29,GF10149_0,indigenous_territories,French Guiana,GF,French Guiana,Reconocida,202200,5.46,40.46,-53.118691,2.575095,-52.04629,3.546004
2026-08-29,GF10015_0,indigenous_territories,French Guiana,GF,French Guiana,Reconocida,202300,32.4,437.31,-54.219128,2.853625,-53.185227,3.543762
2026-08-29,GF10141_0,indigenous_territories,French Guiana,GF,French Guiana,Reconocida,202300,0.0,0.0,-52.750941,4.546677,-52.568589,4.693034
2026-08-29,GF10143_0,indigenous_territories,French Guiana,GF,French Guiana,Reconocida,202300,20.55,26.41,-52.790595,4.473057,-52.558118,4.579877
2026-08-29,GF10149_0,indigenous_territories,French Guiana,GF,French Guiana,Reconocida,202300,0.66,41.11,-53.118691,2.575095,-52.04629,3.546004
2026-08-29,GF10015_0,indigenous_territories,French Guiana,GF,French Guiana,Reconocida,202400,52.54,489.85,-54.219128,2.853625,-53.185227,3.543762
2026-08-29,GF10141_0,indigenous_territories,French Guiana,GF,French Guiana,Reconocida,202400,0.0,0.0,-52.750941,4.546677,-52.568589,4.693034
2026-08-29,GF10143_0,indigenous_territories,French Guiana,GF,French Guiana,Reconocida,202400,12.38,38.79,-52.790595,4.473057,-52.558118,4.579877
2026-08-29,GF10149_0,indigenous_territories,French Guiana,GF,French Guiana,Reconocida,202400,0.85,41.96,-53.118691,2.575095,-52.04629,3.546004
2026-08-29,GF10015_0,indigenous_territories,French Guiana,GF,French Guiana,Reconocida,202501,0.0,489.85,-54.219128,2.853625,-53.185227,3.543762
2026-08-29,GF10141_0,indigenous_territories,French Guiana,GF,French Guiana,Reconocida,202501,0.0,0.0,-52.750941,4.546677,-52.568589,4.693034
2026-08-29,GF10143_0,indigenous_territories,French Guiana,GF,French Guiana,Reconocida,202501,0.0,38.79,-52.790595,4.473057,-52.558118,4.579877
2026-08-29,GF10149_0,indigenous_territories,French Guiana,GF,French Guiana,Reconocida,202501,0.0,41.96,-53.118691,2.575095,-52.04629,3.546004
2026-08-29,GF10015_0,indigenous_territories,French Guiana,GF,French Guiana,Reconocida,202502,6.48,496.33,-54.219128,2.853625,-53.185227,3.543762
2026-08-29,GF10141_0,indigenous_territories,French Guiana,GF,French Guiana,Reconocida,202502,0.0,0.0,-52.750941,4.546677,-52.568589,4.693034
2026-08-29,GF10143_0,indigenous_territories,French Guiana,GF,French Guiana,Reconocida,202502,8.31,47.1,-52.790595,4.473057,-52.558118,4.579877
2026-08-29,GF10149_0,indigenous_territories,French Guiana,GF,French Guiana,Reconocida,202502,0.0,41.96,-53.118691,2.575095,-52.04629,3.546004
2026-08-29,GF10015_0,indigenous_territories,French Guiana,GF,French Guiana,Reconocida,202503,43.0,539.33,-54.219128,2.853625,-53.185227,3.543762
2026-08-29,GF10141_0,indigenous_territories,French Guiana,GF,French Guiana,Reconocida,202503,0.0,0.0,-52.750941,4.546677,-52.568589,4.693034
2026-08-29,GF10143_0,indigenous_territories,French Guiana,GF,French Guiana,Reconocida,202503,65.66,112.75,-52.790595,4.473057,-52.558118,4.579877
2026-08-29,GF10149_0,indigenous_territories,French Guiana,GF,French Guiana,Reconocida,202503,0.0,41.96,-53.118691,2.575095,-52.04629,3.546004
2026-08-29,GF10015_0,indigenous_territories,French Guiana,GF,French Guiana,Reconocida,202504,0.0,539.33,-54.219128,2.853625,-53.185227,3.543762
2026-08-29,GF10141_0,indigenous_territories,French Guiana,GF,French Guiana,Reconocida,202504,9.05,9.05,-52.750941,4.546677,-52.568589,4.693034
2026-08-29,GF10143_0,indigenous_territories,French Guiana,GF,French Guiana,Reconocida,202504,11.74,124.49,-52.790595,4.473057,-52.558118,4.579877
2026-08-29,GF10149_0,indigenous_territories,French Guiana,GF,French Guiana,Reconocida,202504,0.0,41.96,-53.118691,2.575095,-52.04629,3.546004
2026-08-29,GF10015_0,indigenous_territories,French Guiana,GF,French Guiana,Reconocida,202601,0.0,539.33,-54.219128,2.853625,-53.185227,3.543762
2026-08-29,GF10141_0,indigenous_territories,French Guiana,GF,French Guiana,Reconocida,202601,0.0,9.05,-52.750941,4.546677,-52.568589,4.693034
2026-08-29,GF10143_0,indigenous_territories,French Guiana,GF,French Guiana,Reconocida,202601,0.0,124.49,-52.790595,4.473057,-52.558118,4.579877
2026-08-29,GF10149_0,indigenous_territories,French Guiana,GF,French Guiana,Reconocida,202601,0.0,41.96,-53.118691,2.575095,-52.04629,3.546004
2026-08-29,GF10015_0,indigenous_territories,French Guiana,GF,French Guiana,Reconocida,202602,12.94,552.27,-54.219128,2.853625,-53.185227,3.543762
2026-08-29,GF10141_0,indigenous_territories,French Guiana,GF,French Guiana,Reconocida,202602,0.0,9.05,-52.750941,4.546677,-52.568589,4.693034
2026-08-29,GF10143_0,indigenous_territories,French Guiana,GF,French Guiana,Reconocida,202602,3.63,128.12,-52.790595,4.473057,-52.558118,4.579877
2026-08-29,GF10149_0,indigenous_territories,French Guiana,GF,French Guiana,Reconocida,202602,0.0,41.96,-53.118691,2.575095,-52.04629,3.546004
2026-08-29,GY13036_0,indigenous_territories,Guyana,GY,Arau,,201800,35.43,35.43,-61.158079,6.35597,-61.03688,6.461891
2026-08-29,GY13036_0,indigenous_territories,Guyana,GY,Arau,,201900,2.71,38.14,-61.158079,6.35597,-61.03688,6.461891
2026-08-29,GY13036_0,indigenous_territories,Guyana,GY,Arau,,202000,4.16,42.3,-61.158079,6.35597,-61.03688,6.461891
2026-08-29,GY13036_0,indigenous_territories,Guyana,GY,Arau,,202100,4.95,47.25,-61.158079,6.35597,-61.03688,6.461891
2026-08-29,GY13036_0,indigenous_territories,Guyana,GY,Arau,,202200,1.89,49.14,-61.158079,6.35597,-61.03688,6.461891
2026-08-29,GY13036_0,indigenous_territories,Guyana,GY,Arau,,202300,0.63,49.78,-61.158079,6.35597,-61.03688,6.461891
2026-08-29,GY13036_0,indigenous_territories,Guyana,GY,Arau,,202400,0.23,50.0,-61.158079,6.35597,-61.03688,6.461891
2026-08-29,GY13036_0,indigenous_territories,Guyana,GY,Arau,,202501,0.0,50.0,-61.158079,6.35597,-61.03688,6.461891
2026-08-29,GY13036_0,indigenous_territories,Guyana,GY,Arau,,202502,0.0,50.0,-61.158079,6.35597,-61.03688,6.461891
2026-08-29,GY13036_0,indigenous_territories,Guyana,GY,Arau,,202503,0.0,50.0,-61.158079,6.35597,-61.03688,6.461891
2026-08-29,GY13036_0,indigenous_territories,Guyana,GY,Arau,,202504,0.0,50.0,-61.158079,6.35597,-61.03688,6.461891
2026-08-29,GY13036_0,indigenous_territories,Guyana,GY,Arau,,202601,0.0,50.0,-61.158079,6.35597,-61.03688,6.461891
2026-08-29,GY13036_0,indigenous_territories,Guyana,GY,Arau,,202602,0.0,50.0,-61.158079,6.35597,-61.03688,6.461891
2026-08-29,GY13055_0,indigenous_territories,Guyana,GY,Baramita,,201800,882.51,882.51,-60.637956,7.160925,-60.19441,7.45676
2026-08-29,GY13055_0,indigenous_territories,Guyana,GY,Baramita,,201900,203.88,1086.39,-60.637956,7.160925,-60.19441,7.45676
2026-08-29,GY13055_0,indigenous_territories,Guyana,GY,Baramita,,202000,112.77,1199.16,-60.637956,7.160925,-60.19441,7.45676
2026-08-29,GY13055_0,indigenous_territories,Guyana,GY,Baramita,,202100,99.04,1298.2,-60.637956,7.160925,-60.19441,7.45676
2026-08-29,GY13055_0,indigenous_territories,Guyana,GY,Baramita,,202200,57.17,1355.37,-60.637956,7.160925,-60.19441,7.45676
2026-08-29,GY13055_0,indigenous_territories,Guyana,GY,Baramita,,202300,130.14,1485.51,-60.637956,7.160925,-60.19441,7.45676
2026-08-29,GY13055_0,indigenous_territories,Guyana,GY,Baramita,,202400,219.22,1704.73,-60.637956,7.160925,-60.19441,7.45676
2026-08-29,GY13055_0,indigenous_territories,Guyana,GY,Baramita,,202501,48.07,1752.8,-60.637956,7.160925,-60.19441,7.45676
2026-08-29,GY13055_0,indigenous_territories,Guyana,GY,Baramita,,202502,14.22,1767.01,-60.637956,7.160925,-60.19441,7.45676
2026-08-29,GY13055_0,indigenous_territories,Guyana,GY,Baramita,,202503,24.95,1791.96,-60.637956,7.160925,-60.19441,7.45676
2026-08-29,GY13055_0,indigenous_territories,Guyana,GY,Baramita,,202504,14.38,1806.35,-60.637956,7.160925,-60.19441,7.45676
2026-08-29,GY13055_0,indigenous_territories,Guyana,GY,Baramita,,202601,36.17,1842.52,-60.637956,7.160925,-60.19441,7.45676
2026-08-29,GY13055_0,indigenous_territories,Guyana,GY,Baramita,,202602,80.35,1922.87,-60.637956,7.160925,-60.19441,7.45676
2026-08-29,GY13115_0,indigenous_territories,Guyana,GY,Campbelltown,,201800,515.47,515.47,-59.220616,5.297955,-59.118495,5.413065
2026-08-29,GY13115_0,indigenous_territories,Guyana,GY,Campbelltown,,201900,106.14,621.61,-59.220616,5.297955,-59.118495,5.413065
2026-08-29,GY13115_0,indigenous_territories,Guyana,GY,Campbelltown,,202000,58.42,680.04,-59.220616,5.297955,-59.118495,5.413065
2026-08-29,GY13115_0,indigenous_territories,Guyana,GY,Campbelltown,,202100,37.93,717.97,-59.220616,5.297955,-59.118495,5.413065
2026-08-29,GY13115_0,indigenous_territories,Guyana,GY,Campbelltown,,202200,39.41,757.38,-59.220616,5.297955,-59.118495,5.413065
2026-08-29,GY13115_0,indigenous_territories,Guyana,GY,Campbelltown,,202300,68.91,826.28,-59.220616,5.297955,-59.118495,5.413065
2026-08-29,GY13115_0,indigenous_territories,Guyana,GY,Campbelltown,,202400,50.83,877.11,-59.220616,5.297955,-59.118495,5.413065
2026-08-29,GY13115_0,indigenous_territories,Guyana,GY,Campbelltown,,202501,4.99,882.11,-59.220616,5.297955,-59.118495,5.413065
2026-08-29,GY13115_0,indigenous_territories,Guyana,GY,Campbelltown,,202502,0.0,882.11,-59.220616,5.297955,-59.118495,5.413065
2026-08-29,GY13115_0,indigenous_territories,Guyana,GY,Campbelltown,,202503,51.43,933.54,-59.220616,5.297955,-59.118495,5.413065
2026-08-29,GY13115_0,indigenous_territories,Guyana,GY,Campbelltown,,202504,8.17,941.71,-59.220616,5.297955,-59.118495,5.413065
2026-08-29,GY13115_0,indigenous_territories,Guyana,GY,Campbelltown,,202601,0.0,941.71,-59.220616,5.297955,-59.118495,5.413065
2026-08-29,GY13115_0,indigenous_territories,Guyana,GY,Campbelltown,,202602,21.54,963.25,-59.220616,5.297955,-59.118495,5.413065
2026-08-29,GY13073_0,indigenous_territories,Guyana,GY,Chenapau,,201800,18.44,18.44,-59.658017,4.977286,-59.504557,5.064623
2026-08-29,GY13073_0,indigenous_territories,Guyana,GY,Chenapau,,201900,9.73,28.17,-59.658017,4.977286,-59.504557,5.064623
2026-08-29,GY13073_0,indigenous_territories,Guyana,GY,Chenapau,,202000,17.84,46.01,-59.658017,4.977286,-59.504557,5.064623
2026-08-29,GY13073_0,indigenous_territories,Guyana,GY,Chenapau,,202100,14.58,60.59,-59.658017,4.977286,-59.504557,5.064623
2026-08-29,GY13073_0,indigenous_territories,Guyana,GY,Chenapau,,202200,3.39,63.97,-59.658017,4.977286,-59.504557,5.064623
2026-08-29,GY13073_0,indigenous_territories,Guyana,GY,Chenapau,,202300,35.75,99.72,-59.658017,4.977286,-59.504557,5.064623
2026-08-29,GY13073_0,indigenous_territories,Guyana,GY,Chenapau,,202400,35.64,135.36,-59.658017,4.977286,-59.504557,5.064623
2026-08-29,GY13073_0,indigenous_territories,Guyana,GY,Chenapau,,202501,11.8,147.16,-59.658017,4.977286,-59.504557,5.064623
2026-08-29,GY13073_0,indigenous_territories,Guyana,GY,Chenapau,,202502,3.09,150.25,-59.658017,4.977286,-59.504557,5.064623
2026-08-29,GY13073_0,indigenous_territories,Guyana,GY,Chenapau,,202503,9.83,160.08,-59.658017,4.977286,-59.504557,5.064623
2026-08-29,GY13073_0,indigenous_territories,Guyana,GY,Chenapau,,202504,0.0,160.08,-59.658017,4.977286,-59.504557,5.064623
2026-08-29,GY13073_0,indigenous_territories,Guyana,GY,Chenapau,,202601,0.0,160.08,-59.658017,4.977286,-59.504557,5.064623
2026-08-29,GY13073_0,indigenous_territories,Guyana,GY,Chenapau,,202602,28.43,188.51,-59.658017,4.977286,-59.504557,5.064623
2026-08-29,GY13106_0,indigenous_territories,Guyana,GY,Chinese Landing,,201800,252.91,252.91,-59.725909,7.478455,-59.503595,7.544775
2026-08-29,GY13106_0,indigenous_territories,Guyana,GY,Chinese Landing,,201900,32.33,285.24,-59.725909,7.478455,-59.503595,7.544775
2026-08-29,GY13106_0,indigenous_territories,Guyana,GY,Chinese Landing,,202000,58.53,343.77,-59.725909,7.478455,-59.503595,7.544775
2026-08-29,GY13106_0,indigenous_territories,Guyana,GY,Chinese Landing,,202100,36.32,380.09,-59.725909,7.478455,-59.503595,7.544775
2026-08-29,GY13106_0,indigenous_territories,Guyana,GY,Chinese Landing,,202200,85.52,465.61,-59.725909,7.478455,-59.503595,7.544775
2026-08-29,GY13106_0,indigenous_territories,Guyana,GY,Chinese Landing,,202300,61.36,526.97,-59.725909,7.478455,-59.503595,7.544775
2026-08-29,GY13106_0,indigenous_territories,Guyana,GY,Chinese Landing,,202400,31.94,558.91,-59.725909,7.478455,-59.503595,7.544775
2026-08-29,GY13106_0,indigenous_territories,Guyana,GY,Chinese Landing,,202501,6.15,565.06,-59.725909,7.478455,-59.503595,7.544775
2026-08-29,GY13106_0,indigenous_territories,Guyana,GY,Chinese Landing,,202502,0.0,565.06,-59.725909,7.478455,-59.503595,7.544775
2026-08-29,GY13106_0,indigenous_territories,Guyana,GY,Chinese Landing,,202503,0.0,565.06,-59.725909,7.478455,-59.503595,7.544775
2026-08-29,GY13106_0,indigenous_territories,Guyana,GY,Chinese Landing,,202504,0.91,565.97,-59.725909,7.478455,-59.503595,7.544775
2026-08-29,GY13106_0,indigenous_territories,Guyana,GY,Chinese Landing,,202601,0.0,565.97,-59.725909,7.478455,-59.503595,7.544775
2026-08-29,GY13106_0,indigenous_territories,Guyana,GY,Chinese Landing,,202602,13.67,579.64,-59.725909,7.478455,-59.503595,7.544775
2026-08-29,GY13045_0,indigenous_territories,Guyana,GY,Isseneru Tract A,,201800,493.06,493.06,-60.453064,6.324624,-60.260568,6.687445
2026-08-29,GY13045_0,indigenous_territories,Guyana,GY,Isseneru Tract A,,201900,104.37,597.42,-60.453064,6.324624,-60.260568,6.687445
2026-08-29,GY13045_0,indigenous_territories,Guyana,GY,Isseneru Tract A,,202000,203.85,801.28,-60.453064,6.324624,-60.260568,6.687445
2026-08-29,GY13045_0,indigenous_territories,Guyana,GY,Isseneru Tract A,,202100,128.35,929.62,-60.453064,6.324624,-60.260568,6.687445
2026-08-29,GY13045_0,indigenous_territories,Guyana,GY,Isseneru Tract A,,202200,111.24,1040.86,-60.453064,6.324624,-60.260568,6.687445
2026-08-29,GY13045_0,indigenous_territories,Guyana,GY,Isseneru Tract A,,202300,96.43,1137.3,-60.453064,6.324624,-60.260568,6.687445
2026-08-29,GY13045_0,indigenous_territories,Guyana,GY,Isseneru Tract A,,202400,158.09,1295.39,-60.453064,6.324624,-60.260568,6.687445
2026-08-29,GY13045_0,indigenous_territories,Guyana,GY,Isseneru Tract A,,202501,27.54,1322.93,-60.453064,6.324624,-60.260568,6.687445
2026-08-29,GY13045_0,indigenous_territories,Guyana,GY,Isseneru Tract A,,202502,13.31,1336.24,-60.453064,6.324624,-60.260568,6.687445
2026-08-29,GY13045_0,indigenous_territories,Guyana,GY,Isseneru Tract A,,202503,17.05,1353.29,-60.453064,6.324624,-60.260568,6.687445
2026-08-29,GY13045_0,indigenous_territories,Guyana,GY,Isseneru Tract A,,202504,0.83,1354.13,-60.453064,6.324624,-60.260568,6.687445
2026-08-29,GY13045_0,indigenous_territories,Guyana,GY,Isseneru Tract A,,202601,22.47,1376.6,-60.453064,6.324624,-60.260568,6.687445
2026-08-29,GY13045_0,indigenous_territories,Guyana,GY,Isseneru Tract A,,202602,18.87,1395.47,-60.453064,6.324624,-60.260568,6.687445
2026-08-29,GY13044_0,indigenous_territories,Guyana,GY,Isseneru Tract B,,201800,0.0,0.0,-60.462361,6.352442,-60.37563,6.394841
2026-08-29,GY13044_0,indigenous_territories,Guyana,GY,Isseneru Tract B,,201900,0.0,0.0,-60.462361,6.352442,-60.37563,6.394841
2026-08-29,GY13044_0,indigenous_territories,Guyana,GY,Isseneru Tract B,,202000,0.0,0.0,-60.462361,6.352442,-60.37563,6.394841
2026-08-29,GY13044_0,indigenous_territories,Guyana,GY,Isseneru Tract B,,202100,0.0,0.0,-60.462361,6.352442,-60.37563,6.394841
2026-08-29,GY13044_0,indigenous_territories,Guyana,GY,Isseneru Tract B,,202200,8.52,8.52,-60.462361,6.352442,-60.37563,6.394841
2026-08-29,GY13044_0,indigenous_territories,Guyana,GY,Isseneru Tract B,,202300,8.48,17.01,-60.462361,6.352442,-60.37563,6.394841
2026-08-29,GY13044_0,indigenous_territories,Guyana,GY,Isseneru Tract B,,202400,0.81,17.82,-60.462361,6.352442,-60.37563,6.394841
2026-08-29,GY13044_0,indigenous_territories,Guyana,GY,Isseneru Tract B,,202501,0.0,17.82,-60.462361,6.352442,-60.37563,6.394841
2026-08-29,GY13044_0,indigenous_territories,Guyana,GY,Isseneru Tract B,,202502,0.0,17.82,-60.462361,6.352442,-60.37563,6.394841
2026-08-29,GY13044_0,indigenous_territories,Guyana,GY,Isseneru Tract B,,202503,0.0,17.82,-60.462361,6.352442,-60.37563,6.394841
2026-08-29,GY13044_0,indigenous_territories,Guyana,GY,Isseneru Tract B,,202504,0.0,17.82,-60.462361,6.352442,-60.37563,6.394841
2026-08-29,GY13044_0,indigenous_territories,Guyana,GY,Isseneru Tract B,,202601,0.0,17.82,-60.462361,6.352442,-60.37563,6.394841
2026-08-29,GY13044_0,indigenous_territories,Guyana,GY,Isseneru Tract B,,202602,0.0,17.82,-60.462361,6.352442,-60.37563,6.394841
2026-08-29,GY13128_0,indigenous_territories,Guyana,GY,Jawalla,,201800,352.64,352.64,-60.551962,5.510704,-60.309299,5.758536
2026-08-29,GY13128_0,indigenous_territories,Guyana,GY,Jawalla,,201900,57.73,410.38,-60.551962,5.510704,-60.309299,5.758536
2026-08-29,GY13128_0,indigenous_territories,Guyana,GY,Jawalla,,202000,118.01,528.39,-60.551962,5.510704,-60.309299,5.758536
2026-08-29,GY13128_0,indigenous_territories,Guyana,GY,Jawalla,,202100,36.13,564.52,-60.551962,5.510704,-60.309299,5.758536
2026-08-29,GY13128_0,indigenous_territories,Guyana,GY,Jawalla,,202200,26.78,591.3,-60.551962,5.510704,-60.309299,5.758536
2026-08-29,GY13128_0,indigenous_territories,Guyana,GY,Jawalla,,202300,47.93,639.23,-60.551962,5.510704,-60.309299,5.758536
2026-08-29,GY13128_0,indigenous_territories,Guyana,GY,Jawalla,,202400,55.34,694.58,-60.551962,5.510704,-60.309299,5.758536
2026-08-29,GY13128_0,indigenous_territories,Guyana,GY,Jawalla,,202501,7.11,701.69,-60.551962,5.510704,-60.309299,5.758536
2026-08-29,GY13128_0,indigenous_territories,Guyana,GY,Jawalla,,202502,41.6,743.29,-60.551962,5.510704,-60.309299,5.758536
2026-08-29,GY13128_0,indigenous_territories,Guyana,GY,Jawalla,,202503,8.18,751.47,-60.551962,5.510704,-60.309299,5.758536
2026-08-29,GY13128_0,indigenous_territories,Guyana,GY,Jawalla,,202504,14.85,766.32,-60.551962,5.510704,-60.309299,5.758536
2026-08-29,GY13128_0,indigenous_territories,Guyana,GY,Jawalla,,202601,8.11,774.43,-60.551962,5.510704,-60.309299,5.758536
2026-08-29,GY13128_0,indigenous_territories,Guyana,GY,Jawalla,,202602,22.68,797.11,-60.551962,5.510704,-60.309299,5.758536
2026-08-29,GY13126_0,indigenous_territories,Guyana,GY,Kaikan,,201800,13.48,13.48,-61.382695,5.91794,-61.134399,6.187435
2026-08-29,GY13126_0,indigenous_territories,Guyana,GY,Kaikan,,201900,0.0,13.48,-61.382695,5.91794,-61.134399,6.187435
2026-08-29,GY13126_0,indigenous_territories,Guyana,GY,Kaikan,,202000,0.0,13.48,-61.382695,5.91794,-61.134399,6.187435
2026-08-29,GY13126_0,indigenous_territories,Guyana,GY,Kaikan,,202100,17.51,31.0,-61.382695,5.91794,-61.134399,6.187435
2026-08-29,GY13126_0,indigenous_territories,Guyana,GY,Kaikan,,202200,16.77,47.76,-61.382695,5.91794,-61.134399,6.187435
2026-08-29,GY13126_0,indigenous_territories,Guyana,GY,Kaikan,,202300,8.78,56.55,-61.382695,5.91794,-61.134399,6.187435
2026-08-29,GY13126_0,indigenous_territories,Guyana,GY,Kaikan,,202400,4.95,61.5,-61.382695,5.91794,-61.134399,6.187435
2026-08-29,GY13126_0,indigenous_territories,Guyana,GY,Kaikan,,202501,0.0,61.5,-61.382695,5.91794,-61.134399,6.187435
2026-08-29,GY13126_0,indigenous_territories,Guyana,GY,Kaikan,,202502,0.0,61.5,-61.382695,5.91794,-61.134399,6.187435
2026-08-29,GY13126_0,indigenous_territories,Guyana,GY,Kaikan,,202503,0.0,61.5,-61.382695,5.91794,-61.134399,6.187435
2026-08-29,GY13126_0,indigenous_territories,Guyana,GY,Kaikan,,202504,0.0,61.5,-61.382695,5.91794,-61.134399,6.187435
2026-08-29,GY13126_0,indigenous_territories,Guyana,GY,Kaikan,,202601,0.0,61.5,-61.382695,5.91794,-61.134399,6.187435
2026-08-29,GY13126_0,indigenous_territories,Guyana,GY,Kaikan,,202602,0.0,61.5,-61.382695,5.91794,-61.134399,6.187435
2026-08-29,GY13127_0,indigenous_territories,Guyana,GY,Kamarang Keng,,201800,287.61,287.61,-60.709723,5.720268,-60.429912,6.148592
2026-08-29,GY13127_0,indigenous_territories,Guyana,GY,Kamarang Keng,,201900,65.58,353.19,-60.709723,5.720268,-60.429912,6.148592
2026-08-29,GY13127_0,indigenous_territories,Guyana,GY,Kamarang Keng,,202000,65.0,418.19,-60.709723,5.720268,-60.429912,6.148592
2026-08-29,GY13127_0,indigenous_territories,Guyana,GY,Kamarang Keng,,202100,102.06,520.25,-60.709723,5.720268,-60.429912,6.148592
2026-08-29,GY13127_0,indigenous_territories,Guyana,GY,Kamarang Keng,,202200,83.2,603.44,-60.709723,5.720268,-60.429912,6.148592
2026-08-29,GY13127_0,indigenous_territories,Guyana,GY,Kamarang Keng,,202300,130.53,733.97,-60.709723,5.720268,-60.429912,6.148592
2026-08-29,GY13127_0,indigenous_territories,Guyana,GY,Kamarang Keng,,202400,86.95,820.92,-60.709723,5.720268,-60.429912,6.148592
2026-08-29,GY13127_0,indigenous_territories,Guyana,GY,Kamarang Keng,,202501,15.36,836.28,-60.709723,5.720268,-60.429912,6.148592
2026-08-29,GY13127_0,indigenous_territories,Guyana,GY,Kamarang Keng,,202502,0.0,836.28,-60.709723,5.720268,-60.429912,6.148592
2026-08-29,GY13127_0,indigenous_territories,Guyana,GY,Kamarang Keng,,202503,9.46,845.74,-60.709723,5.720268,-60.429912,6.148592
2026-08-29,GY13127_0,indigenous_territories,Guyana,GY,Kamarang Keng,,202504,0.0,845.74,-60.709723,5.720268,-60.429912,6.148592
2026-08-29,GY13127_0,indigenous_territories,Guyana,GY,Kamarang Keng,,202601,2.53,848.27,-60.709723,5.720268,-60.429912,6.148592
2026-08-29,GY13127_0,indigenous_territories,Guyana,GY,Kamarang Keng,,202602,63.43,911.7,-60.709723,5.720268,-60.429912,6.148592
2026-08-29,GY13079_0,indigenous_territories,Guyana,GY,Karasabai (Homesteads),,201800,38.53,38.53,-59.739732,3.932263,-59.326745,4.504505
2026-08-29,GY13079_0,indigenous_territories,Guyana,GY,Karasabai (Homesteads),,201900,9.78,48.31,-59.739732,3.932263,-59.326745,4.504505
2026-08-29,GY13079_0,indigenous_territories,Guyana,GY,Karasabai (Homesteads),,202000,1.49,49.81,-59.739732,3.932263,-59.326745,4.504505
2026-08-29,GY13079_0,indigenous_territories,Guyana,GY,Karasabai (Homesteads),,202100,2.0,51.8,-59.739732,3.932263,-59.326745,4.504505
2026-08-29,GY13079_0,indigenous_territories,Guyana,GY,Karasabai (Homesteads),,202200,0.02,51.82,-59.739732,3.932263,-59.326745,4.504505
2026-08-29,GY13079_0,indigenous_territories,Guyana,GY,Karasabai (Homesteads),,202300,0.27,52.09,-59.739732,3.932263,-59.326745,4.504505
2026-08-29,GY13079_0,indigenous_territories,Guyana,GY,Karasabai (Homesteads),,202400,0.0,52.09,-59.739732,3.932263,-59.326745,4.504505
2026-08-29,GY13079_0,indigenous_territories,Guyana,GY,Karasabai (Homesteads),,202501,0.0,52.09,-59.739732,3.932263,-59.326745,4.504505
2026-08-29,GY13079_0,indigenous_territories,Guyana,GY,Karasabai (Homesteads),,202502,0.0,52.09,-59.739732,3.932263,-59.326745,4.504505
2026-08-29,GY13079_0,indigenous_territories,Guyana,GY,Karasabai (Homesteads),,202503,1.27,53.36,-59.739732,3.932263,-59.326745,4.504505
2026-08-29,GY13079_0,indigenous_territories,Guyana,GY,Karasabai (Homesteads),,202504,0.0,53.36,-59.739732,3.932263,-59.326745,4.504505
2026-08-29,GY13079_0,indigenous_territories,Guyana,GY,Karasabai (Homesteads),,202601,0.0,53.36,-59.739732,3.932263,-59.326745,4.504505
2026-08-29,GY13079_0,indigenous_territories,Guyana,GY,Karasabai (Homesteads),,202602,0.0,53.36,-59.739732,3.932263,-59.326745,4.504505
2026-08-29,GY13110_0,indigenous_territories,Guyana,GY,Karau,,201800,217.38,217.38,-58.711791,6.466442,-58.608889,6.552927
2026-08-29,GY13110_0,indigenous_territories,Guyana,GY,Karau,,201900,22.43,239.81,-58.711791,6.466442,-58.608889,6.552927
2026-08-29,GY13110_0,indigenous_territories,Guyana,GY,Karau,,202000,18.4,258.21,-58.711791,6.466442,-58.608889,6.552927
2026-08-29,GY13110_0,indigenous_territories,Guyana,GY,Karau,,202100,21.48,279.69,-58.711791,6.466442,-58.608889,6.552927
2026-08-29,GY13110_0,indigenous_territories,Guyana,GY,Karau,,202200,18.31,298.0,-58.711791,6.466442,-58.608889,6.552927
2026-08-29,GY13110_0,indigenous_territories,Guyana,GY,Karau,,202300,24.7,322.69,-58.711791,6.466442,-58.608889,6.552927
2026-08-29,GY13110_0,indigenous_territories,Guyana,GY,Karau,,202400,7.0,329.69,-58.711791,6.466442,-58.608889,6.552927
2026-08-29,GY13110_0,indigenous_territories,Guyana,GY,Karau,,202501,5.99,335.69,-58.711791,6.466442,-58.608889,6.552927
2026-08-29,GY13110_0,indigenous_territories,Guyana,GY,Karau,,202502,11.05,346.73,-58.711791,6.466442,-58.608889,6.552927
2026-08-29,GY13110_0,indigenous_territories,Guyana,GY,Karau,,202503,0.0,346.73,-58.711791,6.466442,-58.608889,6.552927
2026-08-29,GY13110_0,indigenous_territories,Guyana,GY,Karau,,202504,0.0,346.73,-58.711791,6.466442,-58.608889,6.552927
2026-08-29,GY13110_0,indigenous_territories,Guyana,GY,Karau,,202601,0.0,346.73,-58.711791,6.466442,-58.608889,6.552927
2026-08-29,GY13110_0,indigenous_territories,Guyana,GY,Karau,,202602,0.36,347.09,-58.711791,6.466442,-58.608889,6.552927
2026-08-29,GY13100_0,indigenous_territories,Guyana,GY,Karisparu,,201800,101.84,101.84,-59.556375,4.888371,-59.41531,5.072396
2026-08-29,GY13100_0,indigenous_territories,Guyana,GY,Karisparu,,201900,8.85,110.7,-59.556375,4.888371,-59.41531,5.072396
2026-08-29,GY13100_0,indigenous_territories,Guyana,GY,Karisparu,,202000,3.31,114.01,-59.556375,4.888371,-59.41531,5.072396
2026-08-29,GY13100_0,indigenous_territories,Guyana,GY,Karisparu,,202100,17.24,131.25,-59.556375,4.888371,-59.41531,5.072396
2026-08-29,GY13100_0,indigenous_territories,Guyana,GY,Karisparu,,202200,6.51,137.75,-59.556375,4.888371,-59.41531,5.072396
2026-08-29,GY13100_0,indigenous_territories,Guyana,GY,Karisparu,,202300,7.4,145.15,-59.556375,4.888371,-59.41531,5.072396
2026-08-29,GY13100_0,indigenous_territories,Guyana,GY,Karisparu,,202400,6.94,152.09,-59.556375,4.888371,-59.41531,5.072396
2026-08-29,GY13100_0,indigenous_territories,Guyana,GY,Karisparu,,202501,0.0,152.09,-59.556375,4.888371,-59.41531,5.072396
2026-08-29,GY13100_0,indigenous_territories,Guyana,GY,Karisparu,,202502,0.0,152.09,-59.556375,4.888371,-59.41531,5.072396
2026-08-29,GY13100_0,indigenous_territories,Guyana,GY,Karisparu,,202503,0.6,152.69,-59.556375,4.888371,-59.41531,5.072396
2026-08-29,GY13100_0,indigenous_territories,Guyana,GY,Karisparu,,202504,0.0,152.69,-59.556375,4.888371,-59.41531,5.072396
2026-08-29,GY13100_0,indigenous_territories,Guyana,GY,Karisparu,,202601,0.0,152.69,-59.556375,4.888371,-59.41531,5.072396
2026-08-29,GY13100_0,indigenous_territories,Guyana,GY,Karisparu,,202602,2.4,155.1,-59.556375,4.888371,-59.41531,5.072396
2026-08-29,GY13116_0,indigenous_territories,Guyana,GY,Kokerite,,201800,53.63,53.63,-59.67336,7.321279,-59.582356,7.403355
2026-08-29,GY13116_0,indigenous_territories,Guyana,GY,Kokerite,,201900,0.16,53.79,-59.67336,7.321279,-59.582356,7.403355
2026-08-29,GY13116_0,indigenous_territories,Guyana,GY,Kokerite,,202000,2.9,56.69,-59.67336,7.321279,-59.582356,7.403355
2026-08-29,GY13116_0,indigenous_territories,Guyana,GY,Kokerite,,202100,8.92,65.61,-59.67336,7.321279,-59.582356,7.403355
2026-08-29,GY13116_0,indigenous_territories,Guyana,GY,Kokerite,,202200,13.49,79.1,-59.67336,7.321279,-59.582356,7.403355
2026-08-29,GY13116_0,indigenous_territories,Guyana,GY,Kokerite,,202300,0.17,79.27,-59.67336,7.321279,-59.582356,7.403355
2026-08-29,GY13116_0,indigenous_territories,Guyana,GY,Kokerite,,202400,0.0,79.27,-59.67336,7.321279,-59.582356,7.403355
2026-08-29,GY13116_0,indigenous_territories,Guyana,GY,Kokerite,,202501,0.0,79.27,-59.67336,7.321279,-59.582356,7.403355
2026-08-29,GY13116_0,indigenous_territories,Guyana,GY,Kokerite,,202502,7.6,86.87,-59.67336,7.321279,-59.582356,7.403355
2026-08-29,GY13116_0,indigenous_territories,Guyana,GY,Kokerite,,202503,0.0,86.87,-59.67336,7.321279,-59.582356,7.403355
2026-08-29,GY13116_0,indigenous_territories,Guyana,GY,Kokerite,,202504,14.45,101.31,-59.67336,7.321279,-59.582356,7.403355
2026-08-29,GY13116_0,indigenous_territories,Guyana,GY,Kokerite,,202601,0.0,101.31,-59.67336,7.321279,-59.582356,7.403355
2026-08-29,GY13116_0,indigenous_territories,Guyana,GY,Kokerite,,202602,0.0,101.31,-59.67336,7.321279,-59.582356,7.403355
2026-08-29,GY13118_0,indigenous_territories,Guyana,GY,Koriabo,,201800,0.0,0.0,-59.71254,7.5118,-59.578939,7.643244
2026-08-29,GY13118_0,indigenous_territories,Guyana,GY,Koriabo,,201900,0.0,0.0,-59.71254,7.5118,-59.578939,7.643244
2026-08-29,GY13118_0,indigenous_territories,Guyana,GY,Koriabo,,202000,3.25,3.25,-59.71254,7.5118,-59.578939,7.643244
2026-08-29,GY13118_0,indigenous_territories,Guyana,GY,Koriabo,,202100,0.0,3.25,-59.71254,7.5118,-59.578939,7.643244
2026-08-29,GY13118_0,indigenous_territories,Guyana,GY,Koriabo,,202200,0.0,3.25,-59.71254,7.5118,-59.578939,7.643244
2026-08-29,GY13118_0,indigenous_territories,Guyana,GY,Koriabo,,202300,1.05,4.3,-59.71254,7.5118,-59.578939,7.643244
2026-08-29,GY13118_0,indigenous_territories,Guyana,GY,Koriabo,,202400,2.31,6.61,-59.71254,7.5118,-59.578939,7.643244
2026-08-29,GY13118_0,indigenous_territories,Guyana,GY,Koriabo,,202501,0.0,6.61,-59.71254,7.5118,-59.578939,7.643244
2026-08-29,GY13118_0,indigenous_territories,Guyana,GY,Koriabo,,202502,0.0,6.61,-59.71254,7.5118,-59.578939,7.643244
2026-08-29,GY13118_0,indigenous_territories,Guyana,GY,Koriabo,,202503,0.0,6.61,-59.71254,7.5118,-59.578939,7.643244
2026-08-29,GY13118_0,indigenous_territories,Guyana,GY,Koriabo,,202504,0.0,6.61,-59.71254,7.5118,-59.578939,7.643244
2026-08-29,GY13118_0,indigenous_territories,Guyana,GY,Koriabo,,202601,0.0,6.61,-59.71254,7.5118,-59.578939,7.643244
2026-08-29,GY13118_0,indigenous_territories,Guyana,GY,Koriabo,,202602,0.0,6.61,-59.71254,7.5118,-59.578939,7.643244
2026-08-29,GY13113_0,indigenous_territories,Guyana,GY,MOROWTA,,201800,69.91,69.91,-60.775528,5.514237,-60.512205,5.807607
2026-08-29,GY13113_0,indigenous_territories,Guyana,GY,MOROWTA,,201900,3.57,73.48,-60.775528,5.514237,-60.512205,5.807607
2026-08-29,GY13113_0,indigenous_territories,Guyana,GY,MOROWTA,,202000,35.66,109.14,-60.775528,5.514237,-60.512205,5.807607
2026-08-29,GY13113_0,indigenous_territories,Guyana,GY,MOROWTA,,202100,40.79,149.93,-60.775528,5.514237,-60.512205,5.807607
2026-08-29,GY13113_0,indigenous_territories,Guyana,GY,MOROWTA,,202200,8.57,158.5,-60.775528,5.514237,-60.512205,5.807607
2026-08-29,GY13113_0,indigenous_territories,Guyana,GY,MOROWTA,,202300,76.21,234.71,-60.775528,5.514237,-60.512205,5.807607
2026-08-29,GY13113_0,indigenous_territories,Guyana,GY,MOROWTA,,202400,31.51,266.22,-60.775528,5.514237,-60.512205,5.807607
2026-08-29,GY13113_0,indigenous_territories,Guyana,GY,MOROWTA,,202501,10.32,276.54,-60.775528,5.514237,-60.512205,5.807607
2026-08-29,GY13113_0,indigenous_territories,Guyana,GY,MOROWTA,,202502,0.0,276.54,-60.775528,5.514237,-60.512205,5.807607
2026-08-29,GY13113_0,indigenous_territories,Guyana,GY,MOROWTA,,202503,0.0,276.54,-60.775528,5.514237,-60.512205,5.807607
2026-08-29,GY13113_0,indigenous_territories,Guyana,GY,MOROWTA,,202504,6.38,282.92,-60.775528,5.514237,-60.512205,5.807607
2026-08-29,GY13113_0,indigenous_territories,Guyana,GY,MOROWTA,,202601,2.53,285.45,-60.775528,5.514237,-60.512205,5.807607
2026-08-29,GY13113_0,indigenous_territories,Guyana,GY,MOROWTA,,202602,27.42,312.87,-60.775528,5.514237,-60.512205,5.807607
2026-08-29,GY13051_0,indigenous_territories,Guyana,GY,Micobie,,201800,347.51,347.51,-59.016538,5.339517,-58.914582,5.430377
2026-08-29,GY13051_0,indigenous_territories,Guyana,GY,Micobie,,201900,19.43,366.94,-59.016538,5.339517,-58.914582,5.430377
2026-08-29,GY13051_0,indigenous_territories,Guyana,GY,Micobie,,202000,49.53,416.48,-59.016538,5.339517,-58.914582,5.430377
2026-08-29,GY13051_0,indigenous_territories,Guyana,GY,Micobie,,202100,13.31,429.79,-59.016538,5.339517,-58.914582,5.430377
2026-08-29,GY13051_0,indigenous_territories,Guyana,GY,Micobie,,202200,15.88,445.67,-59.016538,5.339517,-58.914582,5.430377
2026-08-29,GY13051_0,indigenous_territories,Guyana,GY,Micobie,,202300,64.25,509.92,-59.016538,5.339517,-58.914582,5.430377
2026-08-29,GY13051_0,indigenous_territories,Guyana,GY,Micobie,,202400,43.88,553.79,-59.016538,5.339517,-58.914582,5.430377
2026-08-29,GY13051_0,indigenous_territories,Guyana,GY,Micobie,,202501,5.17,558.96,-59.016538,5.339517,-58.914582,5.430377
2026-08-29,GY13051_0,indigenous_territories,Guyana,GY,Micobie,,202502,0.0,558.96,-59.016538,5.339517,-58.914582,5.430377
2026-08-29,GY13051_0,indigenous_territories,Guyana,GY,Micobie,,202503,14.05,573.02,-59.016538,5.339517,-58.914582,5.430377
2026-08-29,GY13051_0,indigenous_territories,Guyana,GY,Micobie,,202504,10.74,583.76,-59.016538,5.339517,-58.914582,5.430377
2026-08-29,GY13051_0,indigenous_territories,Guyana,GY,Micobie,,202601,12.45,596.21,-59.016538,5.339517,-58.914582,5.430377
2026-08-29,GY13051_0,indigenous_territories,Guyana,GY,Micobie,,202602,25.45,621.66,-59.016538,5.339517,-58.914582,5.430377
2026-08-29,GY13094_0,indigenous_territories,Guyana,GY,Monkey Mountain,,201800,0.0,0.0,-59.796406,4.373844,-59.588047,4.522054
2026-08-29,GY13094_0,indigenous_territories,Guyana,GY,Monkey Mountain,,201900,0.0,0.0,-59.796406,4.373844,-59.588047,4.522054
2026-08-29,GY13094_0,indigenous_territories,Guyana,GY,Monkey Mountain,,202000,0.0,0.0,-59.796406,4.373844,-59.588047,4.522054
2026-08-29,GY13094_0,indigenous_territories,Guyana,GY,Monkey Mountain,,202100,0.0,0.0,-59.796406,4.373844,-59.588047,4.522054
2026-08-29,GY13094_0,indigenous_territories,Guyana,GY,Monkey Mountain,,202200,0.0,0.0,-59.796406,4.373844,-59.588047,4.522054
2026-08-29,GY13094_0,indigenous_territories,Guyana,GY,Monkey Mountain,,202300,0.0,0.0,-59.796406,4.373844,-59.588047,4.522054
2026-08-29,GY13094_0,indigenous_territories,Guyana,GY,Monkey Mountain,,202400,0.0,0.0,-59.796406,4.373844,-59.588047,4.522054
2026-08-29,GY13094_0,indigenous_territories,Guyana,GY,Monkey Mountain,,202501,0.0,0.0,-59.796406,4.373844,-59.588047,4.522054
2026-08-29,GY13094_0,indigenous_territories,Guyana,GY,Monkey Mountain,,202502,0.0,0.0,-59.796406,4.373844,-59.588047,4.522054
2026-08-29,GY13094_0,indigenous_territories,Guyana,GY,Monkey Mountain,,202503,0.0,0.0,-59.796406,4.373844,-59.588047,4.522054
2026-08-29,GY13094_0,indigenous_territories,Guyana,GY,Monkey Mountain,,202504,0.0,0.0,-59.796406,4.373844,-59.588047,4.522054
2026-08-29,GY13094_0,indigenous_territories,Guyana,GY,Monkey Mountain,,202601,0.0,0.0,-59.796406,4.373844,-59.588047,4.522054
2026-08-29,GY13094_0,indigenous_territories,Guyana,GY,Monkey Mountain,,202602,62.84,62.84,-59.796406,4.373844,-59.588047,4.522054
2026-08-29,GY13042_0,indigenous_territories,Guyana,GY,Rivers View/Falmouth,,201800,0.0,0.0,-58.593385,6.270578,-58.415943,6.468814
2026-08-29,GY13042_0,indigenous_territories,Guyana,GY,Rivers View/Falmouth,,201900,0.0,0.0,-58.593385,6.270578,-58.415943,6.468814
2026-08-29,GY13042_0,indigenous_territories,Guyana,GY,Rivers View/Falmouth,,202000,0.0,0.0,-58.593385,6.270578,-58.415943,6.468814
2026-08-29,GY13042_0,indigenous_territories,Guyana,GY,Rivers View/Falmouth,,202100,0.0,0.0,-58.593385,6.270578,-58.415943,6.468814
2026-08-29,GY13042_0,indigenous_territories,Guyana,GY,Rivers View/Falmouth,,202200,0.0,0.0,-58.593385,6.270578,-58.415943,6.468814
2026-08-29,GY13042_0,indigenous_territories,Guyana,GY,Rivers View/Falmouth,,202300,0.0,0.0,-58.593385,6.270578,-58.415943,6.468814
2026-08-29,GY13042_0,indigenous_territories,Guyana,GY,Rivers View/Falmouth,,202400,0.0,0.0,-58.593385,6.270578,-58.415943,6.468814
2026-08-29,GY13042_0,indigenous_territories,Guyana,GY,Rivers View/Falmouth,,202501,0.0,0.0,-58.593385,6.270578,-58.415943,6.468814
2026-08-29,GY13042_0,indigenous_territories,Guyana,GY,Rivers View/Falmouth,,202502,0.0,0.0,-58.593385,6.270578,-58.415943,6.468814
2026-08-29,GY13042_0,indigenous_territories,Guyana,GY,Rivers View/Falmouth,,202503,4.19,4.19,-58.593385,6.270578,-58.415943,6.468814
2026-08-29,GY13042_0,indigenous_territories,Guyana,GY,Rivers View/Falmouth,,202504,0.0,4.19,-58.593385,6.270578,-58.415943,6.468814
2026-08-29,GY13042_0,indigenous_territories,Guyana,GY,Rivers View/Falmouth,,202601,0.0,4.19,-58.593385,6.270578,-58.415943,6.468814
2026-08-29,GY13042_0,indigenous_territories,Guyana,GY,Rivers View/Falmouth,,202602,0.0,4.19,-58.593385,6.270578,-58.415943,6.468814
2026-08-29,GY13117_0,indigenous_territories,Guyana,GY,Waikrebi,,201800,50.91,50.91,-59.58242,7.398916,-59.327046,7.563517
2026-08-29,GY13117_0,indigenous_territories,Guyana,GY,Waikrebi,,201900,2.55,53.46,-59.58242,7.398916,-59.327046,7.563517
2026-08-29,GY13117_0,indigenous_territories,Guyana,GY,Waikrebi,,202000,16.46,69.92,-59.58242,7.398916,-59.327046,7.563517
2026-08-29,GY13117_0,indigenous_territories,Guyana,GY,Waikrebi,,202100,1.21,71.13,-59.58242,7.398916,-59.327046,7.563517
2026-08-29,GY13117_0,indigenous_territories,Guyana,GY,Waikrebi,,202200,2.86,73.99,-59.58242,7.398916,-59.327046,7.563517
2026-08-29,GY13117_0,indigenous_territories,Guyana,GY,Waikrebi,,202300,4.54,78.52,-59.58242,7.398916,-59.327046,7.563517
2026-08-29,GY13117_0,indigenous_territories,Guyana,GY,Waikrebi,,202400,1.65,80.18,-59.58242,7.398916,-59.327046,7.563517
2026-08-29,GY13117_0,indigenous_territories,Guyana,GY,Waikrebi,,202501,0.0,80.18,-59.58242,7.398916,-59.327046,7.563517
2026-08-29,GY13117_0,indigenous_territories,Guyana,GY,Waikrebi,,202502,0.0,80.18,-59.58242,7.398916,-59.327046,7.563517
2026-08-29,GY13117_0,indigenous_territories,Guyana,GY,Waikrebi,,202503,0.0,80.18,-59.58242,7.398916,-59.327046,7.563517
2026-08-29,GY13117_0,indigenous_territories,Guyana,GY,Waikrebi,,202504,0.0,80.18,-59.58242,7.398916,-59.327046,7.563517
2026-08-29,GY13117_0,indigenous_territories,Guyana,GY,Waikrebi,,202601,6.56,86.73,-59.58242,7.398916,-59.327046,7.563517
2026-08-29,GY13117_0,indigenous_territories,Guyana,GY,Waikrebi,,202602,3.07,89.8,-59.58242,7.398916,-59.327046,7.563517
2026-08-29,GY13130_0,indigenous_territories,Guyana,GY,Waramadong,,201800,66.75,66.75,-60.88577,5.741867,-60.673184,5.94419
2026-08-29,GY13130_0,indigenous_territories,Guyana,GY,Waramadong,,201900,22.6,89.35,-60.88577,5.741867,-60.673184,5.94419
2026-08-29,GY13130_0,indigenous_territories,Guyana,GY,Waramadong,,202000,4.94,94.29,-60.88577,5.741867,-60.673184,5.94419
2026-08-29,GY13130_0,indigenous_territories,Guyana,GY,Waramadong,,202100,28.73,123.02,-60.88577,5.741867,-60.673184,5.94419
2026-08-29,GY13130_0,indigenous_territories,Guyana,GY,Waramadong,,202200,31.9,154.92,-60.88577,5.741867,-60.673184,5.94419
2026-08-29,GY13130_0,indigenous_territories,Guyana,GY,Waramadong,,202300,10.26,165.18,-60.88577,5.741867,-60.673184,5.94419
2026-08-29,GY13130_0,indigenous_territories,Guyana,GY,Waramadong,,202400,18.43,183.6,-60.88577,5.741867,-60.673184,5.94419
2026-08-29,GY13130_0,indigenous_territories,Guyana,GY,Waramadong,,202501,13.01,196.62,-60.88577,5.741867,-60.673184,5.94419
2026-08-29,GY13130_0,indigenous_territories,Guyana,GY,Waramadong,,202502,9.8,206.42,-60.88577,5.741867,-60.673184,5.94419
2026-08-29,GY13130_0,indigenous_territories,Guyana,GY,Waramadong,,202503,0.0,206.42,-60.88577,5.741867,-60.673184,5.94419
2026-08-29,GY13130_0,indigenous_territories,Guyana,GY,Waramadong,,202504,0.0,206.42,-60.88577,5.741867,-60.673184,5.94419
2026-08-29,GY13130_0,indigenous_territories,Guyana,GY,Waramadong,,202601,0.0,206.42,-60.88577,5.741867,-60.673184,5.94419
2026-08-29,GY13130_0,indigenous_territories,Guyana,GY,Waramadong,,202602,68.23,274.65,-60.88577,5.741867,-60.673184,5.94419
2026-08-29,PE1015_0,indigenous_territories,Peru,PE,ARAZAIRE,,201800,227.91,227.91,-70.390892,-13.033525,-70.343743,-12.983557
2026-08-29,PE1015_0,indigenous_territories,Peru,PE,ARAZAIRE,,201900,100.32,328.22,-70.390892,-13.033525,-70.343743,-12.983557
2026-08-29,PE1015_0,indigenous_territories,Peru,PE,ARAZAIRE,,202000,67.89,396.11,-70.390892,-13.033525,-70.343743,-12.983557
2026-08-29,PE1015_0,indigenous_territories,Peru,PE,ARAZAIRE,,202100,82.52,478.63,-70.390892,-13.033525,-70.343743,-12.983557
2026-08-29,PE1015_0,indigenous_territories,Peru,PE,ARAZAIRE,,202200,47.31,525.94,-70.390892,-13.033525,-70.343743,-12.983557
2026-08-29,PE1015_0,indigenous_territories,Peru,PE,ARAZAIRE,,202300,29.17,555.11,-70.390892,-13.033525,-70.343743,-12.983557
2026-08-29,PE1015_0,indigenous_territories,Peru,PE,ARAZAIRE,,202400,81.8,636.91,-70.390892,-13.033525,-70.343743,-12.983557
2026-08-29,PE1015_0,indigenous_territories,Peru,PE,ARAZAIRE,,202501,0.0,636.91,-70.390892,-13.033525,-70.343743,-12.983557
2026-08-29,PE1015_0,indigenous_territories,Peru,PE,ARAZAIRE,,202502,5.29,642.19,-70.390892,-13.033525,-70.343743,-12.983557
2026-08-29,PE1015_0,indigenous_territories,Peru,PE,ARAZAIRE,,202503,45.45,687.64,-70.390892,-13.033525,-70.343743,-12.983557
2026-08-29,PE1015_0,indigenous_territories,Peru,PE,ARAZAIRE,,202504,0.0,687.64,-70.390892,-13.033525,-70.343743,-12.983557
2026-08-29,PE1015_0,indigenous_territories,Peru,PE,ARAZAIRE,,202601,0.0,687.64,-70.390892,-13.033525,-70.343743,-12.983557
2026-08-29,PE1015_0,indigenous_territories,Peru,PE,ARAZAIRE,,202602,0.0,687.64,-70.390892,-13.033525,-70.343743,-12.983557
2026-08-29,PE1450_0,indigenous_territories,Peru,PE,BARRANCO CHICO,,201800,2647.14,2647.14,-70.627701,-12.933848,-70.475643,-12.842545
2026-08-29,PE1450_0,indigenous_territories,Peru,PE,BARRANCO CHICO,,201900,427.53,3074.67,-70.627701,-12.933848,-70.475643,-12.842545
2026-08-29,PE1450_0,indigenous_territories,Peru,PE,BARRANCO CHICO,,202000,413.12,3487.79,-70.627701,-12.933848,-70.475643,-12.842545
2026-08-29,PE1450_0,indigenous_territories,Peru,PE,BARRANCO CHICO,,202100,541.69,4029.48,-70.627701,-12.933848,-70.475643,-12.842545
2026-08-29,PE1450_0,indigenous_territories,Peru,PE,BARRANCO CHICO,,202200,236.54,4266.02,-70.627701,-12.933848,-70.475643,-12.842545
2026-08-29,PE1450_0,indigenous_territories,Peru,PE,BARRANCO CHICO,,202300,147.57,4413.59,-70.627701,-12.933848,-70.475643,-12.842545
2026-08-29,PE1450_0,indigenous_territories,Peru,PE,BARRANCO CHICO,,202400,126.14,4539.73,-70.627701,-12.933848,-70.475643,-12.842545
2026-08-29,PE1450_0,indigenous_territories,Peru,PE,BARRANCO CHICO,,202501,0.0,4539.73,-70.627701,-12.933848,-70.475643,-12.842545
2026-08-29,PE1450_0,indigenous_territories,Peru,PE,BARRANCO CHICO,,202502,29.3,4569.03,-70.627701,-12.933848,-70.475643,-12.842545
2026-08-29,PE1450_0,indigenous_territories,Peru,PE,BARRANCO CHICO,,202503,70.02,4639.05,-70.627701,-12.933848,-70.475643,-12.842545
2026-08-29,PE1450_0,indigenous_territories,Peru,PE,BARRANCO CHICO,,202504,29.25,4668.3,-70.627701,-12.933848,-70.475643,-12.842545
2026-08-29,PE1450_0,indigenous_territories,Peru,PE,BARRANCO CHICO,,202601,0.0,4668.3,-70.627701,-12.933848,-70.475643,-12.842545
2026-08-29,PE1450_0,indigenous_territories,Peru,PE,BARRANCO CHICO,,202602,82.73,4751.03,-70.627701,-12.933848,-70.475643,-12.842545
2026-08-29,PE3280_0,indigenous_territories,Peru,PE,BOCA DEL INAMBARI,,201800,97.34,97.34,-69.764549,-12.808063,-69.673541,-12.716953
2026-08-29,PE3280_0,indigenous_territories,Peru,PE,BOCA DEL INAMBARI,,201900,132.94,230.28,-69.764549,-12.808063,-69.673541,-12.716953
2026-08-29,PE3280_0,indigenous_territories,Peru,PE,BOCA DEL INAMBARI,,202000,195.79,426.07,-69.764549,-12.808063,-69.673541,-12.716953
2026-08-29,PE3280_0,indigenous_territories,Peru,PE,BOCA DEL INAMBARI,,202100,179.73,605.81,-69.764549,-12.808063,-69.673541,-12.716953
2026-08-29,PE3280_0,indigenous_territories,Peru,PE,BOCA DEL INAMBARI,,202200,95.0,700.8,-69.764549,-12.808063,-69.673541,-12.716953
2026-08-29,PE3280_0,indigenous_territories,Peru,PE,BOCA DEL INAMBARI,,202300,109.91,810.72,-69.764549,-12.808063,-69.673541,-12.716953
2026-08-29,PE3280_0,indigenous_territories,Peru,PE,BOCA DEL INAMBARI,,202400,272.42,1083.14,-69.764549,-12.808063,-69.673541,-12.716953
2026-08-29,PE3280_0,indigenous_territories,Peru,PE,BOCA DEL INAMBARI,,202501,0.0,1083.14,-69.764549,-12.808063,-69.673541,-12.716953
2026-08-29,PE3280_0,indigenous_territories,Peru,PE,BOCA DEL INAMBARI,,202502,73.48,1156.62,-69.764549,-12.808063,-69.673541,-12.716953
2026-08-29,PE3280_0,indigenous_territories,Peru,PE,BOCA DEL INAMBARI,,202503,35.21,1191.83,-69.764549,-12.808063,-69.673541,-12.716953
2026-08-29,PE3280_0,indigenous_territories,Peru,PE,BOCA DEL INAMBARI,,202504,7.77,1199.59,-69.764549,-12.808063,-69.673541,-12.716953
2026-08-29,PE3280_0,indigenous_territories,Peru,PE,BOCA DEL INAMBARI,,202601,0.0,1199.59,-69.764549,-12.808063,-69.673541,-12.716953
2026-08-29,PE3280_0,indigenous_territories,Peru,PE,BOCA DEL INAMBARI,,202602,135.17,1334.76,-69.764549,-12.808063,-69.673541,-12.716953
2026-08-29,PE1593_0,indigenous_territories,Peru,PE,CHAPIS Y ANEXO NUEVA ALEGRIA Y AJACHÍN,,201800,0.0,0.0,-77.542756,-4.447917,-77.452654,-4.319254
2026-08-29,PE1593_0,indigenous_territories,Peru,PE,CHAPIS Y ANEXO NUEVA ALEGRIA Y AJACHÍN,,201900,0.0,0.0,-77.542756,-4.447917,-77.452654,-4.319254
2026-08-29,PE1593_0,indigenous_territories,Peru,PE,CHAPIS Y ANEXO NUEVA ALEGRIA Y AJACHÍN,,202000,0.0,0.0,-77.542756,-4.447917,-77.452654,-4.319254
2026-08-29,PE1593_0,indigenous_territories,Peru,PE,CHAPIS Y ANEXO NUEVA ALEGRIA Y AJACHÍN,,202100,7.74,7.74,-77.542756,-4.447917,-77.452654,-4.319254
2026-08-29,PE1593_0,indigenous_territories,Peru,PE,CHAPIS Y ANEXO NUEVA ALEGRIA Y AJACHÍN,,202200,0.06,7.8,-77.542756,-4.447917,-77.452654,-4.319254
2026-08-29,PE1593_0,indigenous_territories,Peru,PE,CHAPIS Y ANEXO NUEVA ALEGRIA Y AJACHÍN,,202300,0.0,7.8,-77.542756,-4.447917,-77.452654,-4.319254
2026-08-29,PE1593_0,indigenous_territories,Peru,PE,CHAPIS Y ANEXO NUEVA ALEGRIA Y AJACHÍN,,202400,0.0,7.8,-77.542756,-4.447917,-77.452654,-4.319254
2026-08-29,PE1593_0,indigenous_territories,Peru,PE,CHAPIS Y ANEXO NUEVA ALEGRIA Y AJACHÍN,,202501,0.0,7.8,-77.542756,-4.447917,-77.452654,-4.319254
2026-08-29,PE1593_0,indigenous_territories,Peru,PE,CHAPIS Y ANEXO NUEVA ALEGRIA Y AJACHÍN,,202502,0.0,7.8,-77.542756,-4.447917,-77.452654,-4.319254
2026-08-29,PE1593_0,indigenous_territories,Peru,PE,CHAPIS Y ANEXO NUEVA ALEGRIA Y AJACHÍN,,202503,0.0,7.8,-77.542756,-4.447917,-77.452654,-4.319254
2026-08-29,PE1593_0,indigenous_territories,Peru,PE,CHAPIS Y ANEXO NUEVA ALEGRIA Y AJACHÍN,,202504,0.0,7.8,-77.542756,-4.447917,-77.452654,-4.319254
2026-08-29,PE1593_0,indigenous_territories,Peru,PE,CHAPIS Y ANEXO NUEVA ALEGRIA Y AJACHÍN,,202601,0.0,7.8,-77.542756,-4.447917,-77.452654,-4.319254
2026-08-29,PE1593_0,indigenous_territories,Peru,PE,CHAPIS Y ANEXO NUEVA ALEGRIA Y AJACHÍN,,202602,0.0,7.8,-77.542756,-4.447917,-77.452654,-4.319254
2026-08-29,PE3279_0,indigenous_territories,Peru,PE,EL PILAR,,201800,46.84,46.84,-69.285855,-12.60022,-69.244538,-12.495596
2026-08-29,PE3279_0,indigenous_territories,Peru,PE,EL PILAR,,201900,11.95,58.78,-69.285855,-12.60022,-69.244538,-12.495596
2026-08-29,PE3279_0,indigenous_territories,Peru,PE,EL PILAR,,202000,7.83,66.61,-69.285855,-12.60022,-69.244538,-12.495596
2026-08-29,PE3279_0,indigenous_territories,Peru,PE,EL PILAR,,202100,19.45,86.07,-69.285855,-12.60022,-69.244538,-12.495596
2026-08-29,PE3279_0,indigenous_territories,Peru,PE,EL PILAR,,202200,34.98,121.04,-69.285855,-12.60022,-69.244538,-12.495596
2026-08-29,PE3279_0,indigenous_territories,Peru,PE,EL PILAR,,202300,33.71,154.75,-69.285855,-12.60022,-69.244538,-12.495596
2026-08-29,PE3279_0,indigenous_territories,Peru,PE,EL PILAR,,202400,0.93,155.69,-69.285855,-12.60022,-69.244538,-12.495596
2026-08-29,PE3279_0,indigenous_territories,Peru,PE,EL PILAR,,202501,0.0,155.69,-69.285855,-12.60022,-69.244538,-12.495596
2026-08-29,PE3279_0,indigenous_territories,Peru,PE,EL PILAR,,202502,0.0,155.69,-69.285855,-12.60022,-69.244538,-12.495596
2026-08-29,PE3279_0,indigenous_territories,Peru,PE,EL PILAR,,202503,0.61,156.3,-69.285855,-12.60022,-69.244538,-12.495596
2026-08-29,PE3279_0,indigenous_territories,Peru,PE,EL PILAR,,202504,0.0,156.3,-69.285855,-12.60022,-69.244538,-12.495596
2026-08-29,PE3279_0,indigenous_territories,Peru,PE,EL PILAR,,202601,0.0,156.3,-69.285855,-12.60022,-69.244538,-12.495596
2026-08-29,PE3279_0,indigenous_territories,Peru,PE,EL PILAR,,202602,0.0,156.3,-69.285855,-12.60022,-69.244538,-12.495596
2026-08-29,PE1050_0,indigenous_territories,Peru,PE,KOTSIMBA,,201800,2487.77,2487.77,-70.347,-13.174007,-70.071896,-12.976799
2026-08-29,PE1050_0,indigenous_territories,Peru,PE,KOTSIMBA,,201900,474.17,2961.94,-70.347,-13.174007,-70.071896,-12.976799
2026-08-29,PE1050_0,indigenous_territories,Peru,PE,KOTSIMBA,,202000,351.87,3313.81,-70.347,-13.174007,-70.071896,-12.976799
2026-08-29,PE1050_0,indigenous_territories,Peru,PE,KOTSIMBA,,202100,156.07,3469.88,-70.347,-13.174007,-70.071896,-12.976799
2026-08-29,PE1050_0,indigenous_territories,Peru,PE,KOTSIMBA,,202200,95.74,3565.62,-70.347,-13.174007,-70.071896,-12.976799
2026-08-29,PE1050_0,indigenous_territories,Peru,PE,KOTSIMBA,,202300,235.75,3801.37,-70.347,-13.174007,-70.071896,-12.976799
2026-08-29,PE1050_0,indigenous_territories,Peru,PE,KOTSIMBA,,202400,236.04,4037.41,-70.347,-13.174007,-70.071896,-12.976799
2026-08-29,PE1050_0,indigenous_territories,Peru,PE,KOTSIMBA,,202501,0.0,4037.41,-70.347,-13.174007,-70.071896,-12.976799
2026-08-29,PE1050_0,indigenous_territories,Peru,PE,KOTSIMBA,,202502,27.58,4064.99,-70.347,-13.174007,-70.071896,-12.976799
2026-08-29,PE1050_0,indigenous_territories,Peru,PE,KOTSIMBA,,202503,9.0,4073.99,-70.347,-13.174007,-70.071896,-12.976799
2026-08-29,PE1050_0,indigenous_territories,Peru,PE,KOTSIMBA,,202504,12.87,4086.86,-70.347,-13.174007,-70.071896,-12.976799
2026-08-29,PE1050_0,indigenous_territories,Peru,PE,KOTSIMBA,,202601,0.0,4086.86,-70.347,-13.174007,-70.071896,-12.976799
2026-08-29,PE1050_0,indigenous_territories,Peru,PE,KOTSIMBA,,202602,108.91,4195.77,-70.347,-13.174007,-70.071896,-12.976799
2026-08-29,PE609_0,indigenous_territories,Peru,PE,NUEVO UNIDOS TAHUANTINSUYO,,201800,0.0,0.0,-74.923606,-9.709362,-74.802156,-9.493189
2026-08-29,PE609_0,indigenous_territories,Peru,PE,NUEVO UNIDOS TAHUANTINSUYO,,201900,0.0,0.0,-74.923606,-9.709362,-74.802156,-9.493189
2026-08-29,PE609_0,indigenous_territories,Peru,PE,NUEVO UNIDOS TAHUANTINSUYO,,202000,1.4,1.4,-74.923606,-9.709362,-74.802156,-9.493189
2026-08-29,PE609_0,indigenous_territories,Peru,PE,NUEVO UNIDOS TAHUANTINSUYO,,202100,0.26,1.66,-74.923606,-9.709362,-74.802156,-9.493189
2026-08-29,PE609_0,indigenous_territories,Peru,PE,NUEVO UNIDOS TAHUANTINSUYO,,202200,0.0,1.66,-74.923606,-9.709362,-74.802156,-9.493189
2026-08-29,PE609_0,indigenous_territories,Peru,PE,NUEVO UNIDOS TAHUANTINSUYO,,202300,9.83,11.49,-74.923606,-9.709362,-74.802156,-9.493189
2026-08-29,PE609_0,indigenous_territories,Peru,PE,NUEVO UNIDOS TAHUANTINSUYO,,202400,251.41,262.89,-74.923606,-9.709362,-74.802156,-9.493189
2026-08-29,PE609_0,indigenous_territories,Peru,PE,NUEVO UNIDOS TAHUANTINSUYO,,202501,167.72,430.62,-74.923606,-9.709362,-74.802156,-9.493189
2026-08-29,PE609_0,indigenous_territories,Peru,PE,NUEVO UNIDOS TAHUANTINSUYO,,202502,48.72,479.34,-74.923606,-9.709362,-74.802156,-9.493189
2026-08-29,PE609_0,indigenous_territories,Peru,PE,NUEVO UNIDOS TAHUANTINSUYO,,202503,190.79,670.12,-74.923606,-9.709362,-74.802156,-9.493189
2026-08-29,PE609_0,indigenous_territories,Peru,PE,NUEVO UNIDOS TAHUANTINSUYO,,202504,3.58,673.71,-74.923606,-9.709362,-74.802156,-9.493189
2026-08-29,PE609_0,indigenous_territories,Peru,PE,NUEVO UNIDOS TAHUANTINSUYO,,202601,0.13,673.84,-74.923606,-9.709362,-74.802156,-9.493189
2026-08-29,PE609_0,indigenous_territories,Peru,PE,NUEVO UNIDOS TAHUANTINSUYO,,202602,180.13,853.97,-74.923606,-9.709362,-74.802156,-9.493189
2026-08-29,PE3281_0,indigenous_territories,Peru,PE,PUERTO LUZ,,201800,414.8,414.8,-70.886124,-12.976472,-70.543833,-12.692741
2026-08-29,PE3281_0,indigenous_territories,Peru,PE,PUERTO LUZ,,201900,44.78,459.58,-70.886124,-12.976472,-70.543833,-12.692741
2026-08-29,PE3281_0,indigenous_territories,Peru,PE,PUERTO LUZ,,202000,44.41,503.99,-70.886124,-12.976472,-70.543833,-12.692741
2026-08-29,PE3281_0,indigenous_territories,Peru,PE,PUERTO LUZ,,202100,108.01,612.0,-70.886124,-12.976472,-70.543833,-12.692741
2026-08-29,PE3281_0,indigenous_territories,Peru,PE,PUERTO LUZ,,202200,94.11,706.1,-70.886124,-12.976472,-70.543833,-12.692741
2026-08-29,PE3281_0,indigenous_territories,Peru,PE,PUERTO LUZ,,202300,152.22,858.32,-70.886124,-12.976472,-70.543833,-12.692741
2026-08-29,PE3281_0,indigenous_territories,Peru,PE,PUERTO LUZ,,202400,108.77,967.09,-70.886124,-12.976472,-70.543833,-12.692741
2026-08-29,PE3281_0,indigenous_territories,Peru,PE,PUERTO LUZ,,202501,36.0,1003.08,-70.886124,-12.976472,-70.543833,-12.692741
2026-08-29,PE3281_0,indigenous_territories,Peru,PE,PUERTO LUZ,,202502,18.46,1021.54,-70.886124,-12.976472,-70.543833,-12.692741
2026-08-29,PE3281_0,indigenous_territories,Peru,PE,PUERTO LUZ,,202503,6.96,1028.5,-70.886124,-12.976472,-70.543833,-12.692741
2026-08-29,PE3281_0,indigenous_territories,Peru,PE,PUERTO LUZ,,202504,21.22,1049.72,-70.886124,-12.976472,-70.543833,-12.692741
2026-08-29,PE3281_0,indigenous_territories,Peru,PE,PUERTO LUZ,,202601,0.0,1049.72,-70.886124,-12.976472,-70.543833,-12.692741
2026-08-29,PE3281_0,indigenous_territories,Peru,PE,PUERTO LUZ,,202602,65.85,1115.56,-70.886124,-12.976472,-70.543833,-12.692741
2026-08-29,PE794_0,indigenous_territories,Peru,PE,SAN JACINTO,,201800,1687.35,1687.35,-73.894042,-12.683159,-69.37233,-4.493846
2026-08-29,PE794_0,indigenous_territories,Peru,PE,SAN JACINTO,,201900,237.82,1925.17,-73.894042,-12.683159,-69.37233,-4.493846
2026-08-29,PE794_0,indigenous_territories,Peru,PE,SAN JACINTO,,202000,284.4,2209.57,-73.894042,-12.683159,-69.37233,-4.493846
2026-08-29,PE794_0,indigenous_territories,Peru,PE,SAN JACINTO,,202100,193.84,2403.41,-73.894042,-12.683159,-69.37233,-4.493846
2026-08-29,PE794_0,indigenous_territories,Peru,PE,SAN JACINTO,,202200,124.64,2528.05,-73.894042,-12.683159,-69.37233,-4.493846
2026-08-29,PE794_0,indigenous_territories,Peru,PE,SAN JACINTO,,202300,72.53,2600.58,-73.894042,-12.683159,-69.37233,-4.493846
2026-08-29,PE794_0,indigenous_territories,Peru,PE,SAN JACINTO,,202400,88.64,2689.23,-73.894042,-12.683159,-69.37233,-4.493846
2026-08-29,PE794_0,indigenous_territories,Peru,PE,SAN JACINTO,,202501,0.0,2689.23,-73.894042,-12.683159,-69.37233,-4.493846
2026-08-29,PE794_0,indigenous_territories,Peru,PE,SAN JACINTO,,202502,13.26,2702.49,-73.894042,-12.683159,-69.37233,-4.493846
2026-08-29,PE794_0,indigenous_territories,Peru,PE,SAN JACINTO,,202503,34.6,2737.09,-73.894042,-12.683159,-69.37233,-4.493846
2026-08-29,PE794_0,indigenous_territories,Peru,PE,SAN JACINTO,,202504,0.77,2737.86,-73.894042,-12.683159,-69.37233,-4.493846
2026-08-29,PE794_0,indigenous_territories,Peru,PE,SAN JACINTO,,202601,1.24,2739.1,-73.894042,-12.683159,-69.37233,-4.493846
2026-08-29,PE794_0,indigenous_territories,Peru,PE,SAN JACINTO,,202602,16.55,2755.66,-73.894042,-12.683159,-69.37233,-4.493846
2026-08-29,PE1082_0,indigenous_territories,Peru,PE,SAN JOSE DE KARENE,,201800,5158.13,5158.13,-70.683583,-12.795016,-70.421829,-12.614525
2026-08-29,PE1082_0,indigenous_territories,Peru,PE,SAN JOSE DE KARENE,,201900,316.25,5474.39,-70.683583,-12.795016,-70.421829,-12.614525
2026-08-29,PE1082_0,indigenous_territories,Peru,PE,SAN JOSE DE KARENE,,202000,516.89,5991.28,-70.683583,-12.795016,-70.421829,-12.614525
2026-08-29,PE1082_0,indigenous_territories,Peru,PE,SAN JOSE DE KARENE,,202100,282.03,6273.31,-70.683583,-12.795016,-70.421829,-12.614525
2026-08-29,PE1082_0,indigenous_territories,Peru,PE,SAN JOSE DE KARENE,,202200,276.94,6550.25,-70.683583,-12.795016,-70.421829,-12.614525
2026-08-29,PE1082_0,indigenous_territories,Peru,PE,SAN JOSE DE KARENE,,202300,416.01,6966.26,-70.683583,-12.795016,-70.421829,-12.614525
2026-08-29,PE1082_0,indigenous_territories,Peru,PE,SAN JOSE DE KARENE,,202400,934.72,7900.99,-70.683583,-12.795016,-70.421829,-12.614525
2026-08-29,PE1082_0,indigenous_territories,Peru,PE,SAN JOSE DE KARENE,,202501,19.52,7920.51,-70.683583,-12.795016,-70.421829,-12.614525
2026-08-29,PE1082_0,indigenous_territories,Peru,PE,SAN JOSE DE KARENE,,202502,48.7,7969.21,-70.683583,-12.795016,-70.421829,-12.614525
2026-08-29,PE1082_0,indigenous_territories,Peru,PE,SAN JOSE DE KARENE,,202503,62.71,8031.91,-70.683583,-12.795016,-70.421829,-12.614525
2026-08-29,PE1082_0,indigenous_territories,Peru,PE,SAN JOSE DE KARENE,,202504,59.78,8091.7,-70.683583,-12.795016,-70.421829,-12.614525
2026-08-29,PE1082_0,indigenous_territories,Peru,PE,SAN JOSE DE KARENE,,202601,0.0,8091.7,-70.683583,-12.795016,-70.421829,-12.614525
2026-08-29,PE1082_0,indigenous_territories,Peru,PE,SAN JOSE DE KARENE,,202602,716.38,8808.08,-70.683583,-12.795016,-70.421829,-12.614525
2026-08-29,PE1771_0,indigenous_territories,Peru,PE,SHIMPI,TITULADA,201800,0.0,0.0,-77.428157,-4.489447,-77.344206,-4.390271
2026-08-29,PE1771_0,indigenous_territories,Peru,PE,SHIMPI,TITULADA,201900,0.0,0.0,-77.428157,-4.489447,-77.344206,-4.390271
2026-08-29,PE1771_0,indigenous_territories,Peru,PE,SHIMPI,TITULADA,202000,0.0,0.0,-77.428157,-4.489447,-77.344206,-4.390271
2026-08-29,PE1771_0,indigenous_territories,Peru,PE,SHIMPI,TITULADA,202100,0.0,0.0,-77.428157,-4.489447,-77.344206,-4.390271
2026-08-29,PE1771_0,indigenous_territories,Peru,PE,SHIMPI,TITULADA,202200,0.0,0.0,-77.428157,-4.489447,-77.344206,-4.390271
2026-08-29,PE1771_0,indigenous_territories,Peru,PE,SHIMPI,TITULADA,202300,0.0,0.0,-77.428157,-4.489447,-77.344206,-4.390271
2026-08-29,PE1771_0,indigenous_territories,Peru,PE,SHIMPI,TITULADA,202400,1.76,1.76,-77.428157,-4.489447,-77.344206,-4.390271
2026-08-29,PE1771_0,indigenous_territories,Peru,PE,SHIMPI,TITULADA,202501,0.0,1.76,-77.428157,-4.489447,-77.344206,-4.390271
2026-08-29,PE1771_0,indigenous_territories,Peru,PE,SHIMPI,TITULADA,202502,0.0,1.76,-77.428157,-4.489447,-77.344206,-4.390271
2026-08-29,PE1771_0,indigenous_territories,Peru,PE,SHIMPI,TITULADA,202503,0.0,1.76,-77.428157,-4.489447,-77.344206,-4.390271
2026-08-29,PE1771_0,indigenous_territories,Peru,PE,SHIMPI,TITULADA,202504,0.0,1.76,-77.428157,-4.489447,-77.344206,-4.390271
2026-08-29,PE1771_0,indigenous_territories,Peru,PE,SHIMPI,TITULADA,202601,0.0,1.76,-77.428157,-4.489447,-77.344206,-4.390271
2026-08-29,PE1771_0,indigenous_territories,Peru,PE,SHIMPI,TITULADA,202602,0.0,1.76,-77.428157,-4.489447,-77.344206,-4.390271
2026-08-29,PE969_0,indigenous_territories,Peru,PE,SHIRINGAYOC,,201800,202.18,202.18,-69.966606,-12.689049,-69.881218,-12.571811
2026-08-29,PE969_0,indigenous_territories,Peru,PE,SHIRINGAYOC,,201900,90.71,292.89,-69.966606,-12.689049,-69.881218,-12.571811
2026-08-29,PE969_0,indigenous_territories,Peru,PE,SHIRINGAYOC,,202000,148.39,441.29,-69.966606,-12.689049,-69.881218,-12.571811
2026-08-29,PE969_0,indigenous_territories,Peru,PE,SHIRINGAYOC,,202100,134.33,575.62,-69.966606,-12.689049,-69.881218,-12.571811
2026-08-29,PE969_0,indigenous_territories,Peru,PE,SHIRINGAYOC,,202200,96.51,672.14,-69.966606,-12.689049,-69.881218,-12.571811
2026-08-29,PE969_0,indigenous_territories,Peru,PE,SHIRINGAYOC,,202300,190.93,863.06,-69.966606,-12.689049,-69.881218,-12.571811
2026-08-29,PE969_0,indigenous_territories,Peru,PE,SHIRINGAYOC,,202400,178.96,1042.02,-69.966606,-12.689049,-69.881218,-12.571811
2026-08-29,PE969_0,indigenous_territories,Peru,PE,SHIRINGAYOC,,202501,0.0,1042.02,-69.966606,-12.689049,-69.881218,-12.571811
2026-08-29,PE969_0,indigenous_territories,Peru,PE,SHIRINGAYOC,,202502,67.64,1109.66,-69.966606,-12.689049,-69.881218,-12.571811
2026-08-29,PE969_0,indigenous_territories,Peru,PE,SHIRINGAYOC,,202503,25.13,1134.78,-69.966606,-12.689049,-69.881218,-12.571811
2026-08-29,PE969_0,indigenous_territories,Peru,PE,SHIRINGAYOC,,202504,6.6,1141.38,-69.966606,-12.689049,-69.881218,-12.571811
2026-08-29,PE969_0,indigenous_territories,Peru,PE,SHIRINGAYOC,,202601,0.0,1141.38,-69.966606,-12.689049,-69.881218,-12.571811
2026-08-29,PE969_0,indigenous_territories,Peru,PE,SHIRINGAYOC,,202602,113.49,1254.87,-69.966606,-12.689049,-69.881218,-12.571811
2026-08-29,PE619_0,indigenous_territories,Peru,PE,TRES HERMANOS DEL SIRA,,201800,0.0,0.0,-74.810211,-9.675868,-74.695189,-9.557667
2026-08-29,PE619_0,indigenous_territories,Peru,PE,TRES HERMANOS DEL SIRA,,201900,0.0,0.0,-74.810211,-9.675868,-74.695189,-9.557667
2026-08-29,PE619_0,indigenous_territories,Peru,PE,TRES HERMANOS DEL SIRA,,202000,0.0,0.0,-74.810211,-9.675868,-74.695189,-9.557667
2026-08-29,PE619_0,indigenous_territories,Peru,PE,TRES HERMANOS DEL SIRA,,202100,0.0,0.0,-74.810211,-9.675868,-74.695189,-9.557667
2026-08-29,PE619_0,indigenous_territories,Peru,PE,TRES HERMANOS DEL SIRA,,202200,0.0,0.0,-74.810211,-9.675868,-74.695189,-9.557667
2026-08-29,PE619_0,indigenous_territories,Peru,PE,TRES HERMANOS DEL SIRA,,202300,0.0,0.0,-74.810211,-9.675868,-74.695189,-9.557667
2026-08-29,PE619_0,indigenous_territories,Peru,PE,TRES HERMANOS DEL SIRA,,202400,0.0,0.0,-74.810211,-9.675868,-74.695189,-9.557667
2026-08-29,PE619_0,indigenous_territories,Peru,PE,TRES HERMANOS DEL SIRA,,202501,0.0,0.0,-74.810211,-9.675868,-74.695189,-9.557667
2026-08-29,PE619_0,indigenous_territories,Peru,PE,TRES HERMANOS DEL SIRA,,202502,6.92,6.92,-74.810211,-9.675868,-74.695189,-9.557667
2026-08-29,PE619_0,indigenous_territories,Peru,PE,TRES HERMANOS DEL SIRA,,202503,0.0,6.92,-74.810211,-9.675868,-74.695189,-9.557667
2026-08-29,PE619_0,indigenous_territories,Peru,PE,TRES HERMANOS DEL SIRA,,202504,0.0,6.92,-74.810211,-9.675868,-74.695189,-9.557667
2026-08-29,PE619_0,indigenous_territories,Peru,PE,TRES HERMANOS DEL SIRA,,202601,0.0,6.92,-74.810211,-9.675868,-74.695189,-9.557667
2026-08-29,PE619_0,indigenous_territories,Peru,PE,TRES HERMANOS DEL SIRA,,202602,0.0,6.92,-74.810211,-9.675868,-74.695189,-9.557667
2026-08-29,PE795_0,indigenous_territories,Peru,PE,TRES ISLAS,,201800,1456.74,1456.74,-69.60052,-12.650611,-69.300003,-12.444716
2026-08-29,PE795_0,indigenous_territories,Peru,PE,TRES ISLAS,,201900,432.84,1889.58,-69.60052,-12.650611,-69.300003,-12.444716
2026-08-29,PE795_0,indigenous_territories,Peru,PE,TRES ISLAS,,202000,332.37,2221.95,-69.60052,-12.650611,-69.300003,-12.444716
2026-08-29,PE795_0,indigenous_territories,Peru,PE,TRES ISLAS,,202100,384.04,2605.99,-69.60052,-12.650611,-69.300003,-12.444716
2026-08-29,PE795_0,indigenous_territories,Peru,PE,TRES ISLAS,,202200,247.38,2853.37,-69.60052,-12.650611,-69.300003,-12.444716
2026-08-29,PE795_0,indigenous_territories,Peru,PE,TRES ISLAS,,202300,276.63,3130.0,-69.60052,-12.650611,-69.300003,-12.444716
2026-08-29,PE795_0,indigenous_territories,Peru,PE,TRES ISLAS,,202400,320.68,3450.68,-69.60052,-12.650611,-69.300003,-12.444716
2026-08-29,PE795_0,indigenous_territories,Peru,PE,TRES ISLAS,,202501,0.0,3450.68,-69.60052,-12.650611,-69.300003,-12.444716
2026-08-29,PE795_0,indigenous_territories,Peru,PE,TRES ISLAS,,202502,86.27,3536.95,-69.60052,-12.650611,-69.300003,-12.444716
2026-08-29,PE795_0,indigenous_territories,Peru,PE,TRES ISLAS,,202503,37.4,3574.36,-69.60052,-12.650611,-69.300003,-12.444716
2026-08-29,PE795_0,indigenous_territories,Peru,PE,TRES ISLAS,,202504,0.0,3574.36,-69.60052,-12.650611,-69.300003,-12.444716
2026-08-29,PE795_0,indigenous_territories,Peru,PE,TRES ISLAS,,202601,0.0,3574.36,-69.60052,-12.650611,-69.300003,-12.444716
2026-08-29,PE795_0,indigenous_territories,Peru,PE,TRES ISLAS,,202602,193.97,3768.33,-69.60052,-12.650611,-69.300003,-12.444716
2026-08-29,PE512_0,indigenous_territories,Peru,PE,TSIROTZIRE,,201800,0.0,0.0,-74.931305,-9.385131,-74.839841,-9.319144
2026-08-29,PE512_0,indigenous_territories,Peru,PE,TSIROTZIRE,,201900,28.9,28.9,-74.931305,-9.385131,-74.839841,-9.319144
2026-08-29,PE512_0,indigenous_territories,Peru,PE,TSIROTZIRE,,202000,10.47,39.37,-74.931305,-9.385131,-74.839841,-9.319144
2026-08-29,PE512_0,indigenous_territories,Peru,PE,TSIROTZIRE,,202100,49.29,88.67,-74.931305,-9.385131,-74.839841,-9.319144
2026-08-29,PE512_0,indigenous_territories,Peru,PE,TSIROTZIRE,,202200,229.55,318.22,-74.931305,-9.385131,-74.839841,-9.319144
2026-08-29,PE512_0,indigenous_territories,Peru,PE,TSIROTZIRE,,202300,116.04,434.25,-74.931305,-9.385131,-74.839841,-9.319144
2026-08-29,PE512_0,indigenous_territories,Peru,PE,TSIROTZIRE,,202400,178.52,612.77,-74.931305,-9.385131,-74.839841,-9.319144
2026-08-29,PE512_0,indigenous_territories,Peru,PE,TSIROTZIRE,,202501,23.98,636.75,-74.931305,-9.385131,-74.839841,-9.319144
2026-08-29,PE512_0,indigenous_territories,Peru,PE,TSIROTZIRE,,202502,57.91,694.66,-74.931305,-9.385131,-74.839841,-9.319144
2026-08-29,PE512_0,indigenous_territories,Peru,PE,TSIROTZIRE,,202503,151.09,845.75,-74.931305,-9.385131,-74.839841,-9.319144
2026-08-29,PE512_0,indigenous_territories,Peru,PE,TSIROTZIRE,,202504,0.0,845.75,-74.931305,-9.385131,-74.839841,-9.319144
2026-08-29,PE512_0,indigenous_territories,Peru,PE,TSIROTZIRE,,202601,0.0,845.75,-74.931305,-9.385131,-74.839841,-9.319144
2026-08-29,PE512_0,indigenous_territories,Peru,PE,TSIROTZIRE,,202602,50.2,895.95,-74.931305,-9.385131,-74.839841,-9.319144
2026-08-29,VE50058_0,indigenous_territories,Venezuela,VE,"Ikabaru (Taurepan, Pemon)",Demarcada,201800,5149.05,5149.05,-62.415214,4.075435,-61.319384,4.825998
2026-08-29,VE50058_0,indigenous_territories,Venezuela,VE,"Ikabaru (Taurepan, Pemon)",Demarcada,201900,570.95,5720.0,-62.415214,4.075435,-61.319384,4.825998
2026-08-29,VE50058_0,indigenous_territories,Venezuela,VE,"Ikabaru (Taurepan, Pemon)",Demarcada,202000,460.8,6180.8,-62.415214,4.075435,-61.319384,4.825998
2026-08-29,VE50058_0,indigenous_territories,Venezuela,VE,"Ikabaru (Taurepan, Pemon)",Demarcada,202100,539.73,6720.53,-62.415214,4.075435,-61.319384,4.825998
2026-08-29,VE50058_0,indigenous_territories,Venezuela,VE,"Ikabaru (Taurepan, Pemon)",Demarcada,202200,364.11,7084.64,-62.415214,4.075435,-61.319384,4.825998
2026-08-29,VE50058_0,indigenous_territories,Venezuela,VE,"Ikabaru (Taurepan, Pemon)",Demarcada,202300,374.88,7459.52,-62.415214,4.075435,-61.319384,4.825998
2026-08-29,VE50058_0,indigenous_territories,Venezuela,VE,"Ikabaru (Taurepan, Pemon)",Demarcada,202400,266.8,7726.32,-62.415214,4.075435,-61.319384,4.825998
2026-08-29,VE50058_0,indigenous_territories,Venezuela,VE,"Ikabaru (Taurepan, Pemon)",Demarcada,202501,118.84,7845.16,-62.415214,4.075435,-61.319384,4.825998
2026-08-29,VE50058_0,indigenous_territories,Venezuela,VE,"Ikabaru (Taurepan, Pemon)",Demarcada,202502,6.68,7851.84,-62.415214,4.075435,-61.319384,4.825998
2026-08-29,VE50058_0,indigenous_territories,Venezuela,VE,"Ikabaru (Taurepan, Pemon)",Demarcada,202503,136.6,7988.43,-62.415214,4.075435,-61.319384,4.825998
2026-08-29,VE50058_0,indigenous_territories,Venezuela,VE,"Ikabaru (Taurepan, Pemon)",Demarcada,202504,4.98,7993.41,-62.415214,4.075435,-61.319384,4.825998
2026-08-29,VE50058_0,indigenous_territories,Venezuela,VE,"Ikabaru (Taurepan, Pemon)",Demarcada,202601,10.33,8003.74,-62.415214,4.075435,-61.319384,4.825998
2026-08-29,VE50058_0,indigenous_territories,Venezuela,VE,"Ikabaru (Taurepan, Pemon)",Demarcada,202602,74.82,8078.56,-62.415214,4.075435,-61.319384,4.825998
2026-08-29,VE50070_0,indigenous_territories,Venezuela,VE,Territorio Multiétnico Arawak - Yanomami,Sin demarcación,201800,0.0,0.0,-66.477478,0.646933,-64.9975,2.603516
2026-08-29,VE50070_0,indigenous_territories,Venezuela,VE,Territorio Multiétnico Arawak - Yanomami,Sin demarcación,201900,55.33,55.33,-66.477478,0.646933,-64.9975,2.603516
2026-08-29,VE50070_0,indigenous_territories,Venezuela,VE,Territorio Multiétnico Arawak - Yanomami,Sin demarcación,202000,0.23,55.56,-66.477478,0.646933,-64.9975,2.603516
2026-08-29,VE50070_0,indigenous_territories,Venezuela,VE,Territorio Multiétnico Arawak - Yanomami,Sin demarcación,202100,0.0,55.56,-66.477478,0.646933,-64.9975,2.603516
2026-08-29,VE50070_0,indigenous_territories,Venezuela,VE,Territorio Multiétnico Arawak - Yanomami,Sin demarcación,202200,0.0,55.56,-66.477478,0.646933,-64.9975,2.603516
2026-08-29,VE50070_0,indigenous_territories,Venezuela,VE,Territorio Multiétnico Arawak - Yanomami,Sin demarcación,202300,0.0,55.56,-66.477478,0.646933,-64.9975,2.603516
2026-08-29,VE50070_0,indigenous_territories,Venezuela,VE,Territorio Multiétnico Arawak - Yanomami,Sin demarcación,202400,0.0,55.56,-66.477478,0.646933,-64.9975,2.603516
2026-08-29,VE50070_0,indigenous_territories,Venezuela,VE,Territorio Multiétnico Arawak - Yanomami,Sin demarcación,202501,70.1,125.67,-66.477478,0.646933,-64.9975,2.603516
2026-08-29,VE50070_0,indigenous_territories,Venezuela,VE,Territorio Multiétnico Arawak - Yanomami,Sin demarcación,202502,41.54,167.2,-66.477478,0.646933,-64.9975,2.603516
2026-08-29,VE50070_0,indigenous_territories,Venezuela,VE,Territorio Multiétnico Arawak - Yanomami,Sin demarcación,202503,10.5,177.7,-66.477478,0.646933,-64.9975,2.603516
2026-08-29,VE50070_0,indigenous_territories,Venezuela,VE,Territorio Multiétnico Arawak - Yanomami,Sin demarcación,202504,0.0,177.7,-66.477478,0.646933,-64.9975,2.603516
2026-08-29,VE50070_0,indigenous_territories,Venezuela,VE,Territorio Multiétnico Arawak - Yanomami,Sin demarcación,202601,0.0,177.7,-66.477478,0.646933,-64.9975,2.603516
2026-08-29,VE50070_0,indigenous_territories,Venezuela,VE,Territorio Multiétnico Arawak - Yanomami,Sin demarcación,202602,0.03,177.73,-66.477478,0.646933,-64.9975,2.603516
2026-08-29,VE50069_0,indigenous_territories,Venezuela,VE,Territorio Uwottüja del Sipapo,Solicitud de titulación,201800,0.0,0.0,-67.861792,4.110528,-66.383829,5.773548
2026-08-29,VE50069_0,indigenous_territories,Venezuela,VE,Territorio Uwottüja del Sipapo,Solicitud de titulación,201900,0.0,0.0,-67.861792,4.110528,-66.383829,5.773548
2026-08-29,VE50069_0,indigenous_territories,Venezuela,VE,Territorio Uwottüja del Sipapo,Solicitud de titulación,202000,0.0,0.0,-67.861792,4.110528,-66.383829,5.773548
2026-08-29,VE50069_0,indigenous_territories,Venezuela,VE,Territorio Uwottüja del Sipapo,Solicitud de titulación,202100,0.0,0.0,-67.861792,4.110528,-66.383829,5.773548
2026-08-29,VE50069_0,indigenous_territories,Venezuela,VE,Territorio Uwottüja del Sipapo,Solicitud de titulación,202200,42.34,42.34,-67.861792,4.110528,-66.383829,5.773548
2026-08-29,VE50069_0,indigenous_territories,Venezuela,VE,Territorio Uwottüja del Sipapo,Solicitud de titulación,202300,24.19,66.53,-67.861792,4.110528,-66.383829,5.773548
2026-08-29,VE50069_0,indigenous_territories,Venezuela,VE,Territorio Uwottüja del Sipapo,Solicitud de titulación,202400,45.63,112.16,-67.861792,4.110528,-66.383829,5.773548
2026-08-29,VE50069_0,indigenous_territories,Venezuela,VE,Territorio Uwottüja del Sipapo,Solicitud de titulación,202501,0.0,112.16,-67.861792,4.110528,-66.383829,5.773548
2026-08-29,VE50069_0,indigenous_territories,Venezuela,VE,Territorio Uwottüja del Sipapo,Solicitud de titulación,202502,0.0,112.16,-67.861792,4.110528,-66.383829,5.773548
2026-08-29,VE50069_0,indigenous_territories,Venezuela,VE,Territorio Uwottüja del Sipapo,Solicitud de titulación,202503,5.64,117.79,-67.861792,4.110528,-66.383829,5.773548
2026-08-29,VE50069_0,indigenous_territories,Venezuela,VE,Territorio Uwottüja del Sipapo,Solicitud de titulación,202504,0.0,117.79,-67.861792,4.110528,-66.383829,5.773548
2026-08-29,VE50069_0,indigenous_territories,Venezuela,VE,Territorio Uwottüja del Sipapo,Solicitud de titulación,202601,13.34,131.14,-67.861792,4.110528,-66.383829,5.773548
2026-08-29,VE50069_0,indigenous_territories,Venezuela,VE,Territorio Uwottüja del Sipapo,Solicitud de titulación,202602,14.78,145.91,-67.861792,4.110528,-66.383829,5.773548
2026-08-29,VE50071_0,indigenous_territories,Venezuela,VE,Territorio Ye'kwana-Sanema de Alto Orinoco,Autodemarcado,201800,0.58,0.58,-66.175968,2.550067,-64.508954,4.366803
2026-08-29,VE50071_0,indigenous_territories,Venezuela,VE,Territorio Ye'kwana-Sanema de Alto Orinoco,Autodemarcado,201900,0.0,0.58,-66.175968,2.550067,-64.508954,4.366803
2026-08-29,VE50071_0,indigenous_territories,Venezuela,VE,Territorio Ye'kwana-Sanema de Alto Orinoco,Autodemarcado,202000,0.0,0.58,-66.175968,2.550067,-64.508954,4.366803
2026-08-29,VE50071_0,indigenous_territories,Venezuela,VE,Territorio Ye'kwana-Sanema de Alto Orinoco,Autodemarcado,202100,0.0,0.58,-66.175968,2.550067,-64.508954,4.366803
2026-08-29,VE50071_0,indigenous_territories,Venezuela,VE,Territorio Ye'kwana-Sanema de Alto Orinoco,Autodemarcado,202200,64.71,65.28,-66.175968,2.550067,-64.508954,4.366803
2026-08-29,VE50071_0,indigenous_territories,Venezuela,VE,Territorio Ye'kwana-Sanema de Alto Orinoco,Autodemarcado,202300,9.46,74.75,-66.175968,2.550067,-64.508954,4.366803
2026-08-29,VE50071_0,indigenous_territories,Venezuela,VE,Territorio Ye'kwana-Sanema de Alto Orinoco,Autodemarcado,202400,12.56,87.3,-66.175968,2.550067,-64.508954,4.366803
2026-08-29,VE50071_0,indigenous_territories,Venezuela,VE,Territorio Ye'kwana-Sanema de Alto Orinoco,Autodemarcado,202501,5.49,92.8,-66.175968,2.550067,-64.508954,4.366803
2026-08-29,VE50071_0,indigenous_territories,Venezuela,VE,Territorio Ye'kwana-Sanema de Alto Orinoco,Autodemarcado,202502,0.0,92.8,-66.175968,2.550067,-64.508954,4.366803
2026-08-29,VE50071_0,indigenous_territories,Venezuela,VE,Territorio Ye'kwana-Sanema de Alto Orinoco,Autodemarcado,202503,2.22,95.02,-66.175968,2.550067,-64.508954,4.366803
2026-08-29,VE50071_0,indigenous_territories,Venezuela,VE,Territorio Ye'kwana-Sanema de Alto Orinoco,Autodemarcado,202504,0.0,95.02,-66.175968,2.550067,-64.508954,4.366803
2026-08-29,VE50071_0,indigenous_territories,Venezuela,VE,Territorio Ye'kwana-Sanema de Alto Orinoco,Autodemarcado,202601,0.0,95.02,-66.175968,2.550067,-64.508954,4.366803
2026-08-29,VE50071_0,indigenous_territories,Venezuela,VE,Territorio Ye'kwana-Sanema de Alto Orinoco,Autodemarcado,202602,0.0,95.02,-66.175968,2.550067,-64.508954,4.366803
2026-08-29,VE50066_0,indigenous_territories,Venezuela,VE,Territorio Ye'kwana-Sanema de Medio Alto Caura,En proceso de autodemarcación,201800,197.21,197.21,-65.270737,3.840267,-63.391392,6.742887
2026-08-29,VE50066_0,indigenous_territories,Venezuela,VE,Territorio Ye'kwana-Sanema de Medio Alto Caura,En proceso de autodemarcación,201900,29.58,226.79,-65.270737,3.840267,-63.391392,6.742887
2026-08-29,VE50066_0,indigenous_territories,Venezuela,VE,Territorio Ye'kwana-Sanema de Medio Alto Caura,En proceso de autodemarcación,202000,11.11,237.9,-65.270737,3.840267,-63.391392,6.742887
2026-08-29,VE50066_0,indigenous_territories,Venezuela,VE,Territorio Ye'kwana-Sanema de Medio Alto Caura,En proceso de autodemarcación,202100,6.05,243.95,-65.270737,3.840267,-63.391392,6.742887
2026-08-29,VE50066_0,indigenous_territories,Venezuela,VE,Territorio Ye'kwana-Sanema de Medio Alto Caura,En proceso de autodemarcación,202200,28.18,272.13,-65.270737,3.840267,-63.391392,6.742887
2026-08-29,VE50066_0,indigenous_territories,Venezuela,VE,Territorio Ye'kwana-Sanema de Medio Alto Caura,En proceso de autodemarcación,202300,23.66,295.79,-65.270737,3.840267,-63.391392,6.742887
2026-08-29,VE50066_0,indigenous_territories,Venezuela,VE,Territorio Ye'kwana-Sanema de Medio Alto Caura,En proceso de autodemarcación,202400,17.41,313.2,-65.270737,3.840267,-63.391392,6.742887
2026-08-29,VE50066_0,indigenous_territories,Venezuela,VE,Territorio Ye'kwana-Sanema de Medio Alto Caura,En proceso de autodemarcación,202501,0.0,313.2,-65.270737,3.840267,-63.391392,6.742887
2026-08-29,VE50066_0,indigenous_territories,Venezuela,VE,Territorio Ye'kwana-Sanema de Medio Alto Caura,En proceso de autodemarcación,202502,0.0,313.2,-65.270737,3.840267,-63.391392,6.742887
2026-08-29,VE50066_0,indigenous_territories,Venezuela,VE,Territorio Ye'kwana-Sanema de Medio Alto Caura,En proceso de autodemarcación,202503,0.0,313.2,-65.270737,3.840267,-63.391392,6.742887
2026-08-29,VE50066_0,indigenous_territories,Venezuela,VE,Territorio Ye'kwana-Sanema de Medio Alto Caura,En proceso de autodemarcación,202504,0.0,313.2,-65.270737,3.840267,-63.391392,6.742887
2026-08-29,VE50066_0,indigenous_territories,Venezuela,VE,Territorio Ye'kwana-Sanema de Medio Alto Caura,En proceso de autodemarcación,202601,0.13,313.33,-65.270737,3.840267,-63.391392,6.742887
2026-08-29,VE50066_0,indigenous_territories,Venezuela,VE,Territorio Ye'kwana-Sanema de Medio Alto Caura,En proceso de autodemarcación,202602,0.0,313.33,-65.270737,3.840267,-63.391392,6.742887
2026-08-29,VE50072_0,indigenous_territories,Venezuela,VE,Territorio Ye'kwana-Sanema de Medio Alto Ventuari,En proceso de autodemarcación,201800,146.55,146.55,-66.158053,4.008473,-64.53054,5.551523
2026-08-29,VE50072_0,indigenous_territories,Venezuela,VE,Territorio Ye'kwana-Sanema de Medio Alto Ventuari,En proceso de autodemarcación,201900,9.45,156.0,-66.158053,4.008473,-64.53054,5.551523
2026-08-29,VE50072_0,indigenous_territories,Venezuela,VE,Territorio Ye'kwana-Sanema de Medio Alto Ventuari,En proceso de autodemarcación,202000,12.48,168.49,-66.158053,4.008473,-64.53054,5.551523
2026-08-29,VE50072_0,indigenous_territories,Venezuela,VE,Territorio Ye'kwana-Sanema de Medio Alto Ventuari,En proceso de autodemarcación,202100,14.11,182.6,-66.158053,4.008473,-64.53054,5.551523
2026-08-29,VE50072_0,indigenous_territories,Venezuela,VE,Territorio Ye'kwana-Sanema de Medio Alto Ventuari,En proceso de autodemarcación,202200,12.12,194.72,-66.158053,4.008473,-64.53054,5.551523
2026-08-29,VE50072_0,indigenous_territories,Venezuela,VE,Territorio Ye'kwana-Sanema de Medio Alto Ventuari,En proceso de autodemarcación,202300,9.65,204.37,-66.158053,4.008473,-64.53054,5.551523
2026-08-29,VE50072_0,indigenous_territories,Venezuela,VE,Territorio Ye'kwana-Sanema de Medio Alto Ventuari,En proceso de autodemarcación,202400,7.88,212.25,-66.158053,4.008473,-64.53054,5.551523
2026-08-29,VE50072_0,indigenous_territories,Venezuela,VE,Territorio Ye'kwana-Sanema de Medio Alto Ventuari,En proceso de autodemarcación,202501,1.33,213.58,-66.158053,4.008473,-64.53054,5.551523
2026-08-29,VE50072_0,indigenous_territories,Venezuela,VE,Territorio Ye'kwana-Sanema de Medio Alto Ventuari,En proceso de autodemarcación,202502,0.0,213.58,-66.158053,4.008473,-64.53054,5.551523
2026-08-29,VE50072_0,indigenous_territories,Venezuela,VE,Territorio Ye'kwana-Sanema de Medio Alto Ventuari,En proceso de autodemarcación,202503,1.5,215.08,-66.158053,4.008473,-64.53054,5.551523
2026-08-29,VE50072_0,indigenous_territories,Venezuela,VE,Territorio Ye'kwana-Sanema de Medio Alto Ventuari,En proceso de autodemarcación,202504,0.0,215.08,-66.158053,4.008473,-64.53054,5.551523
2026-08-29,VE50072_0,indigenous_territories,Venezuela,VE,Territorio Ye'kwana-Sanema de Medio Alto Ventuari,En proceso de autodemarcación,202601,0.0,215.08,-66.158053,4.008473,-64.53054,5.551523
2026-08-29,VE50072_0,indigenous_territories,Venezuela,VE,Territorio Ye'kwana-Sanema de Medio Alto Ventuari,En proceso de autodemarcación,202602,0.0,215.08,-66.158053,4.008473,-64.53054,5.551523
2026-08-29,VE50027_0,indigenous_territories,Venezuela,VE,Territorio tradicional Akawayo,Sin demarcación,201800,681.02,681.02,-61.384925,6.268327,-60.824774,6.864264
2026-08-29,VE50027_0,indigenous_territories,Venezuela,VE,Territorio tradicional Akawayo,Sin demarcación,201900,147.06,828.08,-61.384925,6.268327,-60.824774,6.864264
2026-08-29,VE50027_0,indigenous_territories,Venezuela,VE,Territorio tradicional Akawayo,Sin demarcación,202000,88.64,916.73,-61.384925,6.268327,-60.824774,6.864264
2026-08-29,VE50027_0,indigenous_territories,Venezuela,VE,Territorio tradicional Akawayo,Sin demarcación,202100,54.64,971.36,-61.384925,6.268327,-60.824774,6.864264
2026-08-29,VE50027_0,indigenous_territories,Venezuela,VE,Territorio tradicional Akawayo,Sin demarcación,202200,84.54,1055.91,-61.384925,6.268327,-60.824774,6.864264
2026-08-29,VE50027_0,indigenous_territories,Venezuela,VE,Territorio tradicional Akawayo,Sin demarcación,202300,158.97,1214.87,-61.384925,6.268327,-60.824774,6.864264
2026-08-29,VE50027_0,indigenous_territories,Venezuela,VE,Territorio tradicional Akawayo,Sin demarcación,202400,40.81,1255.68,-61.384925,6.268327,-60.824774,6.864264
2026-08-29,VE50027_0,indigenous_territories,Venezuela,VE,Territorio tradicional Akawayo,Sin demarcación,202501,13.29,1268.97,-61.384925,6.268327,-60.824774,6.864264
2026-08-29,VE50027_0,indigenous_territories,Venezuela,VE,Territorio tradicional Akawayo,Sin demarcación,202502,0.0,1268.97,-61.384925,6.268327,-60.824774,6.864264
2026-08-29,VE50027_0,indigenous_territories,Venezuela,VE,Territorio tradicional Akawayo,Sin demarcación,202503,16.84,1285.8,-61.384925,6.268327,-60.824774,6.864264
2026-08-29,VE50027_0,indigenous_territories,Venezuela,VE,Territorio tradicional Akawayo,Sin demarcación,202504,35.12,1320.92,-61.384925,6.268327,-60.824774,6.864264
2026-08-29,VE50027_0,indigenous_territories,Venezuela,VE,Territorio tradicional Akawayo,Sin demarcación,202601,3.9,1324.82,-61.384925,6.268327,-60.824774,6.864264
2026-08-29,VE50027_0,indigenous_territories,Venezuela,VE,Territorio tradicional Akawayo,Sin demarcación,202602,20.63,1345.46,-61.384925,6.268327,-60.824774,6.864264
2026-08-29,VE50022_0,indigenous_territories,Venezuela,VE,Territorio tradicional Arawak - Atabapo,Sin demarcación,201800,1817.58,1817.58,-67.808335,2.638287,-65.891667,4.378738
2026-08-29,VE50022_0,indigenous_territories,Venezuela,VE,Territorio tradicional Arawak - Atabapo,Sin demarcación,201900,305.38,2122.96,-67.808335,2.638287,-65.891667,4.378738
2026-08-29,VE50022_0,indigenous_territories,Venezuela,VE,Territorio tradicional Arawak - Atabapo,Sin demarcación,202000,434.04,2557.0,-67.808335,2.638287,-65.891667,4.378738
2026-08-29,VE50022_0,indigenous_territories,Venezuela,VE,Territorio tradicional Arawak - Atabapo,Sin demarcación,202100,330.79,2887.79,-67.808335,2.638287,-65.891667,4.378738
2026-08-29,VE50022_0,indigenous_territories,Venezuela,VE,Territorio tradicional Arawak - Atabapo,Sin demarcación,202200,659.5,3547.29,-67.808335,2.638287,-65.891667,4.378738
2026-08-29,VE50022_0,indigenous_territories,Venezuela,VE,Territorio tradicional Arawak - Atabapo,Sin demarcación,202300,344.64,3891.93,-67.808335,2.638287,-65.891667,4.378738
2026-08-29,VE50022_0,indigenous_territories,Venezuela,VE,Territorio tradicional Arawak - Atabapo,Sin demarcación,202400,183.93,4075.86,-67.808335,2.638287,-65.891667,4.378738
2026-08-29,VE50022_0,indigenous_territories,Venezuela,VE,Territorio tradicional Arawak - Atabapo,Sin demarcación,202501,73.51,4149.37,-67.808335,2.638287,-65.891667,4.378738
2026-08-29,VE50022_0,indigenous_territories,Venezuela,VE,Territorio tradicional Arawak - Atabapo,Sin demarcación,202502,11.45,4160.82,-67.808335,2.638287,-65.891667,4.378738
2026-08-29,VE50022_0,indigenous_territories,Venezuela,VE,Territorio tradicional Arawak - Atabapo,Sin demarcación,202503,18.43,4179.25,-67.808335,2.638287,-65.891667,4.378738
2026-08-29,VE50022_0,indigenous_territories,Venezuela,VE,Territorio tradicional Arawak - Atabapo,Sin demarcación,202504,0.0,4179.25,-67.808335,2.638287,-65.891667,4.378738
2026-08-29,VE50022_0,indigenous_territories,Venezuela,VE,Territorio tradicional Arawak - Atabapo,Sin demarcación,202601,79.42,4258.66,-67.808335,2.638287,-65.891667,4.378738
2026-08-29,VE50022_0,indigenous_territories,Venezuela,VE,Territorio tradicional Arawak - Atabapo,Sin demarcación,202602,2.51,4261.17,-67.808335,2.638287,-65.891667,4.378738
2026-08-29,VE50020_0,indigenous_territories,Venezuela,VE,Territorio tradicional Arawak - Maroa,Sin demarcación,201800,0.0,0.0,-67.859845,1.909331,-66.215903,3.248472
2026-08-29,VE50020_0,indigenous_territories,Venezuela,VE,Territorio tradicional Arawak - Maroa,Sin demarcación,201900,0.0,0.0,-67.859845,1.909331,-66.215903,3.248472
2026-08-29,VE50020_0,indigenous_territories,Venezuela,VE,Territorio tradicional Arawak - Maroa,Sin demarcación,202000,0.0,0.0,-67.859845,1.909331,-66.215903,3.248472
2026-08-29,VE50020_0,indigenous_territories,Venezuela,VE,Territorio tradicional Arawak - Maroa,Sin demarcación,202100,0.0,0.0,-67.859845,1.909331,-66.215903,3.248472
2026-08-29,VE50020_0,indigenous_territories,Venezuela,VE,Territorio tradicional Arawak - Maroa,Sin demarcación,202200,0.0,0.0,-67.859845,1.909331,-66.215903,3.248472
2026-08-29,VE50020_0,indigenous_territories,Venezuela,VE,Territorio tradicional Arawak - Maroa,Sin demarcación,202300,0.0,0.0,-67.859845,1.909331,-66.215903,3.248472
2026-08-29,VE50020_0,indigenous_territories,Venezuela,VE,Territorio tradicional Arawak - Maroa,Sin demarcación,202400,0.0,0.0,-67.859845,1.909331,-66.215903,3.248472
2026-08-29,VE50020_0,indigenous_territories,Venezuela,VE,Territorio tradicional Arawak - Maroa,Sin demarcación,202501,0.0,0.0,-67.859845,1.909331,-66.215903,3.248472
2026-08-29,VE50020_0,indigenous_territories,Venezuela,VE,Territorio tradicional Arawak - Maroa,Sin demarcación,202502,0.0,0.0,-67.859845,1.909331,-66.215903,3.248472
2026-08-29,VE50020_0,indigenous_territories,Venezuela,VE,Territorio tradicional Arawak - Maroa,Sin demarcación,202503,0.0,0.0,-67.859845,1.909331,-66.215903,3.248472
2026-08-29,VE50020_0,indigenous_territories,Venezuela,VE,Territorio tradicional Arawak - Maroa,Sin demarcación,202504,0.0,0.0,-67.859845,1.909331,-66.215903,3.248472
2026-08-29,VE50020_0,indigenous_territories,Venezuela,VE,Territorio tradicional Arawak - Maroa,Sin demarcación,202601,0.0,0.0,-67.859845,1.909331,-66.215903,3.248472
2026-08-29,VE50020_0,indigenous_territories,Venezuela,VE,Territorio tradicional Arawak - Maroa,Sin demarcación,202602,10.54,10.54,-67.859845,1.909331,-66.215903,3.248472
2026-08-29,VE50052_0,indigenous_territories,Venezuela,VE,Territorio tradicional E'ñapa,Sin demarcación,201800,332.4,332.4,-66.885834,6.189924,-65.362016,7.512121
2026-08-29,VE50052_0,indigenous_territories,Venezuela,VE,Territorio tradicional E'ñapa,Sin demarcación,201900,3.39,335.79,-66.885834,6.189924,-65.362016,7.512121
2026-08-29,VE50052_0,indigenous_territories,Venezuela,VE,Territorio tradicional E'ñapa,Sin demarcación,202000,1.73,337.52,-66.885834,6.189924,-65.362016,7.512121
2026-08-29,VE50052_0,indigenous_territories,Venezuela,VE,Territorio tradicional E'ñapa,Sin demarcación,202100,39.96,377.48,-66.885834,6.189924,-65.362016,7.512121
2026-08-29,VE50052_0,indigenous_territories,Venezuela,VE,Territorio tradicional E'ñapa,Sin demarcación,202200,16.23,393.72,-66.885834,6.189924,-65.362016,7.512121
2026-08-29,VE50052_0,indigenous_territories,Venezuela,VE,Territorio tradicional E'ñapa,Sin demarcación,202300,64.66,458.38,-66.885834,6.189924,-65.362016,7.512121
2026-08-29,VE50052_0,indigenous_territories,Venezuela,VE,Territorio tradicional E'ñapa,Sin demarcación,202400,6.5,464.88,-66.885834,6.189924,-65.362016,7.512121
2026-08-29,VE50052_0,indigenous_territories,Venezuela,VE,Territorio tradicional E'ñapa,Sin demarcación,202501,0.0,464.88,-66.885834,6.189924,-65.362016,7.512121
2026-08-29,VE50052_0,indigenous_territories,Venezuela,VE,Territorio tradicional E'ñapa,Sin demarcación,202502,0.0,464.88,-66.885834,6.189924,-65.362016,7.512121
2026-08-29,VE50052_0,indigenous_territories,Venezuela,VE,Territorio tradicional E'ñapa,Sin demarcación,202503,0.0,464.88,-66.885834,6.189924,-65.362016,7.512121
2026-08-29,VE50052_0,indigenous_territories,Venezuela,VE,Territorio tradicional E'ñapa,Sin demarcación,202504,0.0,464.88,-66.885834,6.189924,-65.362016,7.512121
2026-08-29,VE50052_0,indigenous_territories,Venezuela,VE,Territorio tradicional E'ñapa,Sin demarcación,202601,0.0,464.88,-66.885834,6.189924,-65.362016,7.512121
2026-08-29,VE50052_0,indigenous_territories,Venezuela,VE,Territorio tradicional E'ñapa,Sin demarcación,202602,0.0,464.88,-66.885834,6.189924,-65.362016,7.512121
2026-08-29,VE50062_0,indigenous_territories,Venezuela,VE,Territorio tradicional Jotï,Autodemarcado,201800,0.0,0.0,-65.861756,5.093769,-65.079912,6.659864
2026-08-29,VE50062_0,indigenous_territories,Venezuela,VE,Territorio tradicional Jotï,Autodemarcado,201900,0.0,0.0,-65.861756,5.093769,-65.079912,6.659864
2026-08-29,VE50062_0,indigenous_territories,Venezuela,VE,Territorio tradicional Jotï,Autodemarcado,202000,0.0,0.0,-65.861756,5.093769,-65.079912,6.659864
2026-08-29,VE50062_0,indigenous_territories,Venezuela,VE,Territorio tradicional Jotï,Autodemarcado,202100,0.0,0.0,-65.861756,5.093769,-65.079912,6.659864
2026-08-29,VE50062_0,indigenous_territories,Venezuela,VE,Territorio tradicional Jotï,Autodemarcado,202200,0.0,0.0,-65.861756,5.093769,-65.079912,6.659864
2026-08-29,VE50062_0,indigenous_territories,Venezuela,VE,Territorio tradicional Jotï,Autodemarcado,202300,5.41,5.41,-65.861756,5.093769,-65.079912,6.659864
2026-08-29,VE50062_0,indigenous_territories,Venezuela,VE,Territorio tradicional Jotï,Autodemarcado,202400,0.0,5.41,-65.861756,5.093769,-65.079912,6.659864
2026-08-29,VE50062_0,indigenous_territories,Venezuela,VE,Territorio tradicional Jotï,Autodemarcado,202501,0.0,5.41,-65.861756,5.093769,-65.079912,6.659864
2026-08-29,VE50062_0,indigenous_territories,Venezuela,VE,Territorio tradicional Jotï,Autodemarcado,202502,0.0,5.41,-65.861756,5.093769,-65.079912,6.659864
2026-08-29,VE50062_0,indigenous_territories,Venezuela,VE,Territorio tradicional Jotï,Autodemarcado,202503,0.0,5.41,-65.861756,5.093769,-65.079912,6.659864
2026-08-29,VE50062_0,indigenous_territories,Venezuela,VE,Territorio tradicional Jotï,Autodemarcado,202504,0.0,5.41,-65.861756,5.093769,-65.079912,6.659864
2026-08-29,VE50062_0,indigenous_territories,Venezuela,VE,Territorio tradicional Jotï,Autodemarcado,202601,0.0,5.41,-65.861756,5.093769,-65.079912,6.659864
2026-08-29,VE50062_0,indigenous_territories,Venezuela,VE,Territorio tradicional Jotï,Autodemarcado,202602,0.0,5.41,-65.861756,5.093769,-65.079912,6.659864
2026-08-29,VE950080_0,indigenous_territories,Venezuela,VE,Territorio tradicional Kari'ña,Sin demarcación,201800,320.89,320.89,-64.812488,7.171843,-60.525641,9.681355
2026-08-29,VE950080_0,indigenous_territories,Venezuela,VE,Territorio tradicional Kari'ña,Sin demarcación,201900,199.56,520.45,-64.812488,7.171843,-60.525641,9.681355
2026-08-29,VE950080_0,indigenous_territories,Venezuela,VE,Territorio tradicional Kari'ña,Sin demarcación,202000,358.25,878.69,-64.812488,7.171843,-60.525641,9.681355
2026-08-29,VE950080_0,indigenous_territories,Venezuela,VE,Territorio tradicional Kari'ña,Sin demarcación,202100,369.23,1247.92,-64.812488,7.171843,-60.525641,9.681355
2026-08-29,VE950080_0,indigenous_territories,Venezuela,VE,Territorio tradicional Kari'ña,Sin demarcación,202200,346.37,1594.29,-64.812488,7.171843,-60.525641,9.681355
2026-08-29,VE950080_0,indigenous_territories,Venezuela,VE,Territorio tradicional Kari'ña,Sin demarcación,202300,116.46,1710.76,-64.812488,7.171843,-60.525641,9.681355
2026-08-29,VE950080_0,indigenous_territories,Venezuela,VE,Territorio tradicional Kari'ña,Sin demarcación,202400,94.95,1805.71,-64.812488,7.171843,-60.525641,9.681355
2026-08-29,VE950080_0,indigenous_territories,Venezuela,VE,Territorio tradicional Kari'ña,Sin demarcación,202501,22.38,1828.08,-64.812488,7.171843,-60.525641,9.681355
2026-08-29,VE950080_0,indigenous_territories,Venezuela,VE,Territorio tradicional Kari'ña,Sin demarcación,202502,0.0,1828.08,-64.812488,7.171843,-60.525641,9.681355
2026-08-29,VE950080_0,indigenous_territories,Venezuela,VE,Territorio tradicional Kari'ña,Sin demarcación,202503,14.85,1842.93,-64.812488,7.171843,-60.525641,9.681355
2026-08-29,VE950080_0,indigenous_territories,Venezuela,VE,Territorio tradicional Kari'ña,Sin demarcación,202504,0.0,1842.93,-64.812488,7.171843,-60.525641,9.681355
2026-08-29,VE950080_0,indigenous_territories,Venezuela,VE,Territorio tradicional Kari'ña,Sin demarcación,202601,17.56,1860.49,-64.812488,7.171843,-60.525641,9.681355
2026-08-29,VE950080_0,indigenous_territories,Venezuela,VE,Territorio tradicional Kari'ña,Sin demarcación,202602,81.63,1942.12,-64.812488,7.171843,-60.525641,9.681355
2026-08-29,VE50061_0,indigenous_territories,Venezuela,VE,Territorio tradicional Pemon,Sin demarcación,201800,41271.55,41271.55,-64.018974,4.109859,-60.581806,7.001154
2026-08-29,VE50061_0,indigenous_territories,Venezuela,VE,Territorio tradicional Pemon,Sin demarcación,201900,4007.21,45278.76,-64.018974,4.109859,-60.581806,7.001154
2026-08-29,VE50061_0,indigenous_territories,Venezuela,VE,Territorio tradicional Pemon,Sin demarcación,202000,3315.19,48593.95,-64.018974,4.109859,-60.581806,7.001154
2026-08-29,VE50061_0,indigenous_territories,Venezuela,VE,Territorio tradicional Pemon,Sin demarcación,202100,3606.22,52200.17,-64.018974,4.109859,-60.581806,7.001154
2026-08-29,VE50061_0,indigenous_territories,Venezuela,VE,Territorio tradicional Pemon,Sin demarcación,202200,4267.81,56467.98,-64.018974,4.109859,-60.581806,7.001154
2026-08-29,VE50061_0,indigenous_territories,Venezuela,VE,Territorio tradicional Pemon,Sin demarcación,202300,5055.85,61523.83,-64.018974,4.109859,-60.581806,7.001154
2026-08-29,VE50061_0,indigenous_territories,Venezuela,VE,Territorio tradicional Pemon,Sin demarcación,202400,3169.72,64693.55,-64.018974,4.109859,-60.581806,7.001154
2026-08-29,VE50061_0,indigenous_territories,Venezuela,VE,Territorio tradicional Pemon,Sin demarcación,202501,1039.95,65733.5,-64.018974,4.109859,-60.581806,7.001154
2026-08-29,VE50061_0,indigenous_territories,Venezuela,VE,Territorio tradicional Pemon,Sin demarcación,202502,371.43,66104.93,-64.018974,4.109859,-60.581806,7.001154
2026-08-29,VE50061_0,indigenous_territories,Venezuela,VE,Territorio tradicional Pemon,Sin demarcación,202503,818.79,66923.72,-64.018974,4.109859,-60.581806,7.001154
2026-08-29,VE50061_0,indigenous_territories,Venezuela,VE,Territorio tradicional Pemon,Sin demarcación,202504,248.82,67172.54,-64.018974,4.109859,-60.581806,7.001154
2026-08-29,VE50061_0,indigenous_territories,Venezuela,VE,Territorio tradicional Pemon,Sin demarcación,202601,304.64,67477.18,-64.018974,4.109859,-60.581806,7.001154
2026-08-29,VE50061_0,indigenous_territories,Venezuela,VE,Territorio tradicional Pemon,Sin demarcación,202602,1417.64,68894.82,-64.018974,4.109859,-60.581806,7.001154
2026-08-29,VE50013_0,indigenous_territories,Venezuela,VE,Territorio tradicional Uwottüja,Sin demarcación,201800,0.0,0.0,-67.583418,3.083491,-65.875833,6.317974
2026-08-29,VE50013_0,indigenous_territories,Venezuela,VE,Territorio tradicional Uwottüja,Sin demarcación,201900,0.0,0.0,-67.583418,3.083491,-65.875833,6.317974
2026-08-29,VE50013_0,indigenous_territories,Venezuela,VE,Territorio tradicional Uwottüja,Sin demarcación,202000,0.0,0.0,-67.583418,3.083491,-65.875833,6.317974
2026-08-29,VE50013_0,indigenous_territories,Venezuela,VE,Territorio tradicional Uwottüja,Sin demarcación,202100,0.0,0.0,-67.583418,3.083491,-65.875833,6.317974
2026-08-29,VE50013_0,indigenous_territories,Venezuela,VE,Territorio tradicional Uwottüja,Sin demarcación,202200,0.0,0.0,-67.583418,3.083491,-65.875833,6.317974
2026-08-29,VE50013_0,indigenous_territories,Venezuela,VE,Territorio tradicional Uwottüja,Sin demarcación,202300,7.15,7.15,-67.583418,3.083491,-65.875833,6.317974
2026-08-29,VE50013_0,indigenous_territories,Venezuela,VE,Territorio tradicional Uwottüja,Sin demarcación,202400,6.9,14.05,-67.583418,3.083491,-65.875833,6.317974
2026-08-29,VE50013_0,indigenous_territories,Venezuela,VE,Territorio tradicional Uwottüja,Sin demarcación,202501,12.43,26.48,-67.583418,3.083491,-65.875833,6.317974
2026-08-29,VE50013_0,indigenous_territories,Venezuela,VE,Territorio tradicional Uwottüja,Sin demarcación,202502,0.0,26.48,-67.583418,3.083491,-65.875833,6.317974
2026-08-29,VE50013_0,indigenous_territories,Venezuela,VE,Territorio tradicional Uwottüja,Sin demarcación,202503,112.49,138.98,-67.583418,3.083491,-65.875833,6.317974
2026-08-29,VE50013_0,indigenous_territories,Venezuela,VE,Territorio tradicional Uwottüja,Sin demarcación,202504,141.72,280.7,-67.583418,3.083491,-65.875833,6.317974
2026-08-29,VE50013_0,indigenous_territories,Venezuela,VE,Territorio tradicional Uwottüja,Sin demarcación,202601,94.37,375.07,-67.583418,3.083491,-65.875833,6.317974
2026-08-29,VE50013_0,indigenous_territories,Venezuela,VE,Territorio tradicional Uwottüja,Sin demarcación,202602,23.77,398.85,-67.583418,3.083491,-65.875833,6.317974
2026-08-29,VE50065_0,indigenous_territories,Venezuela,VE,Territorio tradicional Yanomami de Alto Orinoco,En proceso de autodemarcación,201800,0.0,0.0,-65.557355,1.132251,-63.354771,3.837877
2026-08-29,VE50065_0,indigenous_territories,Venezuela,VE,Territorio tradicional Yanomami de Alto Orinoco,En proceso de autodemarcación,201900,0.0,0.0,-65.557355,1.132251,-63.354771,3.837877
2026-08-29,VE50065_0,indigenous_territories,Venezuela,VE,Territorio tradicional Yanomami de Alto Orinoco,En proceso de autodemarcación,202000,37.27,37.27,-65.557355,1.132251,-63.354771,3.837877
2026-08-29,VE50065_0,indigenous_territories,Venezuela,VE,Territorio tradicional Yanomami de Alto Orinoco,En proceso de autodemarcación,202100,87.24,124.51,-65.557355,1.132251,-63.354771,3.837877
2026-08-29,VE50065_0,indigenous_territories,Venezuela,VE,Territorio tradicional Yanomami de Alto Orinoco,En proceso de autodemarcación,202200,114.83,239.34,-65.557355,1.132251,-63.354771,3.837877
2026-08-29,VE50065_0,indigenous_territories,Venezuela,VE,Territorio tradicional Yanomami de Alto Orinoco,En proceso de autodemarcación,202300,50.93,290.27,-65.557355,1.132251,-63.354771,3.837877
2026-08-29,VE50065_0,indigenous_territories,Venezuela,VE,Territorio tradicional Yanomami de Alto Orinoco,En proceso de autodemarcación,202400,115.92,406.19,-65.557355,1.132251,-63.354771,3.837877
2026-08-29,VE50065_0,indigenous_territories,Venezuela,VE,Territorio tradicional Yanomami de Alto Orinoco,En proceso de autodemarcación,202501,3.25,409.43,-65.557355,1.132251,-63.354771,3.837877
2026-08-29,VE50065_0,indigenous_territories,Venezuela,VE,Territorio tradicional Yanomami de Alto Orinoco,En proceso de autodemarcación,202502,0.0,409.43,-65.557355,1.132251,-63.354771,3.837877
2026-08-29,VE50065_0,indigenous_territories,Venezuela,VE,Territorio tradicional Yanomami de Alto Orinoco,En proceso de autodemarcación,202503,49.44,458.88,-65.557355,1.132251,-63.354771,3.837877
2026-08-29,VE50065_0,indigenous_territories,Venezuela,VE,Territorio tradicional Yanomami de Alto Orinoco,En proceso de autodemarcación,202504,8.63,467.51,-65.557355,1.132251,-63.354771,3.837877
2026-08-29,VE50065_0,indigenous_territories,Venezuela,VE,Territorio tradicional Yanomami de Alto Orinoco,En proceso de autodemarcación,202601,0.0,467.51,-65.557355,1.132251,-63.354771,3.837877
2026-08-29,VE50065_0,indigenous_territories,Venezuela,VE,Territorio tradicional Yanomami de Alto Orinoco,En proceso de autodemarcación,202602,0.0,467.51,-65.557355,1.132251,-63.354771,3.837877
2026-08-29,BOAP-0405_0,protected_areas,Bolivia,BO,Apolobamba,,201800,553.97,553.97,-69.361466,-15.359647,-68.055534,-14.686835
2026-08-29,BOAP-0405_0,protected_areas,Bolivia,BO,Apolobamba,,201900,186.07,740.04,-69.361466,-15.359647,-68.055534,-14.686835
2026-08-29,BOAP-0405_0,protected_areas,Bolivia,BO,Apolobamba,,202000,311.14,1051.18,-69.361466,-15.359647,-68.055534,-14.686835
2026-08-29,BOAP-0405_0,protected_areas,Bolivia,BO,Apolobamba,,202100,63.76,1114.94,-69.361466,-15.359647,-68.055534,-14.686835
2026-08-29,BOAP-0405_0,protected_areas,Bolivia,BO,Apolobamba,,202200,78.29,1193.23,-69.361466,-15.359647,-68.055534,-14.686835
2026-08-29,BOAP-0405_0,protected_areas,Bolivia,BO,Apolobamba,,202300,302.42,1495.64,-69.361466,-15.359647,-68.055534,-14.686835
2026-08-29,BOAP-0405_0,protected_areas,Bolivia,BO,Apolobamba,,202400,27.81,1523.46,-69.361466,-15.359647,-68.055534,-14.686835
2026-08-29,BOAP-0405_0,protected_areas,Bolivia,BO,Apolobamba,,202501,0.0,1523.46,-69.361466,-15.359647,-68.055534,-14.686835
2026-08-29,BOAP-0405_0,protected_areas,Bolivia,BO,Apolobamba,,202502,0.0,1523.46,-69.361466,-15.359647,-68.055534,-14.686835
2026-08-29,BOAP-0405_0,protected_areas,Bolivia,BO,Apolobamba,,202503,75.94,1599.4,-69.361466,-15.359647,-68.055534,-14.686835
2026-08-29,BOAP-0405_0,protected_areas,Bolivia,BO,Apolobamba,,202504,0.0,1599.4,-69.361466,-15.359647,-68.055534,-14.686835
2026-08-29,BOAP-0405_0,protected_areas,Bolivia,BO,Apolobamba,,202601,0.0,1599.4,-69.361466,-15.359647,-68.055534,-14.686835
2026-08-29,BOAP-0405_0,protected_areas,Bolivia,BO,Apolobamba,,202602,0.0,1599.4,-69.361466,-15.359647,-68.055534,-14.686835
2026-08-29,BO221_0,protected_areas,Bolivia,BO,Arroyo Bahia,,201800,0.0,0.0,-68.784071,-11.148187,-68.710918,-11.035759
2026-08-29,BO221_0,protected_areas,Bolivia,BO,Arroyo Bahia,,201900,51.37,51.37,-68.784071,-11.148187,-68.710918,-11.035759
2026-08-29,BO221_0,protected_areas,Bolivia,BO,Arroyo Bahia,,202000,2.15,53.52,-68.784071,-11.148187,-68.710918,-11.035759
2026-08-29,BO221_0,protected_areas,Bolivia,BO,Arroyo Bahia,,202100,0.26,53.78,-68.784071,-11.148187,-68.710918,-11.035759
2026-08-29,BO221_0,protected_areas,Bolivia,BO,Arroyo Bahia,,202200,22.77,76.55,-68.784071,-11.148187,-68.710918,-11.035759
2026-08-29,BO221_0,protected_areas,Bolivia,BO,Arroyo Bahia,,202300,13.27,89.83,-68.784071,-11.148187,-68.710918,-11.035759
2026-08-29,BO221_0,protected_areas,Bolivia,BO,Arroyo Bahia,,202400,0.0,89.83,-68.784071,-11.148187,-68.710918,-11.035759
2026-08-29,BO221_0,protected_areas,Bolivia,BO,Arroyo Bahia,,202501,0.0,89.83,-68.784071,-11.148187,-68.710918,-11.035759
2026-08-29,BO221_0,protected_areas,Bolivia,BO,Arroyo Bahia,,202502,0.0,89.83,-68.784071,-11.148187,-68.710918,-11.035759
2026-08-29,BO221_0,protected_areas,Bolivia,BO,Arroyo Bahia,,202503,0.0,89.83,-68.784071,-11.148187,-68.710918,-11.035759
2026-08-29,BO221_0,protected_areas,Bolivia,BO,Arroyo Bahia,,202504,0.0,89.83,-68.784071,-11.148187,-68.710918,-11.035759
2026-08-29,BO221_0,protected_areas,Bolivia,BO,Arroyo Bahia,,202601,0.0,89.83,-68.784071,-11.148187,-68.710918,-11.035759
2026-08-29,BO221_0,protected_areas,Bolivia,BO,Arroyo Bahia,,202602,0.0,89.83,-68.784071,-11.148187,-68.710918,-11.035759
2026-08-29,BO220_0,protected_areas,Bolivia,BO,Bruno Racua,,201800,123.46,123.46,-65.59255,-10.106036,-65.308659,-9.667979
2026-08-29,BO220_0,protected_areas,Bolivia,BO,Bruno Racua,,201900,0.26,123.72,-65.59255,-10.106036,-65.308659,-9.667979
2026-08-29,BO220_0,protected_areas,Bolivia,BO,Bruno Racua,,202000,0.82,124.54,-65.59255,-10.106036,-65.308659,-9.667979
2026-08-29,BO220_0,protected_areas,Bolivia,BO,Bruno Racua,,202100,0.91,125.45,-65.59255,-10.106036,-65.308659,-9.667979
2026-08-29,BO220_0,protected_areas,Bolivia,BO,Bruno Racua,,202200,2.25,127.7,-65.59255,-10.106036,-65.308659,-9.667979
2026-08-29,BO220_0,protected_areas,Bolivia,BO,Bruno Racua,,202300,0.75,128.45,-65.59255,-10.106036,-65.308659,-9.667979
2026-08-29,BO220_0,protected_areas,Bolivia,BO,Bruno Racua,,202400,2.42,130.87,-65.59255,-10.106036,-65.308659,-9.667979
2026-08-29,BO220_0,protected_areas,Bolivia,BO,Bruno Racua,,202501,0.0,130.87,-65.59255,-10.106036,-65.308659,-9.667979
2026-08-29,BO220_0,protected_areas,Bolivia,BO,Bruno Racua,,202502,0.0,130.87,-65.59255,-10.106036,-65.308659,-9.667979
2026-08-29,BO220_0,protected_areas,Bolivia,BO,Bruno Racua,,202503,0.25,131.11,-65.59255,-10.106036,-65.308659,-9.667979
2026-08-29,BO220_0,protected_areas,Bolivia,BO,Bruno Racua,,202504,0.0,131.11,-65.59255,-10.106036,-65.308659,-9.667979
2026-08-29,BO220_0,protected_areas,Bolivia,BO,Bruno Racua,,202601,0.0,131.11,-65.59255,-10.106036,-65.308659,-9.667979
2026-08-29,BO220_0,protected_areas,Bolivia,BO,Bruno Racua,,202602,2.46,133.57,-65.59255,-10.106036,-65.308659,-9.667979
2026-08-29,BO109_0,protected_areas,Bolivia,BO,Güenda - Urubó,,201800,0.0,0.0,-63.528659,-17.9477,-63.317462,-17.551619
2026-08-29,BO109_0,protected_areas,Bolivia,BO,Güenda - Urubó,,201900,0.0,0.0,-63.528659,-17.9477,-63.317462,-17.551619
2026-08-29,BO109_0,protected_areas,Bolivia,BO,Güenda - Urubó,,202000,0.0,0.0,-63.528659,-17.9477,-63.317462,-17.551619
2026-08-29,BO109_0,protected_areas,Bolivia,BO,Güenda - Urubó,,202100,0.0,0.0,-63.528659,-17.9477,-63.317462,-17.551619
2026-08-29,BO109_0,protected_areas,Bolivia,BO,Güenda - Urubó,,202200,0.0,0.0,-63.528659,-17.9477,-63.317462,-17.551619
2026-08-29,BO109_0,protected_areas,Bolivia,BO,Güenda - Urubó,,202300,0.0,0.0,-63.528659,-17.9477,-63.317462,-17.551619
2026-08-29,BO109_0,protected_areas,Bolivia,BO,Güenda - Urubó,,202400,0.0,0.0,-63.528659,-17.9477,-63.317462,-17.551619
2026-08-29,BO109_0,protected_areas,Bolivia,BO,Güenda - Urubó,,202501,0.0,0.0,-63.528659,-17.9477,-63.317462,-17.551619
2026-08-29,BO109_0,protected_areas,Bolivia,BO,Güenda - Urubó,,202502,0.0,0.0,-63.528659,-17.9477,-63.317462,-17.551619
2026-08-29,BO109_0,protected_areas,Bolivia,BO,Güenda - Urubó,,202503,0.0,0.0,-63.528659,-17.9477,-63.317462,-17.551619
2026-08-29,BO109_0,protected_areas,Bolivia,BO,Güenda - Urubó,,202504,0.0,0.0,-63.528659,-17.9477,-63.317462,-17.551619
2026-08-29,BO109_0,protected_areas,Bolivia,BO,Güenda - Urubó,,202601,24.36,24.36,-63.528659,-17.9477,-63.317462,-17.551619
2026-08-29,BO109_0,protected_areas,Bolivia,BO,Güenda - Urubó,,202602,0.0,24.36,-63.528659,-17.9477,-63.317462,-17.551619
2026-08-29,BOAP-0301_0,protected_areas,Bolivia,BO,Isiboro Securé,,201800,0.0,0.0,-66.845069,-16.786974,-65.055126,-15.47136
2026-08-29,BOAP-0301_0,protected_areas,Bolivia,BO,Isiboro Securé,,201900,0.0,0.0,-66.845069,-16.786974,-65.055126,-15.47136
2026-08-29,BOAP-0301_0,protected_areas,Bolivia,BO,Isiboro Securé,,202000,0.0,0.0,-66.845069,-16.786974,-65.055126,-15.47136
2026-08-29,BOAP-0301_0,protected_areas,Bolivia,BO,Isiboro Securé,,202100,0.0,0.0,-66.845069,-16.786974,-65.055126,-15.47136
2026-08-29,BOAP-0301_0,protected_areas,Bolivia,BO,Isiboro Securé,,202200,9.23,9.23,-66.845069,-16.786974,-65.055126,-15.47136
2026-08-29,BOAP-0301_0,protected_areas,Bolivia,BO,Isiboro Securé,,202300,8.24,17.47,-66.845069,-16.786974,-65.055126,-15.47136
2026-08-29,BOAP-0301_0,protected_areas,Bolivia,BO,Isiboro Securé,,202400,0.0,17.47,-66.845069,-16.786974,-65.055126,-15.47136
2026-08-29,BOAP-0301_0,protected_areas,Bolivia,BO,Isiboro Securé,,202501,0.0,17.47,-66.845069,-16.786974,-65.055126,-15.47136
2026-08-29,BOAP-0301_0,protected_areas,Bolivia,BO,Isiboro Securé,,202502,0.0,17.47,-66.845069,-16.786974,-65.055126,-15.47136
2026-08-29,BOAP-0301_0,protected_areas,Bolivia,BO,Isiboro Securé,,202503,8.18,25.65,-66.845069,-16.786974,-65.055126,-15.47136
2026-08-29,BOAP-0301_0,protected_areas,Bolivia,BO,Isiboro Securé,,202504,0.0,25.65,-66.845069,-16.786974,-65.055126,-15.47136
2026-08-29,BOAP-0301_0,protected_areas,Bolivia,BO,Isiboro Securé,,202601,0.0,25.65,-66.845069,-16.786974,-65.055126,-15.47136
2026-08-29,BOAP-0301_0,protected_areas,Bolivia,BO,Isiboro Securé,,202602,0.0,25.65,-66.845069,-16.786974,-65.055126,-15.47136
2026-08-29,BOAP-1601_0,protected_areas,Bolivia,BO,Madidi,,201800,0.0,0.0,-69.2589,-15.233523,-67.498652,-12.704703
2026-08-29,BOAP-1601_0,protected_areas,Bolivia,BO,Madidi,,201900,0.0,0.0,-69.2589,-15.233523,-67.498652,-12.704703
2026-08-29,BOAP-1601_0,protected_areas,Bolivia,BO,Madidi,,202000,0.0,0.0,-69.2589,-15.233523,-67.498652,-12.704703
2026-08-29,BOAP-1601_0,protected_areas,Bolivia,BO,Madidi,,202100,0.0,0.0,-69.2589,-15.233523,-67.498652,-12.704703
2026-08-29,BOAP-1601_0,protected_areas,Bolivia,BO,Madidi,,202200,0.0,0.0,-69.2589,-15.233523,-67.498652,-12.704703
2026-08-29,BOAP-1601_0,protected_areas,Bolivia,BO,Madidi,,202300,741.26,741.26,-69.2589,-15.233523,-67.498652,-12.704703
2026-08-29,BOAP-1601_0,protected_areas,Bolivia,BO,Madidi,,202400,159.32,900.59,-69.2589,-15.233523,-67.498652,-12.704703
2026-08-29,BOAP-1601_0,protected_areas,Bolivia,BO,Madidi,,202501,0.0,900.59,-69.2589,-15.233523,-67.498652,-12.704703
2026-08-29,BOAP-1601_0,protected_areas,Bolivia,BO,Madidi,,202502,0.0,900.59,-69.2589,-15.233523,-67.498652,-12.704703
2026-08-29,BOAP-1601_0,protected_areas,Bolivia,BO,Madidi,,202503,7.54,908.12,-69.2589,-15.233523,-67.498652,-12.704703
2026-08-29,BOAP-1601_0,protected_areas,Bolivia,BO,Madidi,,202504,0.0,908.12,-69.2589,-15.233523,-67.498652,-12.704703
2026-08-29,BOAP-1601_0,protected_areas,Bolivia,BO,Madidi,,202601,0.0,908.12,-69.2589,-15.233523,-67.498652,-12.704703
2026-08-29,BOAP-1601_0,protected_areas,Bolivia,BO,Madidi,,202602,0.0,908.12,-69.2589,-15.233523,-67.498652,-12.704703
2026-08-29,BOAP-0604_0,protected_areas,Bolivia,BO,Manuripi,,201800,4.57,4.57,-68.989184,-12.495565,-67.191134,-11.278329
2026-08-29,BOAP-0604_0,protected_areas,Bolivia,BO,Manuripi,,201900,0.09,4.66,-68.989184,-12.495565,-67.191134,-11.278329
2026-08-29,BOAP-0604_0,protected_areas,Bolivia,BO,Manuripi,,202000,0.22,4.88,-68.989184,-12.495565,-67.191134,-11.278329
2026-08-29,BOAP-0604_0,protected_areas,Bolivia,BO,Manuripi,,202100,0.0,4.88,-68.989184,-12.495565,-67.191134,-11.278329
2026-08-29,BOAP-0604_0,protected_areas,Bolivia,BO,Manuripi,,202200,0.0,4.88,-68.989184,-12.495565,-67.191134,-11.278329
2026-08-29,BOAP-0604_0,protected_areas,Bolivia,BO,Manuripi,,202300,0.0,4.88,-68.989184,-12.495565,-67.191134,-11.278329
2026-08-29,BOAP-0604_0,protected_areas,Bolivia,BO,Manuripi,,202400,0.0,4.88,-68.989184,-12.495565,-67.191134,-11.278329
2026-08-29,BOAP-0604_0,protected_areas,Bolivia,BO,Manuripi,,202501,0.0,4.88,-68.989184,-12.495565,-67.191134,-11.278329
2026-08-29,BOAP-0604_0,protected_areas,Bolivia,BO,Manuripi,,202502,0.0,4.88,-68.989184,-12.495565,-67.191134,-11.278329
2026-08-29,BOAP-0604_0,protected_areas,Bolivia,BO,Manuripi,,202503,0.0,4.88,-68.989184,-12.495565,-67.191134,-11.278329
2026-08-29,BOAP-0604_0,protected_areas,Bolivia,BO,Manuripi,,202504,0.0,4.88,-68.989184,-12.495565,-67.191134,-11.278329
2026-08-29,BOAP-0604_0,protected_areas,Bolivia,BO,Manuripi,,202601,0.0,4.88,-68.989184,-12.495565,-67.191134,-11.278329
2026-08-29,BOAP-0604_0,protected_areas,Bolivia,BO,Manuripi,,202602,0.0,4.88,-68.989184,-12.495565,-67.191134,-11.278329
2026-08-29,BOAP-1405_0,protected_areas,Bolivia,BO,Pilón Lajas,,201800,106.9,106.9,-67.689869,-15.448004,-67.025016,-14.438176
2026-08-29,BOAP-1405_0,protected_areas,Bolivia,BO,Pilón Lajas,,201900,54.45,161.35,-67.689869,-15.448004,-67.025016,-14.438176
2026-08-29,BOAP-1405_0,protected_areas,Bolivia,BO,Pilón Lajas,,202000,0.0,161.35,-67.689869,-15.448004,-67.025016,-14.438176
2026-08-29,BOAP-1405_0,protected_areas,Bolivia,BO,Pilón Lajas,,202100,0.0,161.35,-67.689869,-15.448004,-67.025016,-14.438176
2026-08-29,BOAP-1405_0,protected_areas,Bolivia,BO,Pilón Lajas,,202200,0.0,161.35,-67.689869,-15.448004,-67.025016,-14.438176
2026-08-29,BOAP-1405_0,protected_areas,Bolivia,BO,Pilón Lajas,,202300,0.0,161.35,-67.689869,-15.448004,-67.025016,-14.438176
2026-08-29,BOAP-1405_0,protected_areas,Bolivia,BO,Pilón Lajas,,202400,0.0,161.35,-67.689869,-15.448004,-67.025016,-14.438176
2026-08-29,BOAP-1405_0,protected_areas,Bolivia,BO,Pilón Lajas,,202501,0.0,161.35,-67.689869,-15.448004,-67.025016,-14.438176
2026-08-29,BOAP-1405_0,protected_areas,Bolivia,BO,Pilón Lajas,,202502,0.0,161.35,-67.689869,-15.448004,-67.025016,-14.438176
2026-08-29,BOAP-1405_0,protected_areas,Bolivia,BO,Pilón Lajas,,202503,0.0,161.35,-67.689869,-15.448004,-67.025016,-14.438176
2026-08-29,BOAP-1405_0,protected_areas,Bolivia,BO,Pilón Lajas,,202504,22.88,184.23,-67.689869,-15.448004,-67.025016,-14.438176
2026-08-29,BOAP-1405_0,protected_areas,Bolivia,BO,Pilón Lajas,,202601,0.0,184.23,-67.689869,-15.448004,-67.025016,-14.438176
2026-08-29,BOAP-1405_0,protected_areas,Bolivia,BO,Pilón Lajas,,202602,0.0,184.23,-67.689869,-15.448004,-67.025016,-14.438176
2026-08-29,BO9_0,protected_areas,Bolivia,BO,Rhukanrhuka,,201800,0.0,0.0,-67.566214,-14.636113,-66.725641,-12.860429
2026-08-29,BO9_0,protected_areas,Bolivia,BO,Rhukanrhuka,,201900,0.0,0.0,-67.566214,-14.636113,-66.725641,-12.860429
2026-08-29,BO9_0,protected_areas,Bolivia,BO,Rhukanrhuka,,202000,0.0,0.0,-67.566214,-14.636113,-66.725641,-12.860429
2026-08-29,BO9_0,protected_areas,Bolivia,BO,Rhukanrhuka,,202100,0.0,0.0,-67.566214,-14.636113,-66.725641,-12.860429
2026-08-29,BO9_0,protected_areas,Bolivia,BO,Rhukanrhuka,,202200,0.0,0.0,-67.566214,-14.636113,-66.725641,-12.860429
2026-08-29,BO9_0,protected_areas,Bolivia,BO,Rhukanrhuka,,202300,0.0,0.0,-67.566214,-14.636113,-66.725641,-12.860429
2026-08-29,BO9_0,protected_areas,Bolivia,BO,Rhukanrhuka,,202400,0.0,0.0,-67.566214,-14.636113,-66.725641,-12.860429
2026-08-29,BO9_0,protected_areas,Bolivia,BO,Rhukanrhuka,,202501,0.0,0.0,-67.566214,-14.636113,-66.725641,-12.860429
2026-08-29,BO9_0,protected_areas,Bolivia,BO,Rhukanrhuka,,202502,0.0,0.0,-67.566214,-14.636113,-66.725641,-12.860429
2026-08-29,BO9_0,protected_areas,Bolivia,BO,Rhukanrhuka,,202503,21.62,21.62,-67.566214,-14.636113,-66.725641,-12.860429
2026-08-29,BO9_0,protected_areas,Bolivia,BO,Rhukanrhuka,,202504,0.0,21.62,-67.566214,-14.636113,-66.725641,-12.860429
2026-08-29,BO9_0,protected_areas,Bolivia,BO,Rhukanrhuka,,202601,0.0,21.62,-67.566214,-14.636113,-66.725641,-12.860429
2026-08-29,BO9_0,protected_areas,Bolivia,BO,Rhukanrhuka,,202602,0.0,21.62,-67.566214,-14.636113,-66.725641,-12.860429
2026-08-29,BO78_0,protected_areas,Bolivia,BO,Urbano de Cobija,,201800,0.0,0.0,-68.76548,-11.05367,-68.763256,-11.051619
2026-08-29,BO78_0,protected_areas,Bolivia,BO,Urbano de Cobija,,201900,0.37,0.37,-68.76548,-11.05367,-68.763256,-11.051619
2026-08-29,BO78_0,protected_areas,Bolivia,BO,Urbano de Cobija,,202000,0.02,0.4,-68.76548,-11.05367,-68.763256,-11.051619
2026-08-29,BO78_0,protected_areas,Bolivia,BO,Urbano de Cobija,,202100,0.0,0.4,-68.76548,-11.05367,-68.763256,-11.051619
2026-08-29,BO78_0,protected_areas,Bolivia,BO,Urbano de Cobija,,202200,0.0,0.4,-68.76548,-11.05367,-68.763256,-11.051619
2026-08-29,BO78_0,protected_areas,Bolivia,BO,Urbano de Cobija,,202300,0.0,0.4,-68.76548,-11.05367,-68.763256,-11.051619
2026-08-29,BO78_0,protected_areas,Bolivia,BO,Urbano de Cobija,,202400,0.0,0.4,-68.76548,-11.05367,-68.763256,-11.051619
2026-08-29,BO78_0,protected_areas,Bolivia,BO,Urbano de Cobija,,202501,0.0,0.4,-68.76548,-11.05367,-68.763256,-11.051619
2026-08-29,BO78_0,protected_areas,Bolivia,BO,Urbano de Cobija,,202502,0.0,0.4,-68.76548,-11.05367,-68.763256,-11.051619
2026-08-29,BO78_0,protected_areas,Bolivia,BO,Urbano de Cobija,,202503,0.0,0.4,-68.76548,-11.05367,-68.763256,-11.051619
2026-08-29,BO78_0,protected_areas,Bolivia,BO,Urbano de Cobija,,202504,0.0,0.4,-68.76548,-11.05367,-68.763256,-11.051619
2026-08-29,BO78_0,protected_areas,Bolivia,BO,Urbano de Cobija,,202601,0.0,0.4,-68.76548,-11.05367,-68.763256,-11.051619
2026-08-29,BO78_0,protected_areas,Bolivia,BO,Urbano de Cobija,,202602,0.0,0.4,-68.76548,-11.05367,-68.763256,-11.051619
2026-08-29,BO218_0,protected_areas,Bolivia,BO,Ñembi Guasu,,201800,0.0,0.0,-60.912082,-19.331623,-58.773042,-18.264196
2026-08-29,BO218_0,protected_areas,Bolivia,BO,Ñembi Guasu,,201900,0.0,0.0,-60.912082,-19.331623,-58.773042,-18.264196
2026-08-29,BO218_0,protected_areas,Bolivia,BO,Ñembi Guasu,,202000,0.0,0.0,-60.912082,-19.331623,-58.773042,-18.264196
2026-08-29,BO218_0,protected_areas,Bolivia,BO,Ñembi Guasu,,202100,0.0,0.0,-60.912082,-19.331623,-58.773042,-18.264196
2026-08-29,BO218_0,protected_areas,Bolivia,BO,Ñembi Guasu,,202200,0.0,0.0,-60.912082,-19.331623,-58.773042,-18.264196
2026-08-29,BO218_0,protected_areas,Bolivia,BO,Ñembi Guasu,,202300,0.0,0.0,-60.912082,-19.331623,-58.773042,-18.264196
2026-08-29,BO218_0,protected_areas,Bolivia,BO,Ñembi Guasu,,202400,0.0,0.0,-60.912082,-19.331623,-58.773042,-18.264196
2026-08-29,BO218_0,protected_areas,Bolivia,BO,Ñembi Guasu,,202501,0.0,0.0,-60.912082,-19.331623,-58.773042,-18.264196
2026-08-29,BO218_0,protected_areas,Bolivia,BO,Ñembi Guasu,,202502,0.0,0.0,-60.912082,-19.331623,-58.773042,-18.264196
2026-08-29,BO218_0,protected_areas,Bolivia,BO,Ñembi Guasu,,202503,0.0,0.0,-60.912082,-19.331623,-58.773042,-18.264196
2026-08-29,BO218_0,protected_areas,Bolivia,BO,Ñembi Guasu,,202504,0.0,0.0,-60.912082,-19.331623,-58.773042,-18.264196
2026-08-29,BO218_0,protected_areas,Bolivia,BO,Ñembi Guasu,,202601,0.0,0.0,-60.912082,-19.331623,-58.773042,-18.264196
2026-08-29,BO218_0,protected_areas,Bolivia,BO,Ñembi Guasu,,202602,4.22,4.22,-60.912082,-19.331623,-58.773042,-18.264196
2026-08-29,BR214_0,protected_areas,Brazil,BR,AREA DE PROTEÇÃO AMBIENTAL TARUMA/PONTA NEGRA,,201800,18.15,18.15,-60.144703,-3.095701,-60.016517,-2.682948
2026-08-29,BR214_0,protected_areas,Brazil,BR,AREA DE PROTEÇÃO AMBIENTAL TARUMA/PONTA NEGRA,,201900,0.0,18.15,-60.144703,-3.095701,-60.016517,-2.682948
2026-08-29,BR214_0,protected_areas,Brazil,BR,AREA DE PROTEÇÃO AMBIENTAL TARUMA/PONTA NEGRA,,202000,0.0,18.15,-60.144703,-3.095701,-60.016517,-2.682948
2026-08-29,BR214_0,protected_areas,Brazil,BR,AREA DE PROTEÇÃO AMBIENTAL TARUMA/PONTA NEGRA,,202100,0.0,18.15,-60.144703,-3.095701,-60.016517,-2.682948
2026-08-29,BR214_0,protected_areas,Brazil,BR,AREA DE PROTEÇÃO AMBIENTAL TARUMA/PONTA NEGRA,,202200,0.07,18.21,-60.144703,-3.095701,-60.016517,-2.682948
2026-08-29,BR214_0,protected_areas,Brazil,BR,AREA DE PROTEÇÃO AMBIENTAL TARUMA/PONTA NEGRA,,202300,8.23,26.44,-60.144703,-3.095701,-60.016517,-2.682948
2026-08-29,BR214_0,protected_areas,Brazil,BR,AREA DE PROTEÇÃO AMBIENTAL TARUMA/PONTA NEGRA,,202400,0.0,26.44,-60.144703,-3.095701,-60.016517,-2.682948
2026-08-29,BR214_0,protected_areas,Brazil,BR,AREA DE PROTEÇÃO AMBIENTAL TARUMA/PONTA NEGRA,,202501,0.0,26.44,-60.144703,-3.095701,-60.016517,-2.682948
2026-08-29,BR214_0,protected_areas,Brazil,BR,AREA DE PROTEÇÃO AMBIENTAL TARUMA/PONTA NEGRA,,202502,0.0,26.44,-60.144703,-3.095701,-60.016517,-2.682948
2026-08-29,BR214_0,protected_areas,Brazil,BR,AREA DE PROTEÇÃO AMBIENTAL TARUMA/PONTA NEGRA,,202503,0.0,26.44,-60.144703,-3.095701,-60.016517,-2.682948
2026-08-29,BR214_0,protected_areas,Brazil,BR,AREA DE PROTEÇÃO AMBIENTAL TARUMA/PONTA NEGRA,,202504,0.0,26.44,-60.144703,-3.095701,-60.016517,-2.682948
2026-08-29,BR214_0,protected_areas,Brazil,BR,AREA DE PROTEÇÃO AMBIENTAL TARUMA/PONTA NEGRA,,202601,0.0,26.44,-60.144703,-3.095701,-60.016517,-2.682948
2026-08-29,BR214_0,protected_areas,Brazil,BR,AREA DE PROTEÇÃO AMBIENTAL TARUMA/PONTA NEGRA,,202602,0.0,26.44,-60.144703,-3.095701,-60.016517,-2.682948
2026-08-29,BR1347_0,protected_areas,Brazil,BR,ESTAÇÃO ECOLÓGICA DA TERRA DO MEIO,,201800,0.0,0.0,-54.434243,-7.3536,-52.733165,-4.1217
2026-08-29,BR1347_0,protected_areas,Brazil,BR,ESTAÇÃO ECOLÓGICA DA TERRA DO MEIO,,201900,0.0,0.0,-54.434243,-7.3536,-52.733165,-4.1217
2026-08-29,BR1347_0,protected_areas,Brazil,BR,ESTAÇÃO ECOLÓGICA DA TERRA DO MEIO,,202000,0.0,0.0,-54.434243,-7.3536,-52.733165,-4.1217
2026-08-29,BR1347_0,protected_areas,Brazil,BR,ESTAÇÃO ECOLÓGICA DA TERRA DO MEIO,,202100,0.0,0.0,-54.434243,-7.3536,-52.733165,-4.1217
2026-08-29,BR1347_0,protected_areas,Brazil,BR,ESTAÇÃO ECOLÓGICA DA TERRA DO MEIO,,202200,0.0,0.0,-54.434243,-7.3536,-52.733165,-4.1217
2026-08-29,BR1347_0,protected_areas,Brazil,BR,ESTAÇÃO ECOLÓGICA DA TERRA DO MEIO,,202300,0.0,0.0,-54.434243,-7.3536,-52.733165,-4.1217
2026-08-29,BR1347_0,protected_areas,Brazil,BR,ESTAÇÃO ECOLÓGICA DA TERRA DO MEIO,,202400,0.0,0.0,-54.434243,-7.3536,-52.733165,-4.1217
2026-08-29,BR1347_0,protected_areas,Brazil,BR,ESTAÇÃO ECOLÓGICA DA TERRA DO MEIO,,202501,0.0,0.0,-54.434243,-7.3536,-52.733165,-4.1217
2026-08-29,BR1347_0,protected_areas,Brazil,BR,ESTAÇÃO ECOLÓGICA DA TERRA DO MEIO,,202502,0.0,0.0,-54.434243,-7.3536,-52.733165,-4.1217
2026-08-29,BR1347_0,protected_areas,Brazil,BR,ESTAÇÃO ECOLÓGICA DA TERRA DO MEIO,,202503,0.0,0.0,-54.434243,-7.3536,-52.733165,-4.1217
2026-08-29,BR1347_0,protected_areas,Brazil,BR,ESTAÇÃO ECOLÓGICA DA TERRA DO MEIO,,202504,0.0,0.0,-54.434243,-7.3536,-52.733165,-4.1217
2026-08-29,BR1347_0,protected_areas,Brazil,BR,ESTAÇÃO ECOLÓGICA DA TERRA DO MEIO,,202601,0.0,0.0,-54.434243,-7.3536,-52.733165,-4.1217
2026-08-29,BR1347_0,protected_areas,Brazil,BR,ESTAÇÃO ECOLÓGICA DA TERRA DO MEIO,,202602,85.92,85.92,-54.434243,-7.3536,-52.733165,-4.1217
2026-08-29,BR366_0,protected_areas,Brazil,BR,ESTAÇÃO ECOLÓGICA DO GRÃO PARÁ,,201800,4.42,4.42,-58.895121,-0.43507,-54.600689,2.028062
2026-08-29,BR366_0,protected_areas,Brazil,BR,ESTAÇÃO ECOLÓGICA DO GRÃO PARÁ,,201900,0.0,4.42,-58.895121,-0.43507,-54.600689,2.028062
2026-08-29,BR366_0,protected_areas,Brazil,BR,ESTAÇÃO ECOLÓGICA DO GRÃO PARÁ,,202000,0.0,4.42,-58.895121,-0.43507,-54.600689,2.028062
2026-08-29,BR366_0,protected_areas,Brazil,BR,ESTAÇÃO ECOLÓGICA DO GRÃO PARÁ,,202100,0.0,4.42,-58.895121,-0.43507,-54.600689,2.028062
2026-08-29,BR366_0,protected_areas,Brazil,BR,ESTAÇÃO ECOLÓGICA DO GRÃO PARÁ,,202200,0.0,4.42,-58.895121,-0.43507,-54.600689,2.028062
2026-08-29,BR366_0,protected_areas,Brazil,BR,ESTAÇÃO ECOLÓGICA DO GRÃO PARÁ,,202300,3.02,7.43,-58.895121,-0.43507,-54.600689,2.028062
2026-08-29,BR366_0,protected_areas,Brazil,BR,ESTAÇÃO ECOLÓGICA DO GRÃO PARÁ,,202400,0.11,7.54,-58.895121,-0.43507,-54.600689,2.028062
2026-08-29,BR366_0,protected_areas,Brazil,BR,ESTAÇÃO ECOLÓGICA DO GRÃO PARÁ,,202501,0.0,7.54,-58.895121,-0.43507,-54.600689,2.028062
2026-08-29,BR366_0,protected_areas,Brazil,BR,ESTAÇÃO ECOLÓGICA DO GRÃO PARÁ,,202502,0.0,7.54,-58.895121,-0.43507,-54.600689,2.028062
2026-08-29,BR366_0,protected_areas,Brazil,BR,ESTAÇÃO ECOLÓGICA DO GRÃO PARÁ,,202503,21.62,29.16,-58.895121,-0.43507,-54.600689,2.028062
2026-08-29,BR366_0,protected_areas,Brazil,BR,ESTAÇÃO ECOLÓGICA DO GRÃO PARÁ,,202504,20.3,49.46,-58.895121,-0.43507,-54.600689,2.028062
2026-08-29,BR366_0,protected_areas,Brazil,BR,ESTAÇÃO ECOLÓGICA DO GRÃO PARÁ,,202601,10.37,59.83,-58.895121,-0.43507,-54.600689,2.028062
2026-08-29,BR366_0,protected_areas,Brazil,BR,ESTAÇÃO ECOLÓGICA DO GRÃO PARÁ,,202602,41.37,101.2,-58.895121,-0.43507,-54.600689,2.028062
2026-08-29,BR1405_0,protected_areas,Brazil,BR,ESTAÇÃO ECOLÓGICA DO JARI,,201800,0.0,0.0,-53.4104,-0.85834,-52.521786,-0.13035
2026-08-29,BR1405_0,protected_areas,Brazil,BR,ESTAÇÃO ECOLÓGICA DO JARI,,201900,0.0,0.0,-53.4104,-0.85834,-52.521786,-0.13035
2026-08-29,BR1405_0,protected_areas,Brazil,BR,ESTAÇÃO ECOLÓGICA DO JARI,,202000,0.0,0.0,-53.4104,-0.85834,-52.521786,-0.13035
2026-08-29,BR1405_0,protected_areas,Brazil,BR,ESTAÇÃO ECOLÓGICA DO JARI,,202100,0.0,0.0,-53.4104,-0.85834,-52.521786,-0.13035
2026-08-29,BR1405_0,protected_areas,Brazil,BR,ESTAÇÃO ECOLÓGICA DO JARI,,202200,0.0,0.0,-53.4104,-0.85834,-52.521786,-0.13035
2026-08-29,BR1405_0,protected_areas,Brazil,BR,ESTAÇÃO ECOLÓGICA DO JARI,,202300,0.0,0.0,-53.4104,-0.85834,-52.521786,-0.13035
2026-08-29,BR1405_0,protected_areas,Brazil,BR,ESTAÇÃO ECOLÓGICA DO JARI,,202400,0.0,0.0,-53.4104,-0.85834,-52.521786,-0.13035
2026-08-29,BR1405_0,protected_areas,Brazil,BR,ESTAÇÃO ECOLÓGICA DO JARI,,202501,0.0,0.0,-53.4104,-0.85834,-52.521786,-0.13035
2026-08-29,BR1405_0,protected_areas,Brazil,BR,ESTAÇÃO ECOLÓGICA DO JARI,,202502,0.0,0.0,-53.4104,-0.85834,-52.521786,-0.13035
2026-08-29,BR1405_0,protected_areas,Brazil,BR,ESTAÇÃO ECOLÓGICA DO JARI,,202503,0.0,0.0,-53.4104,-0.85834,-52.521786,-0.13035
2026-08-29,BR1405_0,protected_areas,Brazil,BR,ESTAÇÃO ECOLÓGICA DO JARI,,202504,0.0,0.0,-53.4104,-0.85834,-52.521786,-0.13035
2026-08-29,BR1405_0,protected_areas,Brazil,BR,ESTAÇÃO ECOLÓGICA DO JARI,,202601,8.0,8.0,-53.4104,-0.85834,-52.521786,-0.13035
2026-08-29,BR1405_0,protected_areas,Brazil,BR,ESTAÇÃO ECOLÓGICA DO JARI,,202602,45.99,53.99,-53.4104,-0.85834,-52.521786,-0.13035
2026-08-29,BR1379_0,protected_areas,Brazil,BR,ESTAÇÃO ECOLÓGICA JUAMI-JAPURÁ,,201800,0.0,0.0,-69.197947,-2.840616,-67.499981,-1.64392
2026-08-29,BR1379_0,protected_areas,Brazil,BR,ESTAÇÃO ECOLÓGICA JUAMI-JAPURÁ,,201900,0.0,0.0,-69.197947,-2.840616,-67.499981,-1.64392
2026-08-29,BR1379_0,protected_areas,Brazil,BR,ESTAÇÃO ECOLÓGICA JUAMI-JAPURÁ,,202000,134.52,134.52,-69.197947,-2.840616,-67.499981,-1.64392
2026-08-29,BR1379_0,protected_areas,Brazil,BR,ESTAÇÃO ECOLÓGICA JUAMI-JAPURÁ,,202100,804.27,938.79,-69.197947,-2.840616,-67.499981,-1.64392
2026-08-29,BR1379_0,protected_areas,Brazil,BR,ESTAÇÃO ECOLÓGICA JUAMI-JAPURÁ,,202200,2415.44,3354.23,-69.197947,-2.840616,-67.499981,-1.64392
2026-08-29,BR1379_0,protected_areas,Brazil,BR,ESTAÇÃO ECOLÓGICA JUAMI-JAPURÁ,,202300,852.38,4206.61,-69.197947,-2.840616,-67.499981,-1.64392
2026-08-29,BR1379_0,protected_areas,Brazil,BR,ESTAÇÃO ECOLÓGICA JUAMI-JAPURÁ,,202400,103.7,4310.31,-69.197947,-2.840616,-67.499981,-1.64392
2026-08-29,BR1379_0,protected_areas,Brazil,BR,ESTAÇÃO ECOLÓGICA JUAMI-JAPURÁ,,202501,0.0,4310.31,-69.197947,-2.840616,-67.499981,-1.64392
2026-08-29,BR1379_0,protected_areas,Brazil,BR,ESTAÇÃO ECOLÓGICA JUAMI-JAPURÁ,,202502,0.0,4310.31,-69.197947,-2.840616,-67.499981,-1.64392
2026-08-29,BR1379_0,protected_areas,Brazil,BR,ESTAÇÃO ECOLÓGICA JUAMI-JAPURÁ,,202503,125.77,4436.08,-69.197947,-2.840616,-67.499981,-1.64392
2026-08-29,BR1379_0,protected_areas,Brazil,BR,ESTAÇÃO ECOLÓGICA JUAMI-JAPURÁ,,202504,0.0,4436.08,-69.197947,-2.840616,-67.499981,-1.64392
2026-08-29,BR1379_0,protected_areas,Brazil,BR,ESTAÇÃO ECOLÓGICA JUAMI-JAPURÁ,,202601,68.67,4504.75,-69.197947,-2.840616,-67.499981,-1.64392
2026-08-29,BR1379_0,protected_areas,Brazil,BR,ESTAÇÃO ECOLÓGICA JUAMI-JAPURÁ,,202602,77.02,4581.78,-69.197947,-2.840616,-67.499981,-1.64392
2026-08-29,BR774_0,protected_areas,Brazil,BR,ESTAçãO ECOLóGICA ALTO MAUéS,,201800,2.99,2.99,-58.846603,-6.23234,-57.773538,-4.999786
2026-08-29,BR774_0,protected_areas,Brazil,BR,ESTAçãO ECOLóGICA ALTO MAUéS,,201900,46.04,49.02,-58.846603,-6.23234,-57.773538,-4.999786
2026-08-29,BR774_0,protected_areas,Brazil,BR,ESTAçãO ECOLóGICA ALTO MAUéS,,202000,14.13,63.15,-58.846603,-6.23234,-57.773538,-4.999786
2026-08-29,BR774_0,protected_areas,Brazil,BR,ESTAçãO ECOLóGICA ALTO MAUéS,,202100,69.53,132.68,-58.846603,-6.23234,-57.773538,-4.999786
2026-08-29,BR774_0,protected_areas,Brazil,BR,ESTAçãO ECOLóGICA ALTO MAUéS,,202200,176.69,309.38,-58.846603,-6.23234,-57.773538,-4.999786
2026-08-29,BR774_0,protected_areas,Brazil,BR,ESTAçãO ECOLóGICA ALTO MAUéS,,202300,196.11,505.49,-58.846603,-6.23234,-57.773538,-4.999786
2026-08-29,BR774_0,protected_areas,Brazil,BR,ESTAçãO ECOLóGICA ALTO MAUéS,,202400,61.6,567.09,-58.846603,-6.23234,-57.773538,-4.999786
2026-08-29,BR774_0,protected_areas,Brazil,BR,ESTAçãO ECOLóGICA ALTO MAUéS,,202501,0.0,567.09,-58.846603,-6.23234,-57.773538,-4.999786
2026-08-29,BR774_0,protected_areas,Brazil,BR,ESTAçãO ECOLóGICA ALTO MAUéS,,202502,35.3,602.39,-58.846603,-6.23234,-57.773538,-4.999786
2026-08-29,BR774_0,protected_areas,Brazil,BR,ESTAçãO ECOLóGICA ALTO MAUéS,,202503,6.48,608.87,-58.846603,-6.23234,-57.773538,-4.999786
2026-08-29,BR774_0,protected_areas,Brazil,BR,ESTAçãO ECOLóGICA ALTO MAUéS,,202504,0.0,608.87,-58.846603,-6.23234,-57.773538,-4.999786
2026-08-29,BR774_0,protected_areas,Brazil,BR,ESTAçãO ECOLóGICA ALTO MAUéS,,202601,3.11,611.97,-58.846603,-6.23234,-57.773538,-4.999786
2026-08-29,BR774_0,protected_areas,Brazil,BR,ESTAçãO ECOLóGICA ALTO MAUéS,,202602,30.31,642.28,-58.846603,-6.23234,-57.773538,-4.999786
2026-08-29,BR652_0,protected_areas,Brazil,BR,FLORESTA ESTADUAL DE IRIRI,,201800,0.0,0.0,-54.76168,-6.84295,-54.14779,-5.820786
2026-08-29,BR652_0,protected_areas,Brazil,BR,FLORESTA ESTADUAL DE IRIRI,,201900,0.0,0.0,-54.76168,-6.84295,-54.14779,-5.820786
2026-08-29,BR652_0,protected_areas,Brazil,BR,FLORESTA ESTADUAL DE IRIRI,,202000,0.0,0.0,-54.76168,-6.84295,-54.14779,-5.820786
2026-08-29,BR652_0,protected_areas,Brazil,BR,FLORESTA ESTADUAL DE IRIRI,,202100,8.5,8.5,-54.76168,-6.84295,-54.14779,-5.820786
2026-08-29,BR652_0,protected_areas,Brazil,BR,FLORESTA ESTADUAL DE IRIRI,,202200,0.07,8.57,-54.76168,-6.84295,-54.14779,-5.820786
2026-08-29,BR652_0,protected_areas,Brazil,BR,FLORESTA ESTADUAL DE IRIRI,,202300,0.65,9.21,-54.76168,-6.84295,-54.14779,-5.820786
2026-08-29,BR652_0,protected_areas,Brazil,BR,FLORESTA ESTADUAL DE IRIRI,,202400,15.85,25.06,-54.76168,-6.84295,-54.14779,-5.820786
2026-08-29,BR652_0,protected_areas,Brazil,BR,FLORESTA ESTADUAL DE IRIRI,,202501,0.0,25.06,-54.76168,-6.84295,-54.14779,-5.820786
2026-08-29,BR652_0,protected_areas,Brazil,BR,FLORESTA ESTADUAL DE IRIRI,,202502,3.36,28.42,-54.76168,-6.84295,-54.14779,-5.820786
2026-08-29,BR652_0,protected_areas,Brazil,BR,FLORESTA ESTADUAL DE IRIRI,,202503,3.94,32.36,-54.76168,-6.84295,-54.14779,-5.820786
2026-08-29,BR652_0,protected_areas,Brazil,BR,FLORESTA ESTADUAL DE IRIRI,,202504,0.0,32.36,-54.76168,-6.84295,-54.14779,-5.820786
2026-08-29,BR652_0,protected_areas,Brazil,BR,FLORESTA ESTADUAL DE IRIRI,,202601,0.0,32.36,-54.76168,-6.84295,-54.14779,-5.820786
2026-08-29,BR652_0,protected_areas,Brazil,BR,FLORESTA ESTADUAL DE IRIRI,,202602,4.05,36.41,-54.76168,-6.84295,-54.14779,-5.820786
2026-08-29,BR1573_0,protected_areas,Brazil,BR,FLORESTA ESTADUAL DE RENDIMENTO SUSTENTADO PERIQUITO,,201800,0.0,0.0,-62.57616,-9.367607,-62.508029,-9.338482
2026-08-29,BR1573_0,protected_areas,Brazil,BR,FLORESTA ESTADUAL DE RENDIMENTO SUSTENTADO PERIQUITO,,201900,0.0,0.0,-62.57616,-9.367607,-62.508029,-9.338482
2026-08-29,BR1573_0,protected_areas,Brazil,BR,FLORESTA ESTADUAL DE RENDIMENTO SUSTENTADO PERIQUITO,,202000,12.19,12.19,-62.57616,-9.367607,-62.508029,-9.338482
2026-08-29,BR1573_0,protected_areas,Brazil,BR,FLORESTA ESTADUAL DE RENDIMENTO SUSTENTADO PERIQUITO,,202100,0.0,12.19,-62.57616,-9.367607,-62.508029,-9.338482
2026-08-29,BR1573_0,protected_areas,Brazil,BR,FLORESTA ESTADUAL DE RENDIMENTO SUSTENTADO PERIQUITO,,202200,0.0,12.19,-62.57616,-9.367607,-62.508029,-9.338482
2026-08-29,BR1573_0,protected_areas,Brazil,BR,FLORESTA ESTADUAL DE RENDIMENTO SUSTENTADO PERIQUITO,,202300,0.0,12.19,-62.57616,-9.367607,-62.508029,-9.338482
2026-08-29,BR1573_0,protected_areas,Brazil,BR,FLORESTA ESTADUAL DE RENDIMENTO SUSTENTADO PERIQUITO,,202400,0.0,12.19,-62.57616,-9.367607,-62.508029,-9.338482
2026-08-29,BR1573_0,protected_areas,Brazil,BR,FLORESTA ESTADUAL DE RENDIMENTO SUSTENTADO PERIQUITO,,202501,0.0,12.19,-62.57616,-9.367607,-62.508029,-9.338482
2026-08-29,BR1573_0,protected_areas,Brazil,BR,FLORESTA ESTADUAL DE RENDIMENTO SUSTENTADO PERIQUITO,,202502,0.0,12.19,-62.57616,-9.367607,-62.508029,-9.338482
2026-08-29,BR1573_0,protected_areas,Brazil,BR,FLORESTA ESTADUAL DE RENDIMENTO SUSTENTADO PERIQUITO,,202503,0.0,12.19,-62.57616,-9.367607,-62.508029,-9.338482
2026-08-29,BR1573_0,protected_areas,Brazil,BR,FLORESTA ESTADUAL DE RENDIMENTO SUSTENTADO PERIQUITO,,202504,0.0,12.19,-62.57616,-9.367607,-62.508029,-9.338482
2026-08-29,BR1573_0,protected_areas,Brazil,BR,FLORESTA ESTADUAL DE RENDIMENTO SUSTENTADO PERIQUITO,,202601,0.0,12.19,-62.57616,-9.367607,-62.508029,-9.338482
2026-08-29,BR1573_0,protected_areas,Brazil,BR,FLORESTA ESTADUAL DE RENDIMENTO SUSTENTADO PERIQUITO,,202602,0.0,12.19,-62.57616,-9.367607,-62.508029,-9.338482
2026-08-29,BR1204_0,protected_areas,Brazil,BR,FLORESTA ESTADUAL DO AMAPÁ,,201800,511.13,511.13,-52.506147,0.14534,-50.888143,3.793162
2026-08-29,BR1204_0,protected_areas,Brazil,BR,FLORESTA ESTADUAL DO AMAPÁ,,201900,36.34,547.48,-52.506147,0.14534,-50.888143,3.793162
2026-08-29,BR1204_0,protected_areas,Brazil,BR,FLORESTA ESTADUAL DO AMAPÁ,,202000,65.91,613.38,-52.506147,0.14534,-50.888143,3.793162
2026-08-29,BR1204_0,protected_areas,Brazil,BR,FLORESTA ESTADUAL DO AMAPÁ,,202100,111.39,724.77,-52.506147,0.14534,-50.888143,3.793162
2026-08-29,BR1204_0,protected_areas,Brazil,BR,FLORESTA ESTADUAL DO AMAPÁ,,202200,252.17,976.95,-52.506147,0.14534,-50.888143,3.793162
2026-08-29,BR1204_0,protected_areas,Brazil,BR,FLORESTA ESTADUAL DO AMAPÁ,,202300,332.67,1309.62,-52.506147,0.14534,-50.888143,3.793162
2026-08-29,BR1204_0,protected_areas,Brazil,BR,FLORESTA ESTADUAL DO AMAPÁ,,202400,188.03,1497.65,-52.506147,0.14534,-50.888143,3.793162
2026-08-29,BR1204_0,protected_areas,Brazil,BR,FLORESTA ESTADUAL DO AMAPÁ,,202501,7.91,1505.56,-52.506147,0.14534,-50.888143,3.793162
2026-08-29,BR1204_0,protected_areas,Brazil,BR,FLORESTA ESTADUAL DO AMAPÁ,,202502,1159.66,2665.22,-52.506147,0.14534,-50.888143,3.793162
2026-08-29,BR1204_0,protected_areas,Brazil,BR,FLORESTA ESTADUAL DO AMAPÁ,,202503,653.33,3318.55,-52.506147,0.14534,-50.888143,3.793162
2026-08-29,BR1204_0,protected_areas,Brazil,BR,FLORESTA ESTADUAL DO AMAPÁ,,202504,322.24,3640.79,-52.506147,0.14534,-50.888143,3.793162
2026-08-29,BR1204_0,protected_areas,Brazil,BR,FLORESTA ESTADUAL DO AMAPÁ,,202601,69.56,3710.35,-52.506147,0.14534,-50.888143,3.793162
2026-08-29,BR1204_0,protected_areas,Brazil,BR,FLORESTA ESTADUAL DO AMAPÁ,,202602,185.74,3896.09,-52.506147,0.14534,-50.888143,3.793162
2026-08-29,BR457_0,protected_areas,Brazil,BR,FLORESTA ESTADUAL DO PARU,,201800,460.53,460.53,-55.6693,-1.23,-52.679552,1.250358
2026-08-29,BR457_0,protected_areas,Brazil,BR,FLORESTA ESTADUAL DO PARU,,201900,115.08,575.6,-55.6693,-1.23,-52.679552,1.250358
2026-08-29,BR457_0,protected_areas,Brazil,BR,FLORESTA ESTADUAL DO PARU,,202000,169.6,745.21,-55.6693,-1.23,-52.679552,1.250358
2026-08-29,BR457_0,protected_areas,Brazil,BR,FLORESTA ESTADUAL DO PARU,,202100,138.99,884.19,-55.6693,-1.23,-52.679552,1.250358
2026-08-29,BR457_0,protected_areas,Brazil,BR,FLORESTA ESTADUAL DO PARU,,202200,126.65,1010.85,-55.6693,-1.23,-52.679552,1.250358
2026-08-29,BR457_0,protected_areas,Brazil,BR,FLORESTA ESTADUAL DO PARU,,202300,123.85,1134.7,-55.6693,-1.23,-52.679552,1.250358
2026-08-29,BR457_0,protected_areas,Brazil,BR,FLORESTA ESTADUAL DO PARU,,202400,44.49,1179.18,-55.6693,-1.23,-52.679552,1.250358
2026-08-29,BR457_0,protected_areas,Brazil,BR,FLORESTA ESTADUAL DO PARU,,202501,0.0,1179.18,-55.6693,-1.23,-52.679552,1.250358
2026-08-29,BR457_0,protected_areas,Brazil,BR,FLORESTA ESTADUAL DO PARU,,202502,118.73,1297.91,-55.6693,-1.23,-52.679552,1.250358
2026-08-29,BR457_0,protected_areas,Brazil,BR,FLORESTA ESTADUAL DO PARU,,202503,157.02,1454.93,-55.6693,-1.23,-52.679552,1.250358
2026-08-29,BR457_0,protected_areas,Brazil,BR,FLORESTA ESTADUAL DO PARU,,202504,82.68,1537.62,-55.6693,-1.23,-52.679552,1.250358
2026-08-29,BR457_0,protected_areas,Brazil,BR,FLORESTA ESTADUAL DO PARU,,202601,11.77,1549.39,-55.6693,-1.23,-52.679552,1.250358
2026-08-29,BR457_0,protected_areas,Brazil,BR,FLORESTA ESTADUAL DO PARU,,202602,400.81,1950.2,-55.6693,-1.23,-52.679552,1.250358
2026-08-29,BR1252_0,protected_areas,Brazil,BR,FLORESTA ESTADUAL DO TROMBETAS,,201800,9.05,9.05,-57.934695,-1.295111,-55.225742,0.81755
2026-08-29,BR1252_0,protected_areas,Brazil,BR,FLORESTA ESTADUAL DO TROMBETAS,,201900,4.63,13.68,-57.934695,-1.295111,-55.225742,0.81755
2026-08-29,BR1252_0,protected_areas,Brazil,BR,FLORESTA ESTADUAL DO TROMBETAS,,202000,0.21,13.89,-57.934695,-1.295111,-55.225742,0.81755
2026-08-29,BR1252_0,protected_areas,Brazil,BR,FLORESTA ESTADUAL DO TROMBETAS,,202100,0.0,13.89,-57.934695,-1.295111,-55.225742,0.81755
2026-08-29,BR1252_0,protected_areas,Brazil,BR,FLORESTA ESTADUAL DO TROMBETAS,,202200,0.0,13.89,-57.934695,-1.295111,-55.225742,0.81755
2026-08-29,BR1252_0,protected_areas,Brazil,BR,FLORESTA ESTADUAL DO TROMBETAS,,202300,0.06,13.95,-57.934695,-1.295111,-55.225742,0.81755
2026-08-29,BR1252_0,protected_areas,Brazil,BR,FLORESTA ESTADUAL DO TROMBETAS,,202400,0.0,13.95,-57.934695,-1.295111,-55.225742,0.81755
2026-08-29,BR1252_0,protected_areas,Brazil,BR,FLORESTA ESTADUAL DO TROMBETAS,,202501,0.0,13.95,-57.934695,-1.295111,-55.225742,0.81755
2026-08-29,BR1252_0,protected_areas,Brazil,BR,FLORESTA ESTADUAL DO TROMBETAS,,202502,0.0,13.95,-57.934695,-1.295111,-55.225742,0.81755
2026-08-29,BR1252_0,protected_areas,Brazil,BR,FLORESTA ESTADUAL DO TROMBETAS,,202503,0.0,13.95,-57.934695,-1.295111,-55.225742,0.81755
2026-08-29,BR1252_0,protected_areas,Brazil,BR,FLORESTA ESTADUAL DO TROMBETAS,,202504,0.0,13.95,-57.934695,-1.295111,-55.225742,0.81755
2026-08-29,BR1252_0,protected_areas,Brazil,BR,FLORESTA ESTADUAL DO TROMBETAS,,202601,0.0,13.95,-57.934695,-1.295111,-55.225742,0.81755
2026-08-29,BR1252_0,protected_areas,Brazil,BR,FLORESTA ESTADUAL DO TROMBETAS,,202602,0.0,13.95,-57.934695,-1.295111,-55.225742,0.81755
2026-08-29,BR1012_0,protected_areas,Brazil,BR,FLORESTA NACIONAL ALTAMIRA,,201800,316.84,316.84,-55.603549,-6.465953,-54.664321,-5.4026
2026-08-29,BR1012_0,protected_areas,Brazil,BR,FLORESTA NACIONAL ALTAMIRA,,201900,558.05,874.89,-55.603549,-6.465953,-54.664321,-5.4026
2026-08-29,BR1012_0,protected_areas,Brazil,BR,FLORESTA NACIONAL ALTAMIRA,,202000,232.3,1107.19,-55.603549,-6.465953,-54.664321,-5.4026
2026-08-29,BR1012_0,protected_areas,Brazil,BR,FLORESTA NACIONAL ALTAMIRA,,202100,110.26,1217.45,-55.603549,-6.465953,-54.664321,-5.4026
2026-08-29,BR1012_0,protected_areas,Brazil,BR,FLORESTA NACIONAL ALTAMIRA,,202200,98.09,1315.54,-55.603549,-6.465953,-54.664321,-5.4026
2026-08-29,BR1012_0,protected_areas,Brazil,BR,FLORESTA NACIONAL ALTAMIRA,,202300,75.05,1390.59,-55.603549,-6.465953,-54.664321,-5.4026
2026-08-29,BR1012_0,protected_areas,Brazil,BR,FLORESTA NACIONAL ALTAMIRA,,202400,72.0,1462.59,-55.603549,-6.465953,-54.664321,-5.4026
2026-08-29,BR1012_0,protected_areas,Brazil,BR,FLORESTA NACIONAL ALTAMIRA,,202501,0.0,1462.59,-55.603549,-6.465953,-54.664321,-5.4026
2026-08-29,BR1012_0,protected_areas,Brazil,BR,FLORESTA NACIONAL ALTAMIRA,,202502,15.37,1477.96,-55.603549,-6.465953,-54.664321,-5.4026
2026-08-29,BR1012_0,protected_areas,Brazil,BR,FLORESTA NACIONAL ALTAMIRA,,202503,48.86,1526.82,-55.603549,-6.465953,-54.664321,-5.4026
2026-08-29,BR1012_0,protected_areas,Brazil,BR,FLORESTA NACIONAL ALTAMIRA,,202504,0.0,1526.82,-55.603549,-6.465953,-54.664321,-5.4026
2026-08-29,BR1012_0,protected_areas,Brazil,BR,FLORESTA NACIONAL ALTAMIRA,,202601,11.45,1538.27,-55.603549,-6.465953,-54.664321,-5.4026
2026-08-29,BR1012_0,protected_areas,Brazil,BR,FLORESTA NACIONAL ALTAMIRA,,202602,8.12,1546.38,-55.603549,-6.465953,-54.664321,-5.4026
2026-08-29,BR1820_0,protected_areas,Brazil,BR,FLORESTA NACIONAL DE ITACAIUNAS,,201800,0.0,0.0,-51.400139,-6.055918,-50.508906,-5.763828
2026-08-29,BR1820_0,protected_areas,Brazil,BR,FLORESTA NACIONAL DE ITACAIUNAS,,201900,0.0,0.0,-51.400139,-6.055918,-50.508906,-5.763828
2026-08-29,BR1820_0,protected_areas,Brazil,BR,FLORESTA NACIONAL DE ITACAIUNAS,,202000,0.0,0.0,-51.400139,-6.055918,-50.508906,-5.763828
2026-08-29,BR1820_0,protected_areas,Brazil,BR,FLORESTA NACIONAL DE ITACAIUNAS,,202100,13.5,13.5,-51.400139,-6.055918,-50.508906,-5.763828
2026-08-29,BR1820_0,protected_areas,Brazil,BR,FLORESTA NACIONAL DE ITACAIUNAS,,202200,40.01,53.5,-51.400139,-6.055918,-50.508906,-5.763828
2026-08-29,BR1820_0,protected_areas,Brazil,BR,FLORESTA NACIONAL DE ITACAIUNAS,,202300,59.92,113.42,-51.400139,-6.055918,-50.508906,-5.763828
2026-08-29,BR1820_0,protected_areas,Brazil,BR,FLORESTA NACIONAL DE ITACAIUNAS,,202400,92.3,205.72,-51.400139,-6.055918,-50.508906,-5.763828
2026-08-29,BR1820_0,protected_areas,Brazil,BR,FLORESTA NACIONAL DE ITACAIUNAS,,202501,0.0,205.72,-51.400139,-6.055918,-50.508906,-5.763828
2026-08-29,BR1820_0,protected_areas,Brazil,BR,FLORESTA NACIONAL DE ITACAIUNAS,,202502,0.0,205.72,-51.400139,-6.055918,-50.508906,-5.763828
2026-08-29,BR1820_0,protected_areas,Brazil,BR,FLORESTA NACIONAL DE ITACAIUNAS,,202503,0.0,205.72,-51.400139,-6.055918,-50.508906,-5.763828
2026-08-29,BR1820_0,protected_areas,Brazil,BR,FLORESTA NACIONAL DE ITACAIUNAS,,202504,0.0,205.72,-51.400139,-6.055918,-50.508906,-5.763828
2026-08-29,BR1820_0,protected_areas,Brazil,BR,FLORESTA NACIONAL DE ITACAIUNAS,,202601,0.0,205.72,-51.400139,-6.055918,-50.508906,-5.763828
2026-08-29,BR1820_0,protected_areas,Brazil,BR,FLORESTA NACIONAL DE ITACAIUNAS,,202602,0.0,205.72,-51.400139,-6.055918,-50.508906,-5.763828
2026-08-29,BR164_0,protected_areas,Brazil,BR,FLORESTA NACIONAL DE ITAITUBA I,,201800,609.98,609.98,-56.981096,-5.562591,-56.104919,-5.173349
2026-08-29,BR164_0,protected_areas,Brazil,BR,FLORESTA NACIONAL DE ITAITUBA I,,201900,180.37,790.36,-56.981096,-5.562591,-56.104919,-5.173349
2026-08-29,BR164_0,protected_areas,Brazil,BR,FLORESTA NACIONAL DE ITAITUBA I,,202000,217.3,1007.66,-56.981096,-5.562591,-56.104919,-5.173349
2026-08-29,BR164_0,protected_areas,Brazil,BR,FLORESTA NACIONAL DE ITAITUBA I,,202100,171.75,1179.42,-56.981096,-5.562591,-56.104919,-5.173349
2026-08-29,BR164_0,protected_areas,Brazil,BR,FLORESTA NACIONAL DE ITAITUBA I,,202200,89.96,1269.38,-56.981096,-5.562591,-56.104919,-5.173349
2026-08-29,BR164_0,protected_areas,Brazil,BR,FLORESTA NACIONAL DE ITAITUBA I,,202300,28.37,1297.74,-56.981096,-5.562591,-56.104919,-5.173349
2026-08-29,BR164_0,protected_areas,Brazil,BR,FLORESTA NACIONAL DE ITAITUBA I,,202400,49.61,1347.36,-56.981096,-5.562591,-56.104919,-5.173349
2026-08-29,BR164_0,protected_areas,Brazil,BR,FLORESTA NACIONAL DE ITAITUBA I,,202501,0.0,1347.36,-56.981096,-5.562591,-56.104919,-5.173349
2026-08-29,BR164_0,protected_areas,Brazil,BR,FLORESTA NACIONAL DE ITAITUBA I,,202502,19.76,1367.12,-56.981096,-5.562591,-56.104919,-5.173349
2026-08-29,BR164_0,protected_areas,Brazil,BR,FLORESTA NACIONAL DE ITAITUBA I,,202503,30.04,1397.16,-56.981096,-5.562591,-56.104919,-5.173349
2026-08-29,BR164_0,protected_areas,Brazil,BR,FLORESTA NACIONAL DE ITAITUBA I,,202504,0.0,1397.16,-56.981096,-5.562591,-56.104919,-5.173349
2026-08-29,BR164_0,protected_areas,Brazil,BR,FLORESTA NACIONAL DE ITAITUBA I,,202601,0.0,1397.16,-56.981096,-5.562591,-56.104919,-5.173349
2026-08-29,BR164_0,protected_areas,Brazil,BR,FLORESTA NACIONAL DE ITAITUBA I,,202602,72.72,1469.88,-56.981096,-5.562591,-56.104919,-5.173349
2026-08-29,BR1253_0,protected_areas,Brazil,BR,FLORESTA NACIONAL DE ITAITUBA II,,201800,540.55,540.55,-56.83829,-5.500172,-56.036751,-4.68405
2026-08-29,BR1253_0,protected_areas,Brazil,BR,FLORESTA NACIONAL DE ITAITUBA II,,201900,74.44,614.99,-56.83829,-5.500172,-56.036751,-4.68405
2026-08-29,BR1253_0,protected_areas,Brazil,BR,FLORESTA NACIONAL DE ITAITUBA II,,202000,72.58,687.57,-56.83829,-5.500172,-56.036751,-4.68405
2026-08-29,BR1253_0,protected_areas,Brazil,BR,FLORESTA NACIONAL DE ITAITUBA II,,202100,81.21,768.78,-56.83829,-5.500172,-56.036751,-4.68405
2026-08-29,BR1253_0,protected_areas,Brazil,BR,FLORESTA NACIONAL DE ITAITUBA II,,202200,45.16,813.93,-56.83829,-5.500172,-56.036751,-4.68405
2026-08-29,BR1253_0,protected_areas,Brazil,BR,FLORESTA NACIONAL DE ITAITUBA II,,202300,216.14,1030.07,-56.83829,-5.500172,-56.036751,-4.68405
2026-08-29,BR1253_0,protected_areas,Brazil,BR,FLORESTA NACIONAL DE ITAITUBA II,,202400,81.53,1111.6,-56.83829,-5.500172,-56.036751,-4.68405
2026-08-29,BR1253_0,protected_areas,Brazil,BR,FLORESTA NACIONAL DE ITAITUBA II,,202501,0.0,1111.6,-56.83829,-5.500172,-56.036751,-4.68405
2026-08-29,BR1253_0,protected_areas,Brazil,BR,FLORESTA NACIONAL DE ITAITUBA II,,202502,9.52,1121.12,-56.83829,-5.500172,-56.036751,-4.68405
2026-08-29,BR1253_0,protected_areas,Brazil,BR,FLORESTA NACIONAL DE ITAITUBA II,,202503,13.88,1135.0,-56.83829,-5.500172,-56.036751,-4.68405
2026-08-29,BR1253_0,protected_areas,Brazil,BR,FLORESTA NACIONAL DE ITAITUBA II,,202504,0.0,1135.0,-56.83829,-5.500172,-56.036751,-4.68405
2026-08-29,BR1253_0,protected_areas,Brazil,BR,FLORESTA NACIONAL DE ITAITUBA II,,202601,0.0,1135.0,-56.83829,-5.500172,-56.036751,-4.68405
2026-08-29,BR1253_0,protected_areas,Brazil,BR,FLORESTA NACIONAL DE ITAITUBA II,,202602,17.56,1152.56,-56.83829,-5.500172,-56.036751,-4.68405
2026-08-29,BR879_0,protected_areas,Brazil,BR,FLORESTA NACIONAL DE JATUARANA,,201800,0.0,0.0,-59.975587,-8.099153,-58.922761,-6.954985
2026-08-29,BR879_0,protected_areas,Brazil,BR,FLORESTA NACIONAL DE JATUARANA,,201900,0.0,0.0,-59.975587,-8.099153,-58.922761,-6.954985
2026-08-29,BR879_0,protected_areas,Brazil,BR,FLORESTA NACIONAL DE JATUARANA,,202000,0.0,0.0,-59.975587,-8.099153,-58.922761,-6.954985
2026-08-29,BR879_0,protected_areas,Brazil,BR,FLORESTA NACIONAL DE JATUARANA,,202100,0.0,0.0,-59.975587,-8.099153,-58.922761,-6.954985
2026-08-29,BR879_0,protected_areas,Brazil,BR,FLORESTA NACIONAL DE JATUARANA,,202200,6.66,6.66,-59.975587,-8.099153,-58.922761,-6.954985
2026-08-29,BR879_0,protected_areas,Brazil,BR,FLORESTA NACIONAL DE JATUARANA,,202300,0.0,6.66,-59.975587,-8.099153,-58.922761,-6.954985
2026-08-29,BR879_0,protected_areas,Brazil,BR,FLORESTA NACIONAL DE JATUARANA,,202400,0.05,6.71,-59.975587,-8.099153,-58.922761,-6.954985
2026-08-29,BR879_0,protected_areas,Brazil,BR,FLORESTA NACIONAL DE JATUARANA,,202501,0.0,6.71,-59.975587,-8.099153,-58.922761,-6.954985
2026-08-29,BR879_0,protected_areas,Brazil,BR,FLORESTA NACIONAL DE JATUARANA,,202502,0.0,6.71,-59.975587,-8.099153,-58.922761,-6.954985
2026-08-29,BR879_0,protected_areas,Brazil,BR,FLORESTA NACIONAL DE JATUARANA,,202503,0.0,6.71,-59.975587,-8.099153,-58.922761,-6.954985
2026-08-29,BR879_0,protected_areas,Brazil,BR,FLORESTA NACIONAL DE JATUARANA,,202504,0.0,6.71,-59.975587,-8.099153,-58.922761,-6.954985
2026-08-29,BR879_0,protected_areas,Brazil,BR,FLORESTA NACIONAL DE JATUARANA,,202601,0.0,6.71,-59.975587,-8.099153,-58.922761,-6.954985
2026-08-29,BR879_0,protected_areas,Brazil,BR,FLORESTA NACIONAL DE JATUARANA,,202602,0.0,6.71,-59.975587,-8.099153,-58.922761,-6.954985
2026-08-29,BR285_0,protected_areas,Brazil,BR,FLORESTA NACIONAL DE PAU-ROSA,,201800,6.11,6.11,-58.853212,-5.591093,-57.091174,-3.741091
2026-08-29,BR285_0,protected_areas,Brazil,BR,FLORESTA NACIONAL DE PAU-ROSA,,201900,0.65,6.75,-58.853212,-5.591093,-57.091174,-3.741091
2026-08-29,BR285_0,protected_areas,Brazil,BR,FLORESTA NACIONAL DE PAU-ROSA,,202000,0.36,7.11,-58.853212,-5.591093,-57.091174,-3.741091
2026-08-29,BR285_0,protected_areas,Brazil,BR,FLORESTA NACIONAL DE PAU-ROSA,,202100,0.0,7.11,-58.853212,-5.591093,-57.091174,-3.741091
2026-08-29,BR285_0,protected_areas,Brazil,BR,FLORESTA NACIONAL DE PAU-ROSA,,202200,0.66,7.77,-58.853212,-5.591093,-57.091174,-3.741091
2026-08-29,BR285_0,protected_areas,Brazil,BR,FLORESTA NACIONAL DE PAU-ROSA,,202300,2.6,10.37,-58.853212,-5.591093,-57.091174,-3.741091
2026-08-29,BR285_0,protected_areas,Brazil,BR,FLORESTA NACIONAL DE PAU-ROSA,,202400,0.0,10.37,-58.853212,-5.591093,-57.091174,-3.741091
2026-08-29,BR285_0,protected_areas,Brazil,BR,FLORESTA NACIONAL DE PAU-ROSA,,202501,0.0,10.37,-58.853212,-5.591093,-57.091174,-3.741091
2026-08-29,BR285_0,protected_areas,Brazil,BR,FLORESTA NACIONAL DE PAU-ROSA,,202502,0.0,10.37,-58.853212,-5.591093,-57.091174,-3.741091
2026-08-29,BR285_0,protected_areas,Brazil,BR,FLORESTA NACIONAL DE PAU-ROSA,,202503,0.0,10.37,-58.853212,-5.591093,-57.091174,-3.741091
2026-08-29,BR285_0,protected_areas,Brazil,BR,FLORESTA NACIONAL DE PAU-ROSA,,202504,0.0,10.37,-58.853212,-5.591093,-57.091174,-3.741091
2026-08-29,BR285_0,protected_areas,Brazil,BR,FLORESTA NACIONAL DE PAU-ROSA,,202601,0.0,10.37,-58.853212,-5.591093,-57.091174,-3.741091
2026-08-29,BR285_0,protected_areas,Brazil,BR,FLORESTA NACIONAL DE PAU-ROSA,,202602,0.0,10.37,-58.853212,-5.591093,-57.091174,-3.741091
2026-08-29,BR1212_0,protected_areas,Brazil,BR,FLORESTA NACIONAL DE SARACÁ-TAQUERA,,201800,0.0,0.0,-57.178646,-1.904838,-56.038912,-1.389687
2026-08-29,BR1212_0,protected_areas,Brazil,BR,FLORESTA NACIONAL DE SARACÁ-TAQUERA,,201900,0.0,0.0,-57.178646,-1.904838,-56.038912,-1.389687
2026-08-29,BR1212_0,protected_areas,Brazil,BR,FLORESTA NACIONAL DE SARACÁ-TAQUERA,,202000,0.0,0.0,-57.178646,-1.904838,-56.038912,-1.389687
2026-08-29,BR1212_0,protected_areas,Brazil,BR,FLORESTA NACIONAL DE SARACÁ-TAQUERA,,202100,0.0,0.0,-57.178646,-1.904838,-56.038912,-1.389687
2026-08-29,BR1212_0,protected_areas,Brazil,BR,FLORESTA NACIONAL DE SARACÁ-TAQUERA,,202200,0.0,0.0,-57.178646,-1.904838,-56.038912,-1.389687
2026-08-29,BR1212_0,protected_areas,Brazil,BR,FLORESTA NACIONAL DE SARACÁ-TAQUERA,,202300,255.33,255.33,-57.178646,-1.904838,-56.038912,-1.389687
2026-08-29,BR1212_0,protected_areas,Brazil,BR,FLORESTA NACIONAL DE SARACÁ-TAQUERA,,202400,11.44,266.77,-57.178646,-1.904838,-56.038912,-1.389687
2026-08-29,BR1212_0,protected_areas,Brazil,BR,FLORESTA NACIONAL DE SARACÁ-TAQUERA,,202501,0.0,266.77,-57.178646,-1.904838,-56.038912,-1.389687
2026-08-29,BR1212_0,protected_areas,Brazil,BR,FLORESTA NACIONAL DE SARACÁ-TAQUERA,,202502,0.0,266.77,-57.178646,-1.904838,-56.038912,-1.389687
2026-08-29,BR1212_0,protected_areas,Brazil,BR,FLORESTA NACIONAL DE SARACÁ-TAQUERA,,202503,0.0,266.77,-57.178646,-1.904838,-56.038912,-1.389687
2026-08-29,BR1212_0,protected_areas,Brazil,BR,FLORESTA NACIONAL DE SARACÁ-TAQUERA,,202504,0.0,266.77,-57.178646,-1.904838,-56.038912,-1.389687
2026-08-29,BR1212_0,protected_areas,Brazil,BR,FLORESTA NACIONAL DE SARACÁ-TAQUERA,,202601,0.0,266.77,-57.178646,-1.904838,-56.038912,-1.389687
2026-08-29,BR1212_0,protected_areas,Brazil,BR,FLORESTA NACIONAL DE SARACÁ-TAQUERA,,202602,0.0,266.77,-57.178646,-1.904838,-56.038912,-1.389687
2026-08-29,BR1159_0,protected_areas,Brazil,BR,FLORESTA NACIONAL DE URUPADI,,201800,1084.49,1084.49,-58.919971,-6.606474,-57.836624,-5.548479
2026-08-29,BR1159_0,protected_areas,Brazil,BR,FLORESTA NACIONAL DE URUPADI,,201900,224.3,1308.79,-58.919971,-6.606474,-57.836624,-5.548479
2026-08-29,BR1159_0,protected_areas,Brazil,BR,FLORESTA NACIONAL DE URUPADI,,202000,228.31,1537.1,-58.919971,-6.606474,-57.836624,-5.548479
2026-08-29,BR1159_0,protected_areas,Brazil,BR,FLORESTA NACIONAL DE URUPADI,,202100,405.7,1942.8,-58.919971,-6.606474,-57.836624,-5.548479
2026-08-29,BR1159_0,protected_areas,Brazil,BR,FLORESTA NACIONAL DE URUPADI,,202200,532.39,2475.19,-58.919971,-6.606474,-57.836624,-5.548479
2026-08-29,BR1159_0,protected_areas,Brazil,BR,FLORESTA NACIONAL DE URUPADI,,202300,554.15,3029.34,-58.919971,-6.606474,-57.836624,-5.548479
2026-08-29,BR1159_0,protected_areas,Brazil,BR,FLORESTA NACIONAL DE URUPADI,,202400,217.89,3247.23,-58.919971,-6.606474,-57.836624,-5.548479
2026-08-29,BR1159_0,protected_areas,Brazil,BR,FLORESTA NACIONAL DE URUPADI,,202501,9.48,3256.71,-58.919971,-6.606474,-57.836624,-5.548479
2026-08-29,BR1159_0,protected_areas,Brazil,BR,FLORESTA NACIONAL DE URUPADI,,202502,103.25,3359.96,-58.919971,-6.606474,-57.836624,-5.548479
2026-08-29,BR1159_0,protected_areas,Brazil,BR,FLORESTA NACIONAL DE URUPADI,,202503,74.87,3434.83,-58.919971,-6.606474,-57.836624,-5.548479
2026-08-29,BR1159_0,protected_areas,Brazil,BR,FLORESTA NACIONAL DE URUPADI,,202504,35.01,3469.84,-58.919971,-6.606474,-57.836624,-5.548479
2026-08-29,BR1159_0,protected_areas,Brazil,BR,FLORESTA NACIONAL DE URUPADI,,202601,15.56,3485.39,-58.919971,-6.606474,-57.836624,-5.548479
2026-08-29,BR1159_0,protected_areas,Brazil,BR,FLORESTA NACIONAL DE URUPADI,,202602,142.24,3627.63,-58.919971,-6.606474,-57.836624,-5.548479
2026-08-29,BR1018_0,protected_areas,Brazil,BR,FLORESTA NACIONAL DO AMANÁ,,201800,6310.65,6310.65,-58.031212,-6.00358,-56.974854,-4.71493
2026-08-29,BR1018_0,protected_areas,Brazil,BR,FLORESTA NACIONAL DO AMANÁ,,201900,1256.42,7567.07,-58.031212,-6.00358,-56.974854,-4.71493
2026-08-29,BR1018_0,protected_areas,Brazil,BR,FLORESTA NACIONAL DO AMANÁ,,202000,1382.88,8949.95,-58.031212,-6.00358,-56.974854,-4.71493
2026-08-29,BR1018_0,protected_areas,Brazil,BR,FLORESTA NACIONAL DO AMANÁ,,202100,1815.9,10765.85,-58.031212,-6.00358,-56.974854,-4.71493
2026-08-29,BR1018_0,protected_areas,Brazil,BR,FLORESTA NACIONAL DO AMANÁ,,202200,1603.86,12369.71,-58.031212,-6.00358,-56.974854,-4.71493
2026-08-29,BR1018_0,protected_areas,Brazil,BR,FLORESTA NACIONAL DO AMANÁ,,202300,877.66,13247.37,-58.031212,-6.00358,-56.974854,-4.71493
2026-08-29,BR1018_0,protected_areas,Brazil,BR,FLORESTA NACIONAL DO AMANÁ,,202400,541.77,13789.14,-58.031212,-6.00358,-56.974854,-4.71493
2026-08-29,BR1018_0,protected_areas,Brazil,BR,FLORESTA NACIONAL DO AMANÁ,,202501,7.33,13796.47,-58.031212,-6.00358,-56.974854,-4.71493
2026-08-29,BR1018_0,protected_areas,Brazil,BR,FLORESTA NACIONAL DO AMANÁ,,202502,184.39,13980.86,-58.031212,-6.00358,-56.974854,-4.71493
2026-08-29,BR1018_0,protected_areas,Brazil,BR,FLORESTA NACIONAL DO AMANÁ,,202503,159.12,14139.98,-58.031212,-6.00358,-56.974854,-4.71493
2026-08-29,BR1018_0,protected_areas,Brazil,BR,FLORESTA NACIONAL DO AMANÁ,,202504,0.28,14140.26,-58.031212,-6.00358,-56.974854,-4.71493
2026-08-29,BR1018_0,protected_areas,Brazil,BR,FLORESTA NACIONAL DO AMANÁ,,202601,17.17,14157.43,-58.031212,-6.00358,-56.974854,-4.71493
2026-08-29,BR1018_0,protected_areas,Brazil,BR,FLORESTA NACIONAL DO AMANÁ,,202602,284.98,14442.41,-58.031212,-6.00358,-56.974854,-4.71493
2026-08-29,BR561_0,protected_areas,Brazil,BR,FLORESTA NACIONAL DO CREPORI,,201800,2013.09,2013.09,-57.523135,-7.224969,-56.598858,-5.881983
2026-08-29,BR561_0,protected_areas,Brazil,BR,FLORESTA NACIONAL DO CREPORI,,201900,525.58,2538.67,-57.523135,-7.224969,-56.598858,-5.881983
2026-08-29,BR561_0,protected_areas,Brazil,BR,FLORESTA NACIONAL DO CREPORI,,202000,453.45,2992.12,-57.523135,-7.224969,-56.598858,-5.881983
2026-08-29,BR561_0,protected_areas,Brazil,BR,FLORESTA NACIONAL DO CREPORI,,202100,469.75,3461.87,-57.523135,-7.224969,-56.598858,-5.881983
2026-08-29,BR561_0,protected_areas,Brazil,BR,FLORESTA NACIONAL DO CREPORI,,202200,498.82,3960.69,-57.523135,-7.224969,-56.598858,-5.881983
2026-08-29,BR561_0,protected_areas,Brazil,BR,FLORESTA NACIONAL DO CREPORI,,202300,223.23,4183.93,-57.523135,-7.224969,-56.598858,-5.881983
2026-08-29,BR561_0,protected_areas,Brazil,BR,FLORESTA NACIONAL DO CREPORI,,202400,106.83,4290.75,-57.523135,-7.224969,-56.598858,-5.881983
2026-08-29,BR561_0,protected_areas,Brazil,BR,FLORESTA NACIONAL DO CREPORI,,202501,0.0,4290.75,-57.523135,-7.224969,-56.598858,-5.881983
2026-08-29,BR561_0,protected_areas,Brazil,BR,FLORESTA NACIONAL DO CREPORI,,202502,48.24,4338.99,-57.523135,-7.224969,-56.598858,-5.881983
2026-08-29,BR561_0,protected_areas,Brazil,BR,FLORESTA NACIONAL DO CREPORI,,202503,7.8,4346.79,-57.523135,-7.224969,-56.598858,-5.881983
2026-08-29,BR561_0,protected_areas,Brazil,BR,FLORESTA NACIONAL DO CREPORI,,202504,58.13,4404.92,-57.523135,-7.224969,-56.598858,-5.881983
2026-08-29,BR561_0,protected_areas,Brazil,BR,FLORESTA NACIONAL DO CREPORI,,202601,0.0,4404.92,-57.523135,-7.224969,-56.598858,-5.881983
2026-08-29,BR561_0,protected_areas,Brazil,BR,FLORESTA NACIONAL DO CREPORI,,202602,63.42,4468.34,-57.523135,-7.224969,-56.598858,-5.881983
2026-08-29,BR1936_0,protected_areas,Brazil,BR,FLORESTA NACIONAL DO JAMANXIM,,201800,370.07,370.07,-56.254879,-8.614433,-55.235741,-6.350261
2026-08-29,BR1936_0,protected_areas,Brazil,BR,FLORESTA NACIONAL DO JAMANXIM,,201900,410.31,780.37,-56.254879,-8.614433,-55.235741,-6.350261
2026-08-29,BR1936_0,protected_areas,Brazil,BR,FLORESTA NACIONAL DO JAMANXIM,,202000,451.64,1232.01,-56.254879,-8.614433,-55.235741,-6.350261
2026-08-29,BR1936_0,protected_areas,Brazil,BR,FLORESTA NACIONAL DO JAMANXIM,,202100,587.97,1819.98,-56.254879,-8.614433,-55.235741,-6.350261
2026-08-29,BR1936_0,protected_areas,Brazil,BR,FLORESTA NACIONAL DO JAMANXIM,,202200,319.12,2139.1,-56.254879,-8.614433,-55.235741,-6.350261
2026-08-29,BR1936_0,protected_areas,Brazil,BR,FLORESTA NACIONAL DO JAMANXIM,,202300,282.57,2421.66,-56.254879,-8.614433,-55.235741,-6.350261
2026-08-29,BR1936_0,protected_areas,Brazil,BR,FLORESTA NACIONAL DO JAMANXIM,,202400,176.33,2598.0,-56.254879,-8.614433,-55.235741,-6.350261
2026-08-29,BR1936_0,protected_areas,Brazil,BR,FLORESTA NACIONAL DO JAMANXIM,,202501,4.19,2602.19,-56.254879,-8.614433,-55.235741,-6.350261
2026-08-29,BR1936_0,protected_areas,Brazil,BR,FLORESTA NACIONAL DO JAMANXIM,,202502,357.98,2960.17,-56.254879,-8.614433,-55.235741,-6.350261
2026-08-29,BR1936_0,protected_areas,Brazil,BR,FLORESTA NACIONAL DO JAMANXIM,,202503,164.62,3124.78,-56.254879,-8.614433,-55.235741,-6.350261
2026-08-29,BR1936_0,protected_areas,Brazil,BR,FLORESTA NACIONAL DO JAMANXIM,,202504,71.55,3196.33,-56.254879,-8.614433,-55.235741,-6.350261
2026-08-29,BR1936_0,protected_areas,Brazil,BR,FLORESTA NACIONAL DO JAMANXIM,,202601,19.57,3215.9,-56.254879,-8.614433,-55.235741,-6.350261
2026-08-29,BR1936_0,protected_areas,Brazil,BR,FLORESTA NACIONAL DO JAMANXIM,,202602,767.99,3983.89,-56.254879,-8.614433,-55.235741,-6.350261
2026-08-29,BR213_0,protected_areas,Brazil,BR,FLORESTA NACIONAL DO JAMARI,,201800,595.56,595.56,-63.21358,-9.48186,-62.73508,-8.961409
2026-08-29,BR213_0,protected_areas,Brazil,BR,FLORESTA NACIONAL DO JAMARI,,201900,176.78,772.34,-63.21358,-9.48186,-62.73508,-8.961409
2026-08-29,BR213_0,protected_areas,Brazil,BR,FLORESTA NACIONAL DO JAMARI,,202000,127.96,900.3,-63.21358,-9.48186,-62.73508,-8.961409
2026-08-29,BR213_0,protected_areas,Brazil,BR,FLORESTA NACIONAL DO JAMARI,,202100,38.16,938.46,-63.21358,-9.48186,-62.73508,-8.961409
2026-08-29,BR213_0,protected_areas,Brazil,BR,FLORESTA NACIONAL DO JAMARI,,202200,12.19,950.65,-63.21358,-9.48186,-62.73508,-8.961409
2026-08-29,BR213_0,protected_areas,Brazil,BR,FLORESTA NACIONAL DO JAMARI,,202300,84.15,1034.81,-63.21358,-9.48186,-62.73508,-8.961409
2026-08-29,BR213_0,protected_areas,Brazil,BR,FLORESTA NACIONAL DO JAMARI,,202400,46.44,1081.25,-63.21358,-9.48186,-62.73508,-8.961409
2026-08-29,BR213_0,protected_areas,Brazil,BR,FLORESTA NACIONAL DO JAMARI,,202501,0.0,1081.25,-63.21358,-9.48186,-62.73508,-8.961409
2026-08-29,BR213_0,protected_areas,Brazil,BR,FLORESTA NACIONAL DO JAMARI,,202502,9.16,1090.41,-63.21358,-9.48186,-62.73508,-8.961409
2026-08-29,BR213_0,protected_areas,Brazil,BR,FLORESTA NACIONAL DO JAMARI,,202503,3.34,1093.75,-63.21358,-9.48186,-62.73508,-8.961409
2026-08-29,BR213_0,protected_areas,Brazil,BR,FLORESTA NACIONAL DO JAMARI,,202504,0.0,1093.75,-63.21358,-9.48186,-62.73508,-8.961409
2026-08-29,BR213_0,protected_areas,Brazil,BR,FLORESTA NACIONAL DO JAMARI,,202601,15.4,1109.14,-63.21358,-9.48186,-62.73508,-8.961409
2026-08-29,BR213_0,protected_areas,Brazil,BR,FLORESTA NACIONAL DO JAMARI,,202602,11.93,1121.08,-63.21358,-9.48186,-62.73508,-8.961409
2026-08-29,BR1974_0,protected_areas,Brazil,BR,FLORESTA NACIONAL DO TRAIRÃO,,201800,0.0,0.0,-55.951344,-5.276227,-55.137027,-4.465983
2026-08-29,BR1974_0,protected_areas,Brazil,BR,FLORESTA NACIONAL DO TRAIRÃO,,201900,0.0,0.0,-55.951344,-5.276227,-55.137027,-4.465983
2026-08-29,BR1974_0,protected_areas,Brazil,BR,FLORESTA NACIONAL DO TRAIRÃO,,202000,0.0,0.0,-55.951344,-5.276227,-55.137027,-4.465983
2026-08-29,BR1974_0,protected_areas,Brazil,BR,FLORESTA NACIONAL DO TRAIRÃO,,202100,17.1,17.1,-55.951344,-5.276227,-55.137027,-4.465983
2026-08-29,BR1974_0,protected_areas,Brazil,BR,FLORESTA NACIONAL DO TRAIRÃO,,202200,46.87,63.96,-55.951344,-5.276227,-55.137027,-4.465983
2026-08-29,BR1974_0,protected_areas,Brazil,BR,FLORESTA NACIONAL DO TRAIRÃO,,202300,38.4,102.36,-55.951344,-5.276227,-55.137027,-4.465983
2026-08-29,BR1974_0,protected_areas,Brazil,BR,FLORESTA NACIONAL DO TRAIRÃO,,202400,12.38,114.74,-55.951344,-5.276227,-55.137027,-4.465983
2026-08-29,BR1974_0,protected_areas,Brazil,BR,FLORESTA NACIONAL DO TRAIRÃO,,202501,0.0,114.74,-55.951344,-5.276227,-55.137027,-4.465983
2026-08-29,BR1974_0,protected_areas,Brazil,BR,FLORESTA NACIONAL DO TRAIRÃO,,202502,0.0,114.74,-55.951344,-5.276227,-55.137027,-4.465983
2026-08-29,BR1974_0,protected_areas,Brazil,BR,FLORESTA NACIONAL DO TRAIRÃO,,202503,0.13,114.87,-55.951344,-5.276227,-55.137027,-4.465983
2026-08-29,BR1974_0,protected_areas,Brazil,BR,FLORESTA NACIONAL DO TRAIRÃO,,202504,0.0,114.87,-55.951344,-5.276227,-55.137027,-4.465983
2026-08-29,BR1974_0,protected_areas,Brazil,BR,FLORESTA NACIONAL DO TRAIRÃO,,202601,0.0,114.87,-55.951344,-5.276227,-55.137027,-4.465983
2026-08-29,BR1974_0,protected_areas,Brazil,BR,FLORESTA NACIONAL DO TRAIRÃO,,202602,8.61,123.48,-55.951344,-5.276227,-55.137027,-4.465983
2026-08-29,BR1346_0,protected_areas,Brazil,BR,PARQUE ESTADUAL IGARAPÉS DO JURUENA,,201800,5.97,5.97,-59.469702,-9.002676,-58.446042,-8.800392
2026-08-29,BR1346_0,protected_areas,Brazil,BR,PARQUE ESTADUAL IGARAPÉS DO JURUENA,,201900,1.11,7.08,-59.469702,-9.002676,-58.446042,-8.800392
2026-08-29,BR1346_0,protected_areas,Brazil,BR,PARQUE ESTADUAL IGARAPÉS DO JURUENA,,202000,15.26,22.34,-59.469702,-9.002676,-58.446042,-8.800392
2026-08-29,BR1346_0,protected_areas,Brazil,BR,PARQUE ESTADUAL IGARAPÉS DO JURUENA,,202100,4.27,26.61,-59.469702,-9.002676,-58.446042,-8.800392
2026-08-29,BR1346_0,protected_areas,Brazil,BR,PARQUE ESTADUAL IGARAPÉS DO JURUENA,,202200,0.0,26.61,-59.469702,-9.002676,-58.446042,-8.800392
2026-08-29,BR1346_0,protected_areas,Brazil,BR,PARQUE ESTADUAL IGARAPÉS DO JURUENA,,202300,0.0,26.61,-59.469702,-9.002676,-58.446042,-8.800392
2026-08-29,BR1346_0,protected_areas,Brazil,BR,PARQUE ESTADUAL IGARAPÉS DO JURUENA,,202400,0.61,27.22,-59.469702,-9.002676,-58.446042,-8.800392
2026-08-29,BR1346_0,protected_areas,Brazil,BR,PARQUE ESTADUAL IGARAPÉS DO JURUENA,,202501,0.0,27.22,-59.469702,-9.002676,-58.446042,-8.800392
2026-08-29,BR1346_0,protected_areas,Brazil,BR,PARQUE ESTADUAL IGARAPÉS DO JURUENA,,202502,0.0,27.22,-59.469702,-9.002676,-58.446042,-8.800392
2026-08-29,BR1346_0,protected_areas,Brazil,BR,PARQUE ESTADUAL IGARAPÉS DO JURUENA,,202503,0.0,27.22,-59.469702,-9.002676,-58.446042,-8.800392
2026-08-29,BR1346_0,protected_areas,Brazil,BR,PARQUE ESTADUAL IGARAPÉS DO JURUENA,,202504,0.0,27.22,-59.469702,-9.002676,-58.446042,-8.800392
2026-08-29,BR1346_0,protected_areas,Brazil,BR,PARQUE ESTADUAL IGARAPÉS DO JURUENA,,202601,0.0,27.22,-59.469702,-9.002676,-58.446042,-8.800392
2026-08-29,BR1346_0,protected_areas,Brazil,BR,PARQUE ESTADUAL IGARAPÉS DO JURUENA,,202602,106.81,134.03,-59.469702,-9.002676,-58.446042,-8.800392
2026-08-29,BR1817_0,protected_areas,Brazil,BR,PARQUE NACIONAL DA AMAZÔNIA,,201800,0.0,0.0,-57.474452,-4.948258,-55.992728,-3.650048
2026-08-29,BR1817_0,protected_areas,Brazil,BR,PARQUE NACIONAL DA AMAZÔNIA,,201900,0.0,0.0,-57.474452,-4.948258,-55.992728,-3.650048
2026-08-29,BR1817_0,protected_areas,Brazil,BR,PARQUE NACIONAL DA AMAZÔNIA,,202000,0.0,0.0,-57.474452,-4.948258,-55.992728,-3.650048
2026-08-29,BR1817_0,protected_areas,Brazil,BR,PARQUE NACIONAL DA AMAZÔNIA,,202100,0.0,0.0,-57.474452,-4.948258,-55.992728,-3.650048
2026-08-29,BR1817_0,protected_areas,Brazil,BR,PARQUE NACIONAL DA AMAZÔNIA,,202200,17.86,17.86,-57.474452,-4.948258,-55.992728,-3.650048
2026-08-29,BR1817_0,protected_areas,Brazil,BR,PARQUE NACIONAL DA AMAZÔNIA,,202300,11.49,29.35,-57.474452,-4.948258,-55.992728,-3.650048
2026-08-29,BR1817_0,protected_areas,Brazil,BR,PARQUE NACIONAL DA AMAZÔNIA,,202400,14.02,43.37,-57.474452,-4.948258,-55.992728,-3.650048
2026-08-29,BR1817_0,protected_areas,Brazil,BR,PARQUE NACIONAL DA AMAZÔNIA,,202501,0.0,43.37,-57.474452,-4.948258,-55.992728,-3.650048
2026-08-29,BR1817_0,protected_areas,Brazil,BR,PARQUE NACIONAL DA AMAZÔNIA,,202502,0.0,43.37,-57.474452,-4.948258,-55.992728,-3.650048
2026-08-29,BR1817_0,protected_areas,Brazil,BR,PARQUE NACIONAL DA AMAZÔNIA,,202503,4.91,48.28,-57.474452,-4.948258,-55.992728,-3.650048
2026-08-29,BR1817_0,protected_areas,Brazil,BR,PARQUE NACIONAL DA AMAZÔNIA,,202504,0.0,48.28,-57.474452,-4.948258,-55.992728,-3.650048
2026-08-29,BR1817_0,protected_areas,Brazil,BR,PARQUE NACIONAL DA AMAZÔNIA,,202601,0.0,48.28,-57.474452,-4.948258,-55.992728,-3.650048
2026-08-29,BR1817_0,protected_areas,Brazil,BR,PARQUE NACIONAL DA AMAZÔNIA,,202602,0.0,48.28,-57.474452,-4.948258,-55.992728,-3.650048
2026-08-29,BR1220_0,protected_areas,Brazil,BR,PARQUE NACIONAL DA SERRA DO PARDO,,201800,0.0,0.0,-53.44982,-6.137322,-52.563772,-5.480353
2026-08-29,BR1220_0,protected_areas,Brazil,BR,PARQUE NACIONAL DA SERRA DO PARDO,,201900,0.0,0.0,-53.44982,-6.137322,-52.563772,-5.480353
2026-08-29,BR1220_0,protected_areas,Brazil,BR,PARQUE NACIONAL DA SERRA DO PARDO,,202000,12.95,12.95,-53.44982,-6.137322,-52.563772,-5.480353
2026-08-29,BR1220_0,protected_areas,Brazil,BR,PARQUE NACIONAL DA SERRA DO PARDO,,202100,4.27,17.22,-53.44982,-6.137322,-52.563772,-5.480353
2026-08-29,BR1220_0,protected_areas,Brazil,BR,PARQUE NACIONAL DA SERRA DO PARDO,,202200,0.0,17.22,-53.44982,-6.137322,-52.563772,-5.480353
2026-08-29,BR1220_0,protected_areas,Brazil,BR,PARQUE NACIONAL DA SERRA DO PARDO,,202300,0.29,17.52,-53.44982,-6.137322,-52.563772,-5.480353
2026-08-29,BR1220_0,protected_areas,Brazil,BR,PARQUE NACIONAL DA SERRA DO PARDO,,202400,0.0,17.52,-53.44982,-6.137322,-52.563772,-5.480353
2026-08-29,BR1220_0,protected_areas,Brazil,BR,PARQUE NACIONAL DA SERRA DO PARDO,,202501,0.0,17.52,-53.44982,-6.137322,-52.563772,-5.480353
2026-08-29,BR1220_0,protected_areas,Brazil,BR,PARQUE NACIONAL DA SERRA DO PARDO,,202502,0.0,17.52,-53.44982,-6.137322,-52.563772,-5.480353
2026-08-29,BR1220_0,protected_areas,Brazil,BR,PARQUE NACIONAL DA SERRA DO PARDO,,202503,0.0,17.52,-53.44982,-6.137322,-52.563772,-5.480353
2026-08-29,BR1220_0,protected_areas,Brazil,BR,PARQUE NACIONAL DA SERRA DO PARDO,,202504,0.0,17.52,-53.44982,-6.137322,-52.563772,-5.480353
2026-08-29,BR1220_0,protected_areas,Brazil,BR,PARQUE NACIONAL DA SERRA DO PARDO,,202601,0.0,17.52,-53.44982,-6.137322,-52.563772,-5.480353
2026-08-29,BR1220_0,protected_areas,Brazil,BR,PARQUE NACIONAL DA SERRA DO PARDO,,202602,0.0,17.52,-53.44982,-6.137322,-52.563772,-5.480353
2026-08-29,BR890_0,protected_areas,Brazil,BR,PARQUE NACIONAL DO ACARI,,201800,83.71,83.71,-59.886272,-6.756244,-58.801006,-5.652799
2026-08-29,BR890_0,protected_areas,Brazil,BR,PARQUE NACIONAL DO ACARI,,201900,4.34,88.05,-59.886272,-6.756244,-58.801006,-5.652799
2026-08-29,BR890_0,protected_areas,Brazil,BR,PARQUE NACIONAL DO ACARI,,202000,3.47,91.52,-59.886272,-6.756244,-58.801006,-5.652799
2026-08-29,BR890_0,protected_areas,Brazil,BR,PARQUE NACIONAL DO ACARI,,202100,16.05,107.57,-59.886272,-6.756244,-58.801006,-5.652799
2026-08-29,BR890_0,protected_areas,Brazil,BR,PARQUE NACIONAL DO ACARI,,202200,13.6,121.17,-59.886272,-6.756244,-58.801006,-5.652799
2026-08-29,BR890_0,protected_areas,Brazil,BR,PARQUE NACIONAL DO ACARI,,202300,0.72,121.89,-59.886272,-6.756244,-58.801006,-5.652799
2026-08-29,BR890_0,protected_areas,Brazil,BR,PARQUE NACIONAL DO ACARI,,202400,2.84,124.74,-59.886272,-6.756244,-58.801006,-5.652799
2026-08-29,BR890_0,protected_areas,Brazil,BR,PARQUE NACIONAL DO ACARI,,202501,0.0,124.74,-59.886272,-6.756244,-58.801006,-5.652799
2026-08-29,BR890_0,protected_areas,Brazil,BR,PARQUE NACIONAL DO ACARI,,202502,0.0,124.74,-59.886272,-6.756244,-58.801006,-5.652799
2026-08-29,BR890_0,protected_areas,Brazil,BR,PARQUE NACIONAL DO ACARI,,202503,4.56,129.29,-59.886272,-6.756244,-58.801006,-5.652799
2026-08-29,BR890_0,protected_areas,Brazil,BR,PARQUE NACIONAL DO ACARI,,202504,0.0,129.29,-59.886272,-6.756244,-58.801006,-5.652799
2026-08-29,BR890_0,protected_areas,Brazil,BR,PARQUE NACIONAL DO ACARI,,202601,0.0,129.29,-59.886272,-6.756244,-58.801006,-5.652799
2026-08-29,BR890_0,protected_areas,Brazil,BR,PARQUE NACIONAL DO ACARI,,202602,0.0,129.29,-59.886272,-6.756244,-58.801006,-5.652799
2026-08-29,BR2009_0,protected_areas,Brazil,BR,PARQUE NACIONAL DO JAMANXIM,,201800,909.47,909.47,-56.441101,-6.18539,-55.256401,-5.02632
2026-08-29,BR2009_0,protected_areas,Brazil,BR,PARQUE NACIONAL DO JAMANXIM,,201900,313.82,1223.3,-56.441101,-6.18539,-55.256401,-5.02632
2026-08-29,BR2009_0,protected_areas,Brazil,BR,PARQUE NACIONAL DO JAMANXIM,,202000,359.01,1582.3,-56.441101,-6.18539,-55.256401,-5.02632
2026-08-29,BR2009_0,protected_areas,Brazil,BR,PARQUE NACIONAL DO JAMANXIM,,202100,145.34,1727.64,-56.441101,-6.18539,-55.256401,-5.02632
2026-08-29,BR2009_0,protected_areas,Brazil,BR,PARQUE NACIONAL DO JAMANXIM,,202200,196.09,1923.73,-56.441101,-6.18539,-55.256401,-5.02632
2026-08-29,BR2009_0,protected_areas,Brazil,BR,PARQUE NACIONAL DO JAMANXIM,,202300,131.02,2054.75,-56.441101,-6.18539,-55.256401,-5.02632
2026-08-29,BR2009_0,protected_areas,Brazil,BR,PARQUE NACIONAL DO JAMANXIM,,202400,86.49,2141.25,-56.441101,-6.18539,-55.256401,-5.02632
2026-08-29,BR2009_0,protected_areas,Brazil,BR,PARQUE NACIONAL DO JAMANXIM,,202501,0.0,2141.25,-56.441101,-6.18539,-55.256401,-5.02632
2026-08-29,BR2009_0,protected_areas,Brazil,BR,PARQUE NACIONAL DO JAMANXIM,,202502,24.96,2166.21,-56.441101,-6.18539,-55.256401,-5.02632
2026-08-29,BR2009_0,protected_areas,Brazil,BR,PARQUE NACIONAL DO JAMANXIM,,202503,38.78,2204.99,-56.441101,-6.18539,-55.256401,-5.02632
2026-08-29,BR2009_0,protected_areas,Brazil,BR,PARQUE NACIONAL DO JAMANXIM,,202504,0.0,2204.99,-56.441101,-6.18539,-55.256401,-5.02632
2026-08-29,BR2009_0,protected_areas,Brazil,BR,PARQUE NACIONAL DO JAMANXIM,,202601,0.0,2204.99,-56.441101,-6.18539,-55.256401,-5.02632
2026-08-29,BR2009_0,protected_areas,Brazil,BR,PARQUE NACIONAL DO JAMANXIM,,202602,7.25,2212.24,-56.441101,-6.18539,-55.256401,-5.02632
2026-08-29,BR1326_0,protected_areas,Brazil,BR,PARQUE NACIONAL DO JURUENA,,201800,203.65,203.65,-59.366909,-9.200163,-57.664729,-6.881476
2026-08-29,BR1326_0,protected_areas,Brazil,BR,PARQUE NACIONAL DO JURUENA,,201900,74.16,277.81,-59.366909,-9.200163,-57.664729,-6.881476
2026-08-29,BR1326_0,protected_areas,Brazil,BR,PARQUE NACIONAL DO JURUENA,,202000,99.97,377.78,-59.366909,-9.200163,-57.664729,-6.881476
2026-08-29,BR1326_0,protected_areas,Brazil,BR,PARQUE NACIONAL DO JURUENA,,202100,81.56,459.34,-59.366909,-9.200163,-57.664729,-6.881476
2026-08-29,BR1326_0,protected_areas,Brazil,BR,PARQUE NACIONAL DO JURUENA,,202200,69.37,528.71,-59.366909,-9.200163,-57.664729,-6.881476
2026-08-29,BR1326_0,protected_areas,Brazil,BR,PARQUE NACIONAL DO JURUENA,,202300,82.55,611.26,-59.366909,-9.200163,-57.664729,-6.881476
2026-08-29,BR1326_0,protected_areas,Brazil,BR,PARQUE NACIONAL DO JURUENA,,202400,85.85,697.11,-59.366909,-9.200163,-57.664729,-6.881476
2026-08-29,BR1326_0,protected_areas,Brazil,BR,PARQUE NACIONAL DO JURUENA,,202501,4.38,701.49,-59.366909,-9.200163,-57.664729,-6.881476
2026-08-29,BR1326_0,protected_areas,Brazil,BR,PARQUE NACIONAL DO JURUENA,,202502,79.85,781.35,-59.366909,-9.200163,-57.664729,-6.881476
2026-08-29,BR1326_0,protected_areas,Brazil,BR,PARQUE NACIONAL DO JURUENA,,202503,3.03,784.38,-59.366909,-9.200163,-57.664729,-6.881476
2026-08-29,BR1326_0,protected_areas,Brazil,BR,PARQUE NACIONAL DO JURUENA,,202504,3.92,788.3,-59.366909,-9.200163,-57.664729,-6.881476
2026-08-29,BR1326_0,protected_areas,Brazil,BR,PARQUE NACIONAL DO JURUENA,,202601,0.0,788.3,-59.366909,-9.200163,-57.664729,-6.881476
2026-08-29,BR1326_0,protected_areas,Brazil,BR,PARQUE NACIONAL DO JURUENA,,202602,132.83,921.12,-59.366909,-9.200163,-57.664729,-6.881476
2026-08-29,BR1677_0,protected_areas,Brazil,BR,PARQUE NACIONAL DO RIO NOVO,,201800,2309.12,2309.12,-57.114971,-8.276291,-55.719818,-7.20651
2026-08-29,BR1677_0,protected_areas,Brazil,BR,PARQUE NACIONAL DO RIO NOVO,,201900,231.87,2540.99,-57.114971,-8.276291,-55.719818,-7.20651
2026-08-29,BR1677_0,protected_areas,Brazil,BR,PARQUE NACIONAL DO RIO NOVO,,202000,253.2,2794.19,-57.114971,-8.276291,-55.719818,-7.20651
2026-08-29,BR1677_0,protected_areas,Brazil,BR,PARQUE NACIONAL DO RIO NOVO,,202100,263.53,3057.73,-57.114971,-8.276291,-55.719818,-7.20651
2026-08-29,BR1677_0,protected_areas,Brazil,BR,PARQUE NACIONAL DO RIO NOVO,,202200,304.64,3362.36,-57.114971,-8.276291,-55.719818,-7.20651
2026-08-29,BR1677_0,protected_areas,Brazil,BR,PARQUE NACIONAL DO RIO NOVO,,202300,167.02,3529.38,-57.114971,-8.276291,-55.719818,-7.20651
2026-08-29,BR1677_0,protected_areas,Brazil,BR,PARQUE NACIONAL DO RIO NOVO,,202400,295.59,3824.97,-57.114971,-8.276291,-55.719818,-7.20651
2026-08-29,BR1677_0,protected_areas,Brazil,BR,PARQUE NACIONAL DO RIO NOVO,,202501,10.16,3835.13,-57.114971,-8.276291,-55.719818,-7.20651
2026-08-29,BR1677_0,protected_areas,Brazil,BR,PARQUE NACIONAL DO RIO NOVO,,202502,121.04,3956.17,-57.114971,-8.276291,-55.719818,-7.20651
2026-08-29,BR1677_0,protected_areas,Brazil,BR,PARQUE NACIONAL DO RIO NOVO,,202503,156.71,4112.88,-57.114971,-8.276291,-55.719818,-7.20651
2026-08-29,BR1677_0,protected_areas,Brazil,BR,PARQUE NACIONAL DO RIO NOVO,,202504,104.72,4217.6,-57.114971,-8.276291,-55.719818,-7.20651
2026-08-29,BR1677_0,protected_areas,Brazil,BR,PARQUE NACIONAL DO RIO NOVO,,202601,6.63,4224.23,-57.114971,-8.276291,-55.719818,-7.20651
2026-08-29,BR1677_0,protected_areas,Brazil,BR,PARQUE NACIONAL DO RIO NOVO,,202602,343.51,4567.74,-57.114971,-8.276291,-55.719818,-7.20651
2026-08-29,BR811_0,protected_areas,Brazil,BR,PARQUE NACIONAL DOS CAMPOS AMAZÔNICOS,,201800,0.0,0.0,-62.099931,-9.037364,-60.427728,-7.698728
2026-08-29,BR811_0,protected_areas,Brazil,BR,PARQUE NACIONAL DOS CAMPOS AMAZÔNICOS,,201900,0.0,0.0,-62.099931,-9.037364,-60.427728,-7.698728
2026-08-29,BR811_0,protected_areas,Brazil,BR,PARQUE NACIONAL DOS CAMPOS AMAZÔNICOS,,202000,0.0,0.0,-62.099931,-9.037364,-60.427728,-7.698728
2026-08-29,BR811_0,protected_areas,Brazil,BR,PARQUE NACIONAL DOS CAMPOS AMAZÔNICOS,,202100,0.0,0.0,-62.099931,-9.037364,-60.427728,-7.698728
2026-08-29,BR811_0,protected_areas,Brazil,BR,PARQUE NACIONAL DOS CAMPOS AMAZÔNICOS,,202200,4.7,4.7,-62.099931,-9.037364,-60.427728,-7.698728
2026-08-29,BR811_0,protected_areas,Brazil,BR,PARQUE NACIONAL DOS CAMPOS AMAZÔNICOS,,202300,60.89,65.59,-62.099931,-9.037364,-60.427728,-7.698728
2026-08-29,BR811_0,protected_areas,Brazil,BR,PARQUE NACIONAL DOS CAMPOS AMAZÔNICOS,,202400,113.57,179.16,-62.099931,-9.037364,-60.427728,-7.698728
2026-08-29,BR811_0,protected_areas,Brazil,BR,PARQUE NACIONAL DOS CAMPOS AMAZÔNICOS,,202501,0.0,179.16,-62.099931,-9.037364,-60.427728,-7.698728
2026-08-29,BR811_0,protected_areas,Brazil,BR,PARQUE NACIONAL DOS CAMPOS AMAZÔNICOS,,202502,175.67,354.83,-62.099931,-9.037364,-60.427728,-7.698728
2026-08-29,BR811_0,protected_areas,Brazil,BR,PARQUE NACIONAL DOS CAMPOS AMAZÔNICOS,,202503,18.83,373.66,-62.099931,-9.037364,-60.427728,-7.698728
2026-08-29,BR811_0,protected_areas,Brazil,BR,PARQUE NACIONAL DOS CAMPOS AMAZÔNICOS,,202504,10.41,384.07,-62.099931,-9.037364,-60.427728,-7.698728
2026-08-29,BR811_0,protected_areas,Brazil,BR,PARQUE NACIONAL DOS CAMPOS AMAZÔNICOS,,202601,0.0,384.07,-62.099931,-9.037364,-60.427728,-7.698728
2026-08-29,BR811_0,protected_areas,Brazil,BR,PARQUE NACIONAL DOS CAMPOS AMAZÔNICOS,,202602,18.96,403.03,-62.099931,-9.037364,-60.427728,-7.698728
2026-08-29,BR1190_0,protected_areas,Brazil,BR,PARQUE NACIONAL MAPINGUARI,,201800,300.09,300.09,-65.680733,-9.607856,-63.568075,-7.398495
2026-08-29,BR1190_0,protected_areas,Brazil,BR,PARQUE NACIONAL MAPINGUARI,,201900,49.98,350.07,-65.680733,-9.607856,-63.568075,-7.398495
2026-08-29,BR1190_0,protected_areas,Brazil,BR,PARQUE NACIONAL MAPINGUARI,,202000,2.95,353.02,-65.680733,-9.607856,-63.568075,-7.398495
2026-08-29,BR1190_0,protected_areas,Brazil,BR,PARQUE NACIONAL MAPINGUARI,,202100,7.49,360.51,-65.680733,-9.607856,-63.568075,-7.398495
2026-08-29,BR1190_0,protected_areas,Brazil,BR,PARQUE NACIONAL MAPINGUARI,,202200,19.96,380.48,-65.680733,-9.607856,-63.568075,-7.398495
2026-08-29,BR1190_0,protected_areas,Brazil,BR,PARQUE NACIONAL MAPINGUARI,,202300,2.63,383.1,-65.680733,-9.607856,-63.568075,-7.398495
2026-08-29,BR1190_0,protected_areas,Brazil,BR,PARQUE NACIONAL MAPINGUARI,,202400,33.81,416.92,-65.680733,-9.607856,-63.568075,-7.398495
2026-08-29,BR1190_0,protected_areas,Brazil,BR,PARQUE NACIONAL MAPINGUARI,,202501,0.0,416.92,-65.680733,-9.607856,-63.568075,-7.398495
2026-08-29,BR1190_0,protected_areas,Brazil,BR,PARQUE NACIONAL MAPINGUARI,,202502,56.39,473.31,-65.680733,-9.607856,-63.568075,-7.398495
2026-08-29,BR1190_0,protected_areas,Brazil,BR,PARQUE NACIONAL MAPINGUARI,,202503,17.6,490.91,-65.680733,-9.607856,-63.568075,-7.398495
2026-08-29,BR1190_0,protected_areas,Brazil,BR,PARQUE NACIONAL MAPINGUARI,,202504,0.0,490.91,-65.680733,-9.607856,-63.568075,-7.398495
2026-08-29,BR1190_0,protected_areas,Brazil,BR,PARQUE NACIONAL MAPINGUARI,,202601,0.0,490.91,-65.680733,-9.607856,-63.568075,-7.398495
2026-08-29,BR1190_0,protected_areas,Brazil,BR,PARQUE NACIONAL MAPINGUARI,,202602,52.18,543.09,-65.680733,-9.607856,-63.568075,-7.398495
2026-08-29,BR18_0,protected_areas,Brazil,BR,PARQUE NACIONAL MONTANHAS DO TUMUCUMAQUE,,201800,49.75,49.75,-54.790966,0.684281,-51.57172,3.509328
2026-08-29,BR18_0,protected_areas,Brazil,BR,PARQUE NACIONAL MONTANHAS DO TUMUCUMAQUE,,201900,8.64,58.39,-54.790966,0.684281,-51.57172,3.509328
2026-08-29,BR18_0,protected_areas,Brazil,BR,PARQUE NACIONAL MONTANHAS DO TUMUCUMAQUE,,202000,33.07,91.46,-54.790966,0.684281,-51.57172,3.509328
2026-08-29,BR18_0,protected_areas,Brazil,BR,PARQUE NACIONAL MONTANHAS DO TUMUCUMAQUE,,202100,15.6,107.06,-54.790966,0.684281,-51.57172,3.509328
2026-08-29,BR18_0,protected_areas,Brazil,BR,PARQUE NACIONAL MONTANHAS DO TUMUCUMAQUE,,202200,91.11,198.17,-54.790966,0.684281,-51.57172,3.509328
2026-08-29,BR18_0,protected_areas,Brazil,BR,PARQUE NACIONAL MONTANHAS DO TUMUCUMAQUE,,202300,84.96,283.13,-54.790966,0.684281,-51.57172,3.509328
2026-08-29,BR18_0,protected_areas,Brazil,BR,PARQUE NACIONAL MONTANHAS DO TUMUCUMAQUE,,202400,25.23,308.36,-54.790966,0.684281,-51.57172,3.509328
2026-08-29,BR18_0,protected_areas,Brazil,BR,PARQUE NACIONAL MONTANHAS DO TUMUCUMAQUE,,202501,0.0,308.36,-54.790966,0.684281,-51.57172,3.509328
2026-08-29,BR18_0,protected_areas,Brazil,BR,PARQUE NACIONAL MONTANHAS DO TUMUCUMAQUE,,202502,74.55,382.91,-54.790966,0.684281,-51.57172,3.509328
2026-08-29,BR18_0,protected_areas,Brazil,BR,PARQUE NACIONAL MONTANHAS DO TUMUCUMAQUE,,202503,23.93,406.84,-54.790966,0.684281,-51.57172,3.509328
2026-08-29,BR18_0,protected_areas,Brazil,BR,PARQUE NACIONAL MONTANHAS DO TUMUCUMAQUE,,202504,10.98,417.82,-54.790966,0.684281,-51.57172,3.509328
2026-08-29,BR18_0,protected_areas,Brazil,BR,PARQUE NACIONAL MONTANHAS DO TUMUCUMAQUE,,202601,12.87,430.68,-54.790966,0.684281,-51.57172,3.509328
2026-08-29,BR18_0,protected_areas,Brazil,BR,PARQUE NACIONAL MONTANHAS DO TUMUCUMAQUE,,202602,92.44,523.12,-54.790966,0.684281,-51.57172,3.509328
2026-08-29,BR997_0,protected_areas,Brazil,BR,RESERVA BIOLÓGICA DE MAICURU,,201800,130.66,130.66,-54.901149,-0.32194,-53.530287,1.84933
2026-08-29,BR997_0,protected_areas,Brazil,BR,RESERVA BIOLÓGICA DE MAICURU,,201900,86.36,217.02,-54.901149,-0.32194,-53.530287,1.84933
2026-08-29,BR997_0,protected_areas,Brazil,BR,RESERVA BIOLÓGICA DE MAICURU,,202000,115.94,332.96,-54.901149,-0.32194,-53.530287,1.84933
2026-08-29,BR997_0,protected_areas,Brazil,BR,RESERVA BIOLÓGICA DE MAICURU,,202100,161.31,494.27,-54.901149,-0.32194,-53.530287,1.84933
2026-08-29,BR997_0,protected_areas,Brazil,BR,RESERVA BIOLÓGICA DE MAICURU,,202200,65.14,559.41,-54.901149,-0.32194,-53.530287,1.84933
2026-08-29,BR997_0,protected_areas,Brazil,BR,RESERVA BIOLÓGICA DE MAICURU,,202300,106.47,665.88,-54.901149,-0.32194,-53.530287,1.84933
2026-08-29,BR997_0,protected_areas,Brazil,BR,RESERVA BIOLÓGICA DE MAICURU,,202400,24.86,690.74,-54.901149,-0.32194,-53.530287,1.84933
2026-08-29,BR997_0,protected_areas,Brazil,BR,RESERVA BIOLÓGICA DE MAICURU,,202501,7.69,698.42,-54.901149,-0.32194,-53.530287,1.84933
2026-08-29,BR997_0,protected_areas,Brazil,BR,RESERVA BIOLÓGICA DE MAICURU,,202502,2.77,701.2,-54.901149,-0.32194,-53.530287,1.84933
2026-08-29,BR997_0,protected_areas,Brazil,BR,RESERVA BIOLÓGICA DE MAICURU,,202503,0.0,701.2,-54.901149,-0.32194,-53.530287,1.84933
2026-08-29,BR997_0,protected_areas,Brazil,BR,RESERVA BIOLÓGICA DE MAICURU,,202504,20.3,721.49,-54.901149,-0.32194,-53.530287,1.84933
2026-08-29,BR997_0,protected_areas,Brazil,BR,RESERVA BIOLÓGICA DE MAICURU,,202601,3.39,724.88,-54.901149,-0.32194,-53.530287,1.84933
2026-08-29,BR997_0,protected_areas,Brazil,BR,RESERVA BIOLÓGICA DE MAICURU,,202602,15.01,739.89,-54.901149,-0.32194,-53.530287,1.84933
2026-08-29,BR1651_0,protected_areas,Brazil,BR,RESERVA BIOLÓGICA NASCENTES SERRA DO CACHIMBO,,201800,0.0,0.0,-54.99113,-9.37375,-54.369369,-8.653617
2026-08-29,BR1651_0,protected_areas,Brazil,BR,RESERVA BIOLÓGICA NASCENTES SERRA DO CACHIMBO,,201900,18.36,18.36,-54.99113,-9.37375,-54.369369,-8.653617
2026-08-29,BR1651_0,protected_areas,Brazil,BR,RESERVA BIOLÓGICA NASCENTES SERRA DO CACHIMBO,,202000,11.47,29.82,-54.99113,-9.37375,-54.369369,-8.653617
2026-08-29,BR1651_0,protected_areas,Brazil,BR,RESERVA BIOLÓGICA NASCENTES SERRA DO CACHIMBO,,202100,0.31,30.13,-54.99113,-9.37375,-54.369369,-8.653617
2026-08-29,BR1651_0,protected_areas,Brazil,BR,RESERVA BIOLÓGICA NASCENTES SERRA DO CACHIMBO,,202200,0.07,30.2,-54.99113,-9.37375,-54.369369,-8.653617
2026-08-29,BR1651_0,protected_areas,Brazil,BR,RESERVA BIOLÓGICA NASCENTES SERRA DO CACHIMBO,,202300,0.0,30.2,-54.99113,-9.37375,-54.369369,-8.653617
2026-08-29,BR1651_0,protected_areas,Brazil,BR,RESERVA BIOLÓGICA NASCENTES SERRA DO CACHIMBO,,202400,0.0,30.2,-54.99113,-9.37375,-54.369369,-8.653617
2026-08-29,BR1651_0,protected_areas,Brazil,BR,RESERVA BIOLÓGICA NASCENTES SERRA DO CACHIMBO,,202501,0.0,30.2,-54.99113,-9.37375,-54.369369,-8.653617
2026-08-29,BR1651_0,protected_areas,Brazil,BR,RESERVA BIOLÓGICA NASCENTES SERRA DO CACHIMBO,,202502,26.22,56.42,-54.99113,-9.37375,-54.369369,-8.653617
2026-08-29,BR1651_0,protected_areas,Brazil,BR,RESERVA BIOLÓGICA NASCENTES SERRA DO CACHIMBO,,202503,9.6,66.02,-54.99113,-9.37375,-54.369369,-8.653617
2026-08-29,BR1651_0,protected_areas,Brazil,BR,RESERVA BIOLÓGICA NASCENTES SERRA DO CACHIMBO,,202504,0.0,66.02,-54.99113,-9.37375,-54.369369,-8.653617
2026-08-29,BR1651_0,protected_areas,Brazil,BR,RESERVA BIOLÓGICA NASCENTES SERRA DO CACHIMBO,,202601,0.0,66.02,-54.99113,-9.37375,-54.369369,-8.653617
2026-08-29,BR1651_0,protected_areas,Brazil,BR,RESERVA BIOLÓGICA NASCENTES SERRA DO CACHIMBO,,202602,91.64,157.66,-54.99113,-9.37375,-54.369369,-8.653617
2026-08-29,BR1380_0,protected_areas,Brazil,BR,RESERVA DE DESENVOLVIMENTO SUSTENTÁVEL CUJUBIM,,201800,42.98,42.98,-69.876363,-6.465158,-68.113835,-4.332427
2026-08-29,BR1380_0,protected_areas,Brazil,BR,RESERVA DE DESENVOLVIMENTO SUSTENTÁVEL CUJUBIM,,201900,24.32,67.3,-69.876363,-6.465158,-68.113835,-4.332427
2026-08-29,BR1380_0,protected_areas,Brazil,BR,RESERVA DE DESENVOLVIMENTO SUSTENTÁVEL CUJUBIM,,202000,0.23,67.53,-69.876363,-6.465158,-68.113835,-4.332427
2026-08-29,BR1380_0,protected_areas,Brazil,BR,RESERVA DE DESENVOLVIMENTO SUSTENTÁVEL CUJUBIM,,202100,60.06,127.6,-69.876363,-6.465158,-68.113835,-4.332427
2026-08-29,BR1380_0,protected_areas,Brazil,BR,RESERVA DE DESENVOLVIMENTO SUSTENTÁVEL CUJUBIM,,202200,152.34,279.93,-69.876363,-6.465158,-68.113835,-4.332427
2026-08-29,BR1380_0,protected_areas,Brazil,BR,RESERVA DE DESENVOLVIMENTO SUSTENTÁVEL CUJUBIM,,202300,57.98,337.91,-69.876363,-6.465158,-68.113835,-4.332427
2026-08-29,BR1380_0,protected_areas,Brazil,BR,RESERVA DE DESENVOLVIMENTO SUSTENTÁVEL CUJUBIM,,202400,15.26,353.16,-69.876363,-6.465158,-68.113835,-4.332427
2026-08-29,BR1380_0,protected_areas,Brazil,BR,RESERVA DE DESENVOLVIMENTO SUSTENTÁVEL CUJUBIM,,202501,0.0,353.16,-69.876363,-6.465158,-68.113835,-4.332427
2026-08-29,BR1380_0,protected_areas,Brazil,BR,RESERVA DE DESENVOLVIMENTO SUSTENTÁVEL CUJUBIM,,202502,0.0,353.16,-69.876363,-6.465158,-68.113835,-4.332427
2026-08-29,BR1380_0,protected_areas,Brazil,BR,RESERVA DE DESENVOLVIMENTO SUSTENTÁVEL CUJUBIM,,202503,0.0,353.16,-69.876363,-6.465158,-68.113835,-4.332427
2026-08-29,BR1380_0,protected_areas,Brazil,BR,RESERVA DE DESENVOLVIMENTO SUSTENTÁVEL CUJUBIM,,202504,0.0,353.16,-69.876363,-6.465158,-68.113835,-4.332427
2026-08-29,BR1380_0,protected_areas,Brazil,BR,RESERVA DE DESENVOLVIMENTO SUSTENTÁVEL CUJUBIM,,202601,0.0,353.16,-69.876363,-6.465158,-68.113835,-4.332427
2026-08-29,BR1380_0,protected_areas,Brazil,BR,RESERVA DE DESENVOLVIMENTO SUSTENTÁVEL CUJUBIM,,202602,0.0,353.16,-69.876363,-6.465158,-68.113835,-4.332427
2026-08-29,BR944_0,protected_areas,Brazil,BR,RESERVA DE DESENVOLVIMENTO SUSTENTáVEL DO RIO IRATAPURU,,201800,16.5,16.5,-53.178811,-0.484216,-52.166204,0.868052
2026-08-29,BR944_0,protected_areas,Brazil,BR,RESERVA DE DESENVOLVIMENTO SUSTENTáVEL DO RIO IRATAPURU,,201900,18.35,34.84,-53.178811,-0.484216,-52.166204,0.868052
2026-08-29,BR944_0,protected_areas,Brazil,BR,RESERVA DE DESENVOLVIMENTO SUSTENTáVEL DO RIO IRATAPURU,,202000,12.88,47.72,-53.178811,-0.484216,-52.166204,0.868052
2026-08-29,BR944_0,protected_areas,Brazil,BR,RESERVA DE DESENVOLVIMENTO SUSTENTáVEL DO RIO IRATAPURU,,202100,5.82,53.55,-53.178811,-0.484216,-52.166204,0.868052
2026-08-29,BR944_0,protected_areas,Brazil,BR,RESERVA DE DESENVOLVIMENTO SUSTENTáVEL DO RIO IRATAPURU,,202200,6.32,59.86,-53.178811,-0.484216,-52.166204,0.868052
2026-08-29,BR944_0,protected_areas,Brazil,BR,RESERVA DE DESENVOLVIMENTO SUSTENTáVEL DO RIO IRATAPURU,,202300,62.63,122.49,-53.178811,-0.484216,-52.166204,0.868052
2026-08-29,BR944_0,protected_areas,Brazil,BR,RESERVA DE DESENVOLVIMENTO SUSTENTáVEL DO RIO IRATAPURU,,202400,55.52,178.01,-53.178811,-0.484216,-52.166204,0.868052
2026-08-29,BR944_0,protected_areas,Brazil,BR,RESERVA DE DESENVOLVIMENTO SUSTENTáVEL DO RIO IRATAPURU,,202501,3.18,181.19,-53.178811,-0.484216,-52.166204,0.868052
2026-08-29,BR944_0,protected_areas,Brazil,BR,RESERVA DE DESENVOLVIMENTO SUSTENTáVEL DO RIO IRATAPURU,,202502,26.25,207.44,-53.178811,-0.484216,-52.166204,0.868052
2026-08-29,BR944_0,protected_areas,Brazil,BR,RESERVA DE DESENVOLVIMENTO SUSTENTáVEL DO RIO IRATAPURU,,202503,4.23,211.67,-53.178811,-0.484216,-52.166204,0.868052
2026-08-29,BR944_0,protected_areas,Brazil,BR,RESERVA DE DESENVOLVIMENTO SUSTENTáVEL DO RIO IRATAPURU,,202504,8.93,220.6,-53.178811,-0.484216,-52.166204,0.868052
2026-08-29,BR944_0,protected_areas,Brazil,BR,RESERVA DE DESENVOLVIMENTO SUSTENTáVEL DO RIO IRATAPURU,,202601,0.17,220.77,-53.178811,-0.484216,-52.166204,0.868052
2026-08-29,BR944_0,protected_areas,Brazil,BR,RESERVA DE DESENVOLVIMENTO SUSTENTáVEL DO RIO IRATAPURU,,202602,0.37,221.15,-53.178811,-0.484216,-52.166204,0.868052
2026-08-29,BR474_0,protected_areas,Brazil,BR,RESERVA EXTRATIVISTA DO CAZUMBÁ-IRACEMA,,201800,0.0,0.0,-70.193788,-10.336054,-68.841518,-9.021348
2026-08-29,BR474_0,protected_areas,Brazil,BR,RESERVA EXTRATIVISTA DO CAZUMBÁ-IRACEMA,,201900,0.0,0.0,-70.193788,-10.336054,-68.841518,-9.021348
2026-08-29,BR474_0,protected_areas,Brazil,BR,RESERVA EXTRATIVISTA DO CAZUMBÁ-IRACEMA,,202000,0.0,0.0,-70.193788,-10.336054,-68.841518,-9.021348
2026-08-29,BR474_0,protected_areas,Brazil,BR,RESERVA EXTRATIVISTA DO CAZUMBÁ-IRACEMA,,202100,5.29,5.29,-70.193788,-10.336054,-68.841518,-9.021348
2026-08-29,BR474_0,protected_areas,Brazil,BR,RESERVA EXTRATIVISTA DO CAZUMBÁ-IRACEMA,,202200,0.0,5.29,-70.193788,-10.336054,-68.841518,-9.021348
2026-08-29,BR474_0,protected_areas,Brazil,BR,RESERVA EXTRATIVISTA DO CAZUMBÁ-IRACEMA,,202300,0.0,5.29,-70.193788,-10.336054,-68.841518,-9.021348
2026-08-29,BR474_0,protected_areas,Brazil,BR,RESERVA EXTRATIVISTA DO CAZUMBÁ-IRACEMA,,202400,0.0,5.29,-70.193788,-10.336054,-68.841518,-9.021348
2026-08-29,BR474_0,protected_areas,Brazil,BR,RESERVA EXTRATIVISTA DO CAZUMBÁ-IRACEMA,,202501,0.0,5.29,-70.193788,-10.336054,-68.841518,-9.021348
2026-08-29,BR474_0,protected_areas,Brazil,BR,RESERVA EXTRATIVISTA DO CAZUMBÁ-IRACEMA,,202502,0.0,5.29,-70.193788,-10.336054,-68.841518,-9.021348
2026-08-29,BR474_0,protected_areas,Brazil,BR,RESERVA EXTRATIVISTA DO CAZUMBÁ-IRACEMA,,202503,0.0,5.29,-70.193788,-10.336054,-68.841518,-9.021348
2026-08-29,BR474_0,protected_areas,Brazil,BR,RESERVA EXTRATIVISTA DO CAZUMBÁ-IRACEMA,,202504,0.0,5.29,-70.193788,-10.336054,-68.841518,-9.021348
2026-08-29,BR474_0,protected_areas,Brazil,BR,RESERVA EXTRATIVISTA DO CAZUMBÁ-IRACEMA,,202601,0.0,5.29,-70.193788,-10.336054,-68.841518,-9.021348
2026-08-29,BR474_0,protected_areas,Brazil,BR,RESERVA EXTRATIVISTA DO CAZUMBÁ-IRACEMA,,202602,0.0,5.29,-70.193788,-10.336054,-68.841518,-9.021348
2026-08-29,BR189_0,protected_areas,Brazil,BR,RESERVA EXTRATIVISTA DO RIO JUTAÍ,,201800,0.0,0.0,-67.588403,-3.868645,-67.051758,-3.053654
2026-08-29,BR189_0,protected_areas,Brazil,BR,RESERVA EXTRATIVISTA DO RIO JUTAÍ,,201900,0.0,0.0,-67.588403,-3.868645,-67.051758,-3.053654
2026-08-29,BR189_0,protected_areas,Brazil,BR,RESERVA EXTRATIVISTA DO RIO JUTAÍ,,202000,0.0,0.0,-67.588403,-3.868645,-67.051758,-3.053654
2026-08-29,BR189_0,protected_areas,Brazil,BR,RESERVA EXTRATIVISTA DO RIO JUTAÍ,,202100,0.0,0.0,-67.588403,-3.868645,-67.051758,-3.053654
2026-08-29,BR189_0,protected_areas,Brazil,BR,RESERVA EXTRATIVISTA DO RIO JUTAÍ,,202200,0.0,0.0,-67.588403,-3.868645,-67.051758,-3.053654
2026-08-29,BR189_0,protected_areas,Brazil,BR,RESERVA EXTRATIVISTA DO RIO JUTAÍ,,202300,0.0,0.0,-67.588403,-3.868645,-67.051758,-3.053654
2026-08-29,BR189_0,protected_areas,Brazil,BR,RESERVA EXTRATIVISTA DO RIO JUTAÍ,,202400,0.0,0.0,-67.588403,-3.868645,-67.051758,-3.053654
2026-08-29,BR189_0,protected_areas,Brazil,BR,RESERVA EXTRATIVISTA DO RIO JUTAÍ,,202501,0.0,0.0,-67.588403,-3.868645,-67.051758,-3.053654
2026-08-29,BR189_0,protected_areas,Brazil,BR,RESERVA EXTRATIVISTA DO RIO JUTAÍ,,202502,0.0,0.0,-67.588403,-3.868645,-67.051758,-3.053654
2026-08-29,BR189_0,protected_areas,Brazil,BR,RESERVA EXTRATIVISTA DO RIO JUTAÍ,,202503,76.25,76.25,-67.588403,-3.868645,-67.051758,-3.053654
2026-08-29,BR189_0,protected_areas,Brazil,BR,RESERVA EXTRATIVISTA DO RIO JUTAÍ,,202504,0.0,76.25,-67.588403,-3.868645,-67.051758,-3.053654
2026-08-29,BR189_0,protected_areas,Brazil,BR,RESERVA EXTRATIVISTA DO RIO JUTAÍ,,202601,0.0,76.25,-67.588403,-3.868645,-67.051758,-3.053654
2026-08-29,BR189_0,protected_areas,Brazil,BR,RESERVA EXTRATIVISTA DO RIO JUTAÍ,,202602,0.0,76.25,-67.588403,-3.868645,-67.051758,-3.053654
2026-08-29,BR1908_0,protected_areas,Brazil,BR,RESERVA EXTRATIVISTA MUNICIPAL BEIJA FLOR BRILHO DE FOGO,,201800,0.0,0.0,-52.498523,0.709141,-52.118735,0.953142
2026-08-29,BR1908_0,protected_areas,Brazil,BR,RESERVA EXTRATIVISTA MUNICIPAL BEIJA FLOR BRILHO DE FOGO,,201900,0.0,0.0,-52.498523,0.709141,-52.118735,0.953142
2026-08-29,BR1908_0,protected_areas,Brazil,BR,RESERVA EXTRATIVISTA MUNICIPAL BEIJA FLOR BRILHO DE FOGO,,202000,0.0,0.0,-52.498523,0.709141,-52.118735,0.953142
2026-08-29,BR1908_0,protected_areas,Brazil,BR,RESERVA EXTRATIVISTA MUNICIPAL BEIJA FLOR BRILHO DE FOGO,,202100,0.0,0.0,-52.498523,0.709141,-52.118735,0.953142
2026-08-29,BR1908_0,protected_areas,Brazil,BR,RESERVA EXTRATIVISTA MUNICIPAL BEIJA FLOR BRILHO DE FOGO,,202200,0.0,0.0,-52.498523,0.709141,-52.118735,0.953142
2026-08-29,BR1908_0,protected_areas,Brazil,BR,RESERVA EXTRATIVISTA MUNICIPAL BEIJA FLOR BRILHO DE FOGO,,202300,0.0,0.0,-52.498523,0.709141,-52.118735,0.953142
2026-08-29,BR1908_0,protected_areas,Brazil,BR,RESERVA EXTRATIVISTA MUNICIPAL BEIJA FLOR BRILHO DE FOGO,,202400,0.0,0.0,-52.498523,0.709141,-52.118735,0.953142
2026-08-29,BR1908_0,protected_areas,Brazil,BR,RESERVA EXTRATIVISTA MUNICIPAL BEIJA FLOR BRILHO DE FOGO,,202501,0.0,0.0,-52.498523,0.709141,-52.118735,0.953142
2026-08-29,BR1908_0,protected_areas,Brazil,BR,RESERVA EXTRATIVISTA MUNICIPAL BEIJA FLOR BRILHO DE FOGO,,202502,0.0,0.0,-52.498523,0.709141,-52.118735,0.953142
2026-08-29,BR1908_0,protected_areas,Brazil,BR,RESERVA EXTRATIVISTA MUNICIPAL BEIJA FLOR BRILHO DE FOGO,,202503,1.26,1.26,-52.498523,0.709141,-52.118735,0.953142
2026-08-29,BR1908_0,protected_areas,Brazil,BR,RESERVA EXTRATIVISTA MUNICIPAL BEIJA FLOR BRILHO DE FOGO,,202504,0.0,1.26,-52.498523,0.709141,-52.118735,0.953142
2026-08-29,BR1908_0,protected_areas,Brazil,BR,RESERVA EXTRATIVISTA MUNICIPAL BEIJA FLOR BRILHO DE FOGO,,202601,0.0,1.26,-52.498523,0.709141,-52.118735,0.953142
2026-08-29,BR1908_0,protected_areas,Brazil,BR,RESERVA EXTRATIVISTA MUNICIPAL BEIJA FLOR BRILHO DE FOGO,,202602,0.0,1.26,-52.498523,0.709141,-52.118735,0.953142
2026-08-29,BR632_0,protected_areas,Brazil,BR,RESERVA EXTRATIVISTA RIO IRIRI,,201800,0.0,0.0,-54.85662,-5.479029,-53.619801,-4.393811
2026-08-29,BR632_0,protected_areas,Brazil,BR,RESERVA EXTRATIVISTA RIO IRIRI,,201900,0.0,0.0,-54.85662,-5.479029,-53.619801,-4.393811
2026-08-29,BR632_0,protected_areas,Brazil,BR,RESERVA EXTRATIVISTA RIO IRIRI,,202000,6.64,6.64,-54.85662,-5.479029,-53.619801,-4.393811
2026-08-29,BR632_0,protected_areas,Brazil,BR,RESERVA EXTRATIVISTA RIO IRIRI,,202100,5.08,11.73,-54.85662,-5.479029,-53.619801,-4.393811
2026-08-29,BR632_0,protected_areas,Brazil,BR,RESERVA EXTRATIVISTA RIO IRIRI,,202200,0.73,12.46,-54.85662,-5.479029,-53.619801,-4.393811
2026-08-29,BR632_0,protected_areas,Brazil,BR,RESERVA EXTRATIVISTA RIO IRIRI,,202300,13.91,26.37,-54.85662,-5.479029,-53.619801,-4.393811
2026-08-29,BR632_0,protected_areas,Brazil,BR,RESERVA EXTRATIVISTA RIO IRIRI,,202400,0.0,26.37,-54.85662,-5.479029,-53.619801,-4.393811
2026-08-29,BR632_0,protected_areas,Brazil,BR,RESERVA EXTRATIVISTA RIO IRIRI,,202501,0.0,26.37,-54.85662,-5.479029,-53.619801,-4.393811
2026-08-29,BR632_0,protected_areas,Brazil,BR,RESERVA EXTRATIVISTA RIO IRIRI,,202502,0.0,26.37,-54.85662,-5.479029,-53.619801,-4.393811
2026-08-29,BR632_0,protected_areas,Brazil,BR,RESERVA EXTRATIVISTA RIO IRIRI,,202503,0.0,26.37,-54.85662,-5.479029,-53.619801,-4.393811
2026-08-29,BR632_0,protected_areas,Brazil,BR,RESERVA EXTRATIVISTA RIO IRIRI,,202504,0.0,26.37,-54.85662,-5.479029,-53.619801,-4.393811
2026-08-29,BR632_0,protected_areas,Brazil,BR,RESERVA EXTRATIVISTA RIO IRIRI,,202601,0.0,26.37,-54.85662,-5.479029,-53.619801,-4.393811
2026-08-29,BR632_0,protected_areas,Brazil,BR,RESERVA EXTRATIVISTA RIO IRIRI,,202602,0.0,26.37,-54.85662,-5.479029,-53.619801,-4.393811
2026-08-29,BR804_0,protected_areas,Brazil,BR,RESERVA EXTRATIVISTA RIOZINHO DO ANFRÍSIO,,201800,43.27,43.27,-55.62339,-5.402201,-54.551277,-4.409431
2026-08-29,BR804_0,protected_areas,Brazil,BR,RESERVA EXTRATIVISTA RIOZINHO DO ANFRÍSIO,,201900,17.86,61.13,-55.62339,-5.402201,-54.551277,-4.409431
2026-08-29,BR804_0,protected_areas,Brazil,BR,RESERVA EXTRATIVISTA RIOZINHO DO ANFRÍSIO,,202000,11.36,72.48,-55.62339,-5.402201,-54.551277,-4.409431
2026-08-29,BR804_0,protected_areas,Brazil,BR,RESERVA EXTRATIVISTA RIOZINHO DO ANFRÍSIO,,202100,10.0,82.48,-55.62339,-5.402201,-54.551277,-4.409431
2026-08-29,BR804_0,protected_areas,Brazil,BR,RESERVA EXTRATIVISTA RIOZINHO DO ANFRÍSIO,,202200,3.62,86.1,-55.62339,-5.402201,-54.551277,-4.409431
2026-08-29,BR804_0,protected_areas,Brazil,BR,RESERVA EXTRATIVISTA RIOZINHO DO ANFRÍSIO,,202300,0.48,86.58,-55.62339,-5.402201,-54.551277,-4.409431
2026-08-29,BR804_0,protected_areas,Brazil,BR,RESERVA EXTRATIVISTA RIOZINHO DO ANFRÍSIO,,202400,0.42,86.99,-55.62339,-5.402201,-54.551277,-4.409431
2026-08-29,BR804_0,protected_areas,Brazil,BR,RESERVA EXTRATIVISTA RIOZINHO DO ANFRÍSIO,,202501,0.0,86.99,-55.62339,-5.402201,-54.551277,-4.409431
2026-08-29,BR804_0,protected_areas,Brazil,BR,RESERVA EXTRATIVISTA RIOZINHO DO ANFRÍSIO,,202502,0.0,86.99,-55.62339,-5.402201,-54.551277,-4.409431
2026-08-29,BR804_0,protected_areas,Brazil,BR,RESERVA EXTRATIVISTA RIOZINHO DO ANFRÍSIO,,202503,0.0,86.99,-55.62339,-5.402201,-54.551277,-4.409431
2026-08-29,BR804_0,protected_areas,Brazil,BR,RESERVA EXTRATIVISTA RIOZINHO DO ANFRÍSIO,,202504,0.0,86.99,-55.62339,-5.402201,-54.551277,-4.409431
2026-08-29,BR804_0,protected_areas,Brazil,BR,RESERVA EXTRATIVISTA RIOZINHO DO ANFRÍSIO,,202601,0.0,86.99,-55.62339,-5.402201,-54.551277,-4.409431
2026-08-29,BR804_0,protected_areas,Brazil,BR,RESERVA EXTRATIVISTA RIOZINHO DO ANFRÍSIO,,202602,0.0,86.99,-55.62339,-5.402201,-54.551277,-4.409431
2026-08-29,BR532_0,protected_areas,Brazil,BR,ÁREA DE PROTEÇÃO AMBIENTAL DA REGIÃO METROLPOLITANA DE BELÉM,,201800,25.81,25.81,-48.459579,-1.478368,-48.337899,-1.383058
2026-08-29,BR532_0,protected_areas,Brazil,BR,ÁREA DE PROTEÇÃO AMBIENTAL DA REGIÃO METROLPOLITANA DE BELÉM,,201900,8.47,34.28,-48.459579,-1.478368,-48.337899,-1.383058
2026-08-29,BR532_0,protected_areas,Brazil,BR,ÁREA DE PROTEÇÃO AMBIENTAL DA REGIÃO METROLPOLITANA DE BELÉM,,202000,3.2,37.48,-48.459579,-1.478368,-48.337899,-1.383058
2026-08-29,BR532_0,protected_areas,Brazil,BR,ÁREA DE PROTEÇÃO AMBIENTAL DA REGIÃO METROLPOLITANA DE BELÉM,,202100,0.0,37.48,-48.459579,-1.478368,-48.337899,-1.383058
2026-08-29,BR532_0,protected_areas,Brazil,BR,ÁREA DE PROTEÇÃO AMBIENTAL DA REGIÃO METROLPOLITANA DE BELÉM,,202200,0.0,37.48,-48.459579,-1.478368,-48.337899,-1.383058
2026-08-29,BR532_0,protected_areas,Brazil,BR,ÁREA DE PROTEÇÃO AMBIENTAL DA REGIÃO METROLPOLITANA DE BELÉM,,202300,0.0,37.48,-48.459579,-1.478368,-48.337899,-1.383058
2026-08-29,BR532_0,protected_areas,Brazil,BR,ÁREA DE PROTEÇÃO AMBIENTAL DA REGIÃO METROLPOLITANA DE BELÉM,,202400,0.0,37.48,-48.459579,-1.478368,-48.337899,-1.383058
2026-08-29,BR532_0,protected_areas,Brazil,BR,ÁREA DE PROTEÇÃO AMBIENTAL DA REGIÃO METROLPOLITANA DE BELÉM,,202501,0.0,37.48,-48.459579,-1.478368,-48.337899,-1.383058
2026-08-29,BR532_0,protected_areas,Brazil,BR,ÁREA DE PROTEÇÃO AMBIENTAL DA REGIÃO METROLPOLITANA DE BELÉM,,202502,0.0,37.48,-48.459579,-1.478368,-48.337899,-1.383058
2026-08-29,BR532_0,protected_areas,Brazil,BR,ÁREA DE PROTEÇÃO AMBIENTAL DA REGIÃO METROLPOLITANA DE BELÉM,,202503,0.0,37.48,-48.459579,-1.478368,-48.337899,-1.383058
2026-08-29,BR532_0,protected_areas,Brazil,BR,ÁREA DE PROTEÇÃO AMBIENTAL DA REGIÃO METROLPOLITANA DE BELÉM,,202504,0.0,37.48,-48.459579,-1.478368,-48.337899,-1.383058
2026-08-29,BR532_0,protected_areas,Brazil,BR,ÁREA DE PROTEÇÃO AMBIENTAL DA REGIÃO METROLPOLITANA DE BELÉM,,202601,0.0,37.48,-48.459579,-1.478368,-48.337899,-1.383058
2026-08-29,BR532_0,protected_areas,Brazil,BR,ÁREA DE PROTEÇÃO AMBIENTAL DA REGIÃO METROLPOLITANA DE BELÉM,,202602,0.0,37.48,-48.459579,-1.478368,-48.337899,-1.383058
2026-08-29,BR397_0,protected_areas,Brazil,BR,ÁREA DE PROTEÇÃO AMBIENTAL DE PRESIDENTE FIGUEIREDO - CAVERNA DO MOROAGA,,201800,0.0,0.0,-60.414698,-2.269339,-59.291394,-1.193128
2026-08-29,BR397_0,protected_areas,Brazil,BR,ÁREA DE PROTEÇÃO AMBIENTAL DE PRESIDENTE FIGUEIREDO - CAVERNA DO MOROAGA,,201900,0.0,0.0,-60.414698,-2.269339,-59.291394,-1.193128
2026-08-29,BR397_0,protected_areas,Brazil,BR,ÁREA DE PROTEÇÃO AMBIENTAL DE PRESIDENTE FIGUEIREDO - CAVERNA DO MOROAGA,,202000,0.0,0.0,-60.414698,-2.269339,-59.291394,-1.193128
2026-08-29,BR397_0,protected_areas,Brazil,BR,ÁREA DE PROTEÇÃO AMBIENTAL DE PRESIDENTE FIGUEIREDO - CAVERNA DO MOROAGA,,202100,0.0,0.0,-60.414698,-2.269339,-59.291394,-1.193128
2026-08-29,BR397_0,protected_areas,Brazil,BR,ÁREA DE PROTEÇÃO AMBIENTAL DE PRESIDENTE FIGUEIREDO - CAVERNA DO MOROAGA,,202200,0.0,0.0,-60.414698,-2.269339,-59.291394,-1.193128
2026-08-29,BR397_0,protected_areas,Brazil,BR,ÁREA DE PROTEÇÃO AMBIENTAL DE PRESIDENTE FIGUEIREDO - CAVERNA DO MOROAGA,,202300,9.97,9.97,-60.414698,-2.269339,-59.291394,-1.193128
2026-08-29,BR397_0,protected_areas,Brazil,BR,ÁREA DE PROTEÇÃO AMBIENTAL DE PRESIDENTE FIGUEIREDO - CAVERNA DO MOROAGA,,202400,0.0,9.97,-60.414698,-2.269339,-59.291394,-1.193128
2026-08-29,BR397_0,protected_areas,Brazil,BR,ÁREA DE PROTEÇÃO AMBIENTAL DE PRESIDENTE FIGUEIREDO - CAVERNA DO MOROAGA,,202501,0.0,9.97,-60.414698,-2.269339,-59.291394,-1.193128
2026-08-29,BR397_0,protected_areas,Brazil,BR,ÁREA DE PROTEÇÃO AMBIENTAL DE PRESIDENTE FIGUEIREDO - CAVERNA DO MOROAGA,,202502,0.0,9.97,-60.414698,-2.269339,-59.291394,-1.193128
2026-08-29,BR397_0,protected_areas,Brazil,BR,ÁREA DE PROTEÇÃO AMBIENTAL DE PRESIDENTE FIGUEIREDO - CAVERNA DO MOROAGA,,202503,0.0,9.97,-60.414698,-2.269339,-59.291394,-1.193128
2026-08-29,BR397_0,protected_areas,Brazil,BR,ÁREA DE PROTEÇÃO AMBIENTAL DE PRESIDENTE FIGUEIREDO - CAVERNA DO MOROAGA,,202504,0.0,9.97,-60.414698,-2.269339,-59.291394,-1.193128
2026-08-29,BR397_0,protected_areas,Brazil,BR,ÁREA DE PROTEÇÃO AMBIENTAL DE PRESIDENTE FIGUEIREDO - CAVERNA DO MOROAGA,,202601,0.0,9.97,-60.414698,-2.269339,-59.291394,-1.193128
2026-08-29,BR397_0,protected_areas,Brazil,BR,ÁREA DE PROTEÇÃO AMBIENTAL DE PRESIDENTE FIGUEIREDO - CAVERNA DO MOROAGA,,202602,0.0,9.97,-60.414698,-2.269339,-59.291394,-1.193128
2026-08-29,BR1467_0,protected_areas,Brazil,BR,ÁREA DE PROTEÇÃO AMBIENTAL DO ARQUIPÉLAGO DO MARAJÓ,,201800,0.0,0.0,-51.433411,-1.912328,-48.389671,0.74687
2026-08-29,BR1467_0,protected_areas,Brazil,BR,ÁREA DE PROTEÇÃO AMBIENTAL DO ARQUIPÉLAGO DO MARAJÓ,,201900,16.94,16.94,-51.433411,-1.912328,-48.389671,0.74687
2026-08-29,BR1467_0,protected_areas,Brazil,BR,ÁREA DE PROTEÇÃO AMBIENTAL DO ARQUIPÉLAGO DO MARAJÓ,,202000,0.0,16.94,-51.433411,-1.912328,-48.389671,0.74687
2026-08-29,BR1467_0,protected_areas,Brazil,BR,ÁREA DE PROTEÇÃO AMBIENTAL DO ARQUIPÉLAGO DO MARAJÓ,,202100,0.0,16.94,-51.433411,-1.912328,-48.389671,0.74687
2026-08-29,BR1467_0,protected_areas,Brazil,BR,ÁREA DE PROTEÇÃO AMBIENTAL DO ARQUIPÉLAGO DO MARAJÓ,,202200,0.0,16.94,-51.433411,-1.912328,-48.389671,0.74687
2026-08-29,BR1467_0,protected_areas,Brazil,BR,ÁREA DE PROTEÇÃO AMBIENTAL DO ARQUIPÉLAGO DO MARAJÓ,,202300,0.0,16.94,-51.433411,-1.912328,-48.389671,0.74687
2026-08-29,BR1467_0,protected_areas,Brazil,BR,ÁREA DE PROTEÇÃO AMBIENTAL DO ARQUIPÉLAGO DO MARAJÓ,,202400,0.0,16.94,-51.433411,-1.912328,-48.389671,0.74687
2026-08-29,BR1467_0,protected_areas,Brazil,BR,ÁREA DE PROTEÇÃO AMBIENTAL DO ARQUIPÉLAGO DO MARAJÓ,,202501,0.0,16.94,-51.433411,-1.912328,-48.389671,0.74687
2026-08-29,BR1467_0,protected_areas,Brazil,BR,ÁREA DE PROTEÇÃO AMBIENTAL DO ARQUIPÉLAGO DO MARAJÓ,,202502,0.0,16.94,-51.433411,-1.912328,-48.389671,0.74687
2026-08-29,BR1467_0,protected_areas,Brazil,BR,ÁREA DE PROTEÇÃO AMBIENTAL DO ARQUIPÉLAGO DO MARAJÓ,,202503,0.0,16.94,-51.433411,-1.912328,-48.389671,0.74687
2026-08-29,BR1467_0,protected_areas,Brazil,BR,ÁREA DE PROTEÇÃO AMBIENTAL DO ARQUIPÉLAGO DO MARAJÓ,,202504,0.0,16.94,-51.433411,-1.912328,-48.389671,0.74687
2026-08-29,BR1467_0,protected_areas,Brazil,BR,ÁREA DE PROTEÇÃO AMBIENTAL DO ARQUIPÉLAGO DO MARAJÓ,,202601,0.0,16.94,-51.433411,-1.912328,-48.389671,0.74687
2026-08-29,BR1467_0,protected_areas,Brazil,BR,ÁREA DE PROTEÇÃO AMBIENTAL DO ARQUIPÉLAGO DO MARAJÓ,,202602,0.0,16.94,-51.433411,-1.912328,-48.389671,0.74687
2026-08-29,BR1001_0,protected_areas,Brazil,BR,ÁREA DE PROTEÇÃO AMBIENTAL DO IGARAPÉ GELADO,,201800,0.0,0.0,-50.478762,-6.007085,-49.963972,-5.857079
2026-08-29,BR1001_0,protected_areas,Brazil,BR,ÁREA DE PROTEÇÃO AMBIENTAL DO IGARAPÉ GELADO,,201900,0.0,0.0,-50.478762,-6.007085,-49.963972,-5.857079
2026-08-29,BR1001_0,protected_areas,Brazil,BR,ÁREA DE PROTEÇÃO AMBIENTAL DO IGARAPÉ GELADO,,202000,0.0,0.0,-50.478762,-6.007085,-49.963972,-5.857079
2026-08-29,BR1001_0,protected_areas,Brazil,BR,ÁREA DE PROTEÇÃO AMBIENTAL DO IGARAPÉ GELADO,,202100,0.0,0.0,-50.478762,-6.007085,-49.963972,-5.857079
2026-08-29,BR1001_0,protected_areas,Brazil,BR,ÁREA DE PROTEÇÃO AMBIENTAL DO IGARAPÉ GELADO,,202200,0.0,0.0,-50.478762,-6.007085,-49.963972,-5.857079
2026-08-29,BR1001_0,protected_areas,Brazil,BR,ÁREA DE PROTEÇÃO AMBIENTAL DO IGARAPÉ GELADO,,202300,17.39,17.39,-50.478762,-6.007085,-49.963972,-5.857079
2026-08-29,BR1001_0,protected_areas,Brazil,BR,ÁREA DE PROTEÇÃO AMBIENTAL DO IGARAPÉ GELADO,,202400,2.46,19.84,-50.478762,-6.007085,-49.963972,-5.857079
2026-08-29,BR1001_0,protected_areas,Brazil,BR,ÁREA DE PROTEÇÃO AMBIENTAL DO IGARAPÉ GELADO,,202501,0.0,19.84,-50.478762,-6.007085,-49.963972,-5.857079
2026-08-29,BR1001_0,protected_areas,Brazil,BR,ÁREA DE PROTEÇÃO AMBIENTAL DO IGARAPÉ GELADO,,202502,4.12,23.97,-50.478762,-6.007085,-49.963972,-5.857079
2026-08-29,BR1001_0,protected_areas,Brazil,BR,ÁREA DE PROTEÇÃO AMBIENTAL DO IGARAPÉ GELADO,,202503,0.0,23.97,-50.478762,-6.007085,-49.963972,-5.857079
2026-08-29,BR1001_0,protected_areas,Brazil,BR,ÁREA DE PROTEÇÃO AMBIENTAL DO IGARAPÉ GELADO,,202504,0.0,23.97,-50.478762,-6.007085,-49.963972,-5.857079
2026-08-29,BR1001_0,protected_areas,Brazil,BR,ÁREA DE PROTEÇÃO AMBIENTAL DO IGARAPÉ GELADO,,202601,0.0,23.97,-50.478762,-6.007085,-49.963972,-5.857079
2026-08-29,BR1001_0,protected_areas,Brazil,BR,ÁREA DE PROTEÇÃO AMBIENTAL DO IGARAPÉ GELADO,,202602,6.48,30.45,-50.478762,-6.007085,-49.963972,-5.857079
2026-08-29,BR1888_0,protected_areas,Brazil,BR,ÁREA DE PROTEÇÃO AMBIENTAL DO TAPAJÓS,,201800,50226.38,50226.38,-57.643398,-7.94041,-55.835609,-5.315793
2026-08-29,BR1888_0,protected_areas,Brazil,BR,ÁREA DE PROTEÇÃO AMBIENTAL DO TAPAJÓS,,201900,9222.6,59448.98,-57.643398,-7.94041,-55.835609,-5.315793
2026-08-29,BR1888_0,protected_areas,Brazil,BR,ÁREA DE PROTEÇÃO AMBIENTAL DO TAPAJÓS,,202000,8976.21,68425.19,-57.643398,-7.94041,-55.835609,-5.315793
2026-08-29,BR1888_0,protected_areas,Brazil,BR,ÁREA DE PROTEÇÃO AMBIENTAL DO TAPAJÓS,,202100,10344.2,78769.39,-57.643398,-7.94041,-55.835609,-5.315793
2026-08-29,BR1888_0,protected_areas,Brazil,BR,ÁREA DE PROTEÇÃO AMBIENTAL DO TAPAJÓS,,202200,9236.62,88006.01,-57.643398,-7.94041,-55.835609,-5.315793
2026-08-29,BR1888_0,protected_areas,Brazil,BR,ÁREA DE PROTEÇÃO AMBIENTAL DO TAPAJÓS,,202300,6922.28,94928.29,-57.643398,-7.94041,-55.835609,-5.315793
2026-08-29,BR1888_0,protected_areas,Brazil,BR,ÁREA DE PROTEÇÃO AMBIENTAL DO TAPAJÓS,,202400,4715.11,99643.39,-57.643398,-7.94041,-55.835609,-5.315793
2026-08-29,BR1888_0,protected_areas,Brazil,BR,ÁREA DE PROTEÇÃO AMBIENTAL DO TAPAJÓS,,202501,317.14,99960.54,-57.643398,-7.94041,-55.835609,-5.315793
2026-08-29,BR1888_0,protected_areas,Brazil,BR,ÁREA DE PROTEÇÃO AMBIENTAL DO TAPAJÓS,,202502,1473.37,101433.91,-57.643398,-7.94041,-55.835609,-5.315793
2026-08-29,BR1888_0,protected_areas,Brazil,BR,ÁREA DE PROTEÇÃO AMBIENTAL DO TAPAJÓS,,202503,750.6,102184.51,-57.643398,-7.94041,-55.835609,-5.315793
2026-08-29,BR1888_0,protected_areas,Brazil,BR,ÁREA DE PROTEÇÃO AMBIENTAL DO TAPAJÓS,,202504,561.35,102745.86,-57.643398,-7.94041,-55.835609,-5.315793
2026-08-29,BR1888_0,protected_areas,Brazil,BR,ÁREA DE PROTEÇÃO AMBIENTAL DO TAPAJÓS,,202601,75.93,102821.79,-57.643398,-7.94041,-55.835609,-5.315793
2026-08-29,BR1888_0,protected_areas,Brazil,BR,ÁREA DE PROTEÇÃO AMBIENTAL DO TAPAJÓS,,202602,1040.46,103862.25,-57.643398,-7.94041,-55.835609,-5.315793
2026-08-29,BR2082_0,protected_areas,Brazil,BR,ÁREA DE PROTEÇÃO AMBIENTAL MARGEM DIREITA DO RIO NEGRO- SETOR PADUARI-SOLIMÕES,,201800,0.0,0.0,-61.515519,-3.315245,-59.985741,-2.103669
2026-08-29,BR2082_0,protected_areas,Brazil,BR,ÁREA DE PROTEÇÃO AMBIENTAL MARGEM DIREITA DO RIO NEGRO- SETOR PADUARI-SOLIMÕES,,201900,0.0,0.0,-61.515519,-3.315245,-59.985741,-2.103669
2026-08-29,BR2082_0,protected_areas,Brazil,BR,ÁREA DE PROTEÇÃO AMBIENTAL MARGEM DIREITA DO RIO NEGRO- SETOR PADUARI-SOLIMÕES,,202000,0.0,0.0,-61.515519,-3.315245,-59.985741,-2.103669
2026-08-29,BR2082_0,protected_areas,Brazil,BR,ÁREA DE PROTEÇÃO AMBIENTAL MARGEM DIREITA DO RIO NEGRO- SETOR PADUARI-SOLIMÕES,,202100,0.0,0.0,-61.515519,-3.315245,-59.985741,-2.103669
2026-08-29,BR2082_0,protected_areas,Brazil,BR,ÁREA DE PROTEÇÃO AMBIENTAL MARGEM DIREITA DO RIO NEGRO- SETOR PADUARI-SOLIMÕES,,202200,0.0,0.0,-61.515519,-3.315245,-59.985741,-2.103669
2026-08-29,BR2082_0,protected_areas,Brazil,BR,ÁREA DE PROTEÇÃO AMBIENTAL MARGEM DIREITA DO RIO NEGRO- SETOR PADUARI-SOLIMÕES,,202300,31.16,31.16,-61.515519,-3.315245,-59.985741,-2.103669
2026-08-29,BR2082_0,protected_areas,Brazil,BR,ÁREA DE PROTEÇÃO AMBIENTAL MARGEM DIREITA DO RIO NEGRO- SETOR PADUARI-SOLIMÕES,,202400,0.0,31.16,-61.515519,-3.315245,-59.985741,-2.103669
2026-08-29,BR2082_0,protected_areas,Brazil,BR,ÁREA DE PROTEÇÃO AMBIENTAL MARGEM DIREITA DO RIO NEGRO- SETOR PADUARI-SOLIMÕES,,202501,0.0,31.16,-61.515519,-3.315245,-59.985741,-2.103669
2026-08-29,BR2082_0,protected_areas,Brazil,BR,ÁREA DE PROTEÇÃO AMBIENTAL MARGEM DIREITA DO RIO NEGRO- SETOR PADUARI-SOLIMÕES,,202502,0.0,31.16,-61.515519,-3.315245,-59.985741,-2.103669
2026-08-29,BR2082_0,protected_areas,Brazil,BR,ÁREA DE PROTEÇÃO AMBIENTAL MARGEM DIREITA DO RIO NEGRO- SETOR PADUARI-SOLIMÕES,,202503,0.0,31.16,-61.515519,-3.315245,-59.985741,-2.103669
2026-08-29,BR2082_0,protected_areas,Brazil,BR,ÁREA DE PROTEÇÃO AMBIENTAL MARGEM DIREITA DO RIO NEGRO- SETOR PADUARI-SOLIMÕES,,202504,19.95,51.11,-61.515519,-3.315245,-59.985741,-2.103669
2026-08-29,BR2082_0,protected_areas,Brazil,BR,ÁREA DE PROTEÇÃO AMBIENTAL MARGEM DIREITA DO RIO NEGRO- SETOR PADUARI-SOLIMÕES,,202601,0.0,51.11,-61.515519,-3.315245,-59.985741,-2.103669
2026-08-29,BR2082_0,protected_areas,Brazil,BR,ÁREA DE PROTEÇÃO AMBIENTAL MARGEM DIREITA DO RIO NEGRO- SETOR PADUARI-SOLIMÕES,,202602,0.0,51.11,-61.515519,-3.315245,-59.985741,-2.103669
2026-08-29,BR1625_0,protected_areas,Brazil,BR,ÁREA DE PROTEÇÃO AMBIENTAL MUNICIPAL DO ARICÁ-AÇU,,201800,118.49,118.49,-55.955914,-15.710804,-55.562025,-15.445315
2026-08-29,BR1625_0,protected_areas,Brazil,BR,ÁREA DE PROTEÇÃO AMBIENTAL MUNICIPAL DO ARICÁ-AÇU,,201900,183.56,302.05,-55.955914,-15.710804,-55.562025,-15.445315
2026-08-29,BR1625_0,protected_areas,Brazil,BR,ÁREA DE PROTEÇÃO AMBIENTAL MUNICIPAL DO ARICÁ-AÇU,,202000,2.57,304.61,-55.955914,-15.710804,-55.562025,-15.445315
2026-08-29,BR1625_0,protected_areas,Brazil,BR,ÁREA DE PROTEÇÃO AMBIENTAL MUNICIPAL DO ARICÁ-AÇU,,202100,0.0,304.61,-55.955914,-15.710804,-55.562025,-15.445315
2026-08-29,BR1625_0,protected_areas,Brazil,BR,ÁREA DE PROTEÇÃO AMBIENTAL MUNICIPAL DO ARICÁ-AÇU,,202200,0.0,304.61,-55.955914,-15.710804,-55.562025,-15.445315
2026-08-29,BR1625_0,protected_areas,Brazil,BR,ÁREA DE PROTEÇÃO AMBIENTAL MUNICIPAL DO ARICÁ-AÇU,,202300,0.0,304.61,-55.955914,-15.710804,-55.562025,-15.445315
2026-08-29,BR1625_0,protected_areas,Brazil,BR,ÁREA DE PROTEÇÃO AMBIENTAL MUNICIPAL DO ARICÁ-AÇU,,202400,0.0,304.61,-55.955914,-15.710804,-55.562025,-15.445315
2026-08-29,BR1625_0,protected_areas,Brazil,BR,ÁREA DE PROTEÇÃO AMBIENTAL MUNICIPAL DO ARICÁ-AÇU,,202501,0.0,304.61,-55.955914,-15.710804,-55.562025,-15.445315
2026-08-29,BR1625_0,protected_areas,Brazil,BR,ÁREA DE PROTEÇÃO AMBIENTAL MUNICIPAL DO ARICÁ-AÇU,,202502,0.0,304.61,-55.955914,-15.710804,-55.562025,-15.445315
2026-08-29,BR1625_0,protected_areas,Brazil,BR,ÁREA DE PROTEÇÃO AMBIENTAL MUNICIPAL DO ARICÁ-AÇU,,202503,0.0,304.61,-55.955914,-15.710804,-55.562025,-15.445315
2026-08-29,BR1625_0,protected_areas,Brazil,BR,ÁREA DE PROTEÇÃO AMBIENTAL MUNICIPAL DO ARICÁ-AÇU,,202504,0.0,304.61,-55.955914,-15.710804,-55.562025,-15.445315
2026-08-29,BR1625_0,protected_areas,Brazil,BR,ÁREA DE PROTEÇÃO AMBIENTAL MUNICIPAL DO ARICÁ-AÇU,,202601,0.0,304.61,-55.955914,-15.710804,-55.562025,-15.445315
2026-08-29,BR1625_0,protected_areas,Brazil,BR,ÁREA DE PROTEÇÃO AMBIENTAL MUNICIPAL DO ARICÁ-AÇU,,202602,69.39,374.0,-55.955914,-15.710804,-55.562025,-15.445315
2026-08-29,BR597_0,protected_areas,Brazil,BR,ÁREA DE PROTEÇÃO AMBIENTAL NASCENTES DO RIO PARAGUAI,,201800,1085.14,1085.14,-56.675269,-14.750271,-56.249994,-14.455139
2026-08-29,BR597_0,protected_areas,Brazil,BR,ÁREA DE PROTEÇÃO AMBIENTAL NASCENTES DO RIO PARAGUAI,,201900,23.11,1108.24,-56.675269,-14.750271,-56.249994,-14.455139
2026-08-29,BR597_0,protected_areas,Brazil,BR,ÁREA DE PROTEÇÃO AMBIENTAL NASCENTES DO RIO PARAGUAI,,202000,179.81,1288.06,-56.675269,-14.750271,-56.249994,-14.455139
2026-08-29,BR597_0,protected_areas,Brazil,BR,ÁREA DE PROTEÇÃO AMBIENTAL NASCENTES DO RIO PARAGUAI,,202100,8.85,1296.91,-56.675269,-14.750271,-56.249994,-14.455139
2026-08-29,BR597_0,protected_areas,Brazil,BR,ÁREA DE PROTEÇÃO AMBIENTAL NASCENTES DO RIO PARAGUAI,,202200,17.92,1314.82,-56.675269,-14.750271,-56.249994,-14.455139
2026-08-29,BR597_0,protected_areas,Brazil,BR,ÁREA DE PROTEÇÃO AMBIENTAL NASCENTES DO RIO PARAGUAI,,202300,46.59,1361.42,-56.675269,-14.750271,-56.249994,-14.455139
2026-08-29,BR597_0,protected_areas,Brazil,BR,ÁREA DE PROTEÇÃO AMBIENTAL NASCENTES DO RIO PARAGUAI,,202400,19.73,1381.14,-56.675269,-14.750271,-56.249994,-14.455139
2026-08-29,BR597_0,protected_areas,Brazil,BR,ÁREA DE PROTEÇÃO AMBIENTAL NASCENTES DO RIO PARAGUAI,,202501,0.0,1381.14,-56.675269,-14.750271,-56.249994,-14.455139
2026-08-29,BR597_0,protected_areas,Brazil,BR,ÁREA DE PROTEÇÃO AMBIENTAL NASCENTES DO RIO PARAGUAI,,202502,0.0,1381.14,-56.675269,-14.750271,-56.249994,-14.455139
2026-08-29,BR597_0,protected_areas,Brazil,BR,ÁREA DE PROTEÇÃO AMBIENTAL NASCENTES DO RIO PARAGUAI,,202503,0.0,1381.14,-56.675269,-14.750271,-56.249994,-14.455139
2026-08-29,BR597_0,protected_areas,Brazil,BR,ÁREA DE PROTEÇÃO AMBIENTAL NASCENTES DO RIO PARAGUAI,,202504,0.0,1381.14,-56.675269,-14.750271,-56.249994,-14.455139
2026-08-29,BR597_0,protected_areas,Brazil,BR,ÁREA DE PROTEÇÃO AMBIENTAL NASCENTES DO RIO PARAGUAI,,202601,0.0,1381.14,-56.675269,-14.750271,-56.249994,-14.455139
2026-08-29,BR597_0,protected_areas,Brazil,BR,ÁREA DE PROTEÇÃO AMBIENTAL NASCENTES DO RIO PARAGUAI,,202602,0.0,1381.14,-56.675269,-14.750271,-56.249994,-14.455139
2026-08-29,BR1293_0,protected_areas,Brazil,BR,ÁREA DE PROTEÇÃO AMBIENTAL TRIUNFO DO XINGU,,201800,1463.4,1463.4,-53.938695,-7.213559,-51.978613,-5.618437
2026-08-29,BR1293_0,protected_areas,Brazil,BR,ÁREA DE PROTEÇÃO AMBIENTAL TRIUNFO DO XINGU,,201900,309.0,1772.4,-53.938695,-7.213559,-51.978613,-5.618437
2026-08-29,BR1293_0,protected_areas,Brazil,BR,ÁREA DE PROTEÇÃO AMBIENTAL TRIUNFO DO XINGU,,202000,273.1,2045.5,-53.938695,-7.213559,-51.978613,-5.618437
2026-08-29,BR1293_0,protected_areas,Brazil,BR,ÁREA DE PROTEÇÃO AMBIENTAL TRIUNFO DO XINGU,,202100,142.76,2188.26,-53.938695,-7.213559,-51.978613,-5.618437
2026-08-29,BR1293_0,protected_areas,Brazil,BR,ÁREA DE PROTEÇÃO AMBIENTAL TRIUNFO DO XINGU,,202200,217.1,2405.36,-53.938695,-7.213559,-51.978613,-5.618437
2026-08-29,BR1293_0,protected_areas,Brazil,BR,ÁREA DE PROTEÇÃO AMBIENTAL TRIUNFO DO XINGU,,202300,115.99,2521.35,-53.938695,-7.213559,-51.978613,-5.618437
2026-08-29,BR1293_0,protected_areas,Brazil,BR,ÁREA DE PROTEÇÃO AMBIENTAL TRIUNFO DO XINGU,,202400,115.97,2637.33,-53.938695,-7.213559,-51.978613,-5.618437
2026-08-29,BR1293_0,protected_areas,Brazil,BR,ÁREA DE PROTEÇÃO AMBIENTAL TRIUNFO DO XINGU,,202501,0.0,2637.33,-53.938695,-7.213559,-51.978613,-5.618437
2026-08-29,BR1293_0,protected_areas,Brazil,BR,ÁREA DE PROTEÇÃO AMBIENTAL TRIUNFO DO XINGU,,202502,29.49,2666.82,-53.938695,-7.213559,-51.978613,-5.618437
2026-08-29,BR1293_0,protected_areas,Brazil,BR,ÁREA DE PROTEÇÃO AMBIENTAL TRIUNFO DO XINGU,,202503,6.11,2672.92,-53.938695,-7.213559,-51.978613,-5.618437
2026-08-29,BR1293_0,protected_areas,Brazil,BR,ÁREA DE PROTEÇÃO AMBIENTAL TRIUNFO DO XINGU,,202504,0.0,2672.92,-53.938695,-7.213559,-51.978613,-5.618437
2026-08-29,BR1293_0,protected_areas,Brazil,BR,ÁREA DE PROTEÇÃO AMBIENTAL TRIUNFO DO XINGU,,202601,3.8,2676.72,-53.938695,-7.213559,-51.978613,-5.618437
2026-08-29,BR1293_0,protected_areas,Brazil,BR,ÁREA DE PROTEÇÃO AMBIENTAL TRIUNFO DO XINGU,,202602,0.0,2676.72,-53.938695,-7.213559,-51.978613,-5.618437
2026-08-29,BR957_0,protected_areas,Brazil,BR,ÁREA DE PROTEçãO AMBIENTAL DA BAIXADA MARANHENSE,,201800,71.88,71.88,-45.532367,-4.0,-44.4,-1.983333
2026-08-29,BR957_0,protected_areas,Brazil,BR,ÁREA DE PROTEçãO AMBIENTAL DA BAIXADA MARANHENSE,,201900,1.5,73.38,-45.532367,-4.0,-44.4,-1.983333
2026-08-29,BR957_0,protected_areas,Brazil,BR,ÁREA DE PROTEçãO AMBIENTAL DA BAIXADA MARANHENSE,,202000,4.88,78.26,-45.532367,-4.0,-44.4,-1.983333
2026-08-29,BR957_0,protected_areas,Brazil,BR,ÁREA DE PROTEçãO AMBIENTAL DA BAIXADA MARANHENSE,,202100,0.59,78.84,-45.532367,-4.0,-44.4,-1.983333
2026-08-29,BR957_0,protected_areas,Brazil,BR,ÁREA DE PROTEçãO AMBIENTAL DA BAIXADA MARANHENSE,,202200,1.34,80.19,-45.532367,-4.0,-44.4,-1.983333
2026-08-29,BR957_0,protected_areas,Brazil,BR,ÁREA DE PROTEçãO AMBIENTAL DA BAIXADA MARANHENSE,,202300,137.05,217.23,-45.532367,-4.0,-44.4,-1.983333
2026-08-29,BR957_0,protected_areas,Brazil,BR,ÁREA DE PROTEçãO AMBIENTAL DA BAIXADA MARANHENSE,,202400,13.27,230.51,-45.532367,-4.0,-44.4,-1.983333
2026-08-29,BR957_0,protected_areas,Brazil,BR,ÁREA DE PROTEçãO AMBIENTAL DA BAIXADA MARANHENSE,,202501,0.0,230.51,-45.532367,-4.0,-44.4,-1.983333
2026-08-29,BR957_0,protected_areas,Brazil,BR,ÁREA DE PROTEçãO AMBIENTAL DA BAIXADA MARANHENSE,,202502,0.0,230.51,-45.532367,-4.0,-44.4,-1.983333
2026-08-29,BR957_0,protected_areas,Brazil,BR,ÁREA DE PROTEçãO AMBIENTAL DA BAIXADA MARANHENSE,,202503,0.0,230.51,-45.532367,-4.0,-44.4,-1.983333
2026-08-29,BR957_0,protected_areas,Brazil,BR,ÁREA DE PROTEçãO AMBIENTAL DA BAIXADA MARANHENSE,,202504,0.0,230.51,-45.532367,-4.0,-44.4,-1.983333
2026-08-29,BR957_0,protected_areas,Brazil,BR,ÁREA DE PROTEçãO AMBIENTAL DA BAIXADA MARANHENSE,,202601,0.0,230.51,-45.532367,-4.0,-44.4,-1.983333
2026-08-29,BR957_0,protected_areas,Brazil,BR,ÁREA DE PROTEçãO AMBIENTAL DA BAIXADA MARANHENSE,,202602,0.0,230.51,-45.532367,-4.0,-44.4,-1.983333
2026-08-29,BR715_0,protected_areas,Brazil,BR,ÁREA DE PROTEçãO AMBIENTAL DAS REENTRâNCIAS MARANHENSES,,201800,1737.91,1737.91,-46.162487,-2.583333,-44.3555,-1.042108
2026-08-29,BR715_0,protected_areas,Brazil,BR,ÁREA DE PROTEçãO AMBIENTAL DAS REENTRâNCIAS MARANHENSES,,201900,335.32,2073.23,-46.162487,-2.583333,-44.3555,-1.042108
2026-08-29,BR715_0,protected_areas,Brazil,BR,ÁREA DE PROTEçãO AMBIENTAL DAS REENTRâNCIAS MARANHENSES,,202000,383.31,2456.54,-46.162487,-2.583333,-44.3555,-1.042108
2026-08-29,BR715_0,protected_areas,Brazil,BR,ÁREA DE PROTEçãO AMBIENTAL DAS REENTRâNCIAS MARANHENSES,,202100,282.63,2739.16,-46.162487,-2.583333,-44.3555,-1.042108
2026-08-29,BR715_0,protected_areas,Brazil,BR,ÁREA DE PROTEçãO AMBIENTAL DAS REENTRâNCIAS MARANHENSES,,202200,467.38,3206.54,-46.162487,-2.583333,-44.3555,-1.042108
2026-08-29,BR715_0,protected_areas,Brazil,BR,ÁREA DE PROTEçãO AMBIENTAL DAS REENTRâNCIAS MARANHENSES,,202300,521.56,3728.1,-46.162487,-2.583333,-44.3555,-1.042108
2026-08-29,BR715_0,protected_areas,Brazil,BR,ÁREA DE PROTEçãO AMBIENTAL DAS REENTRâNCIAS MARANHENSES,,202400,132.98,3861.08,-46.162487,-2.583333,-44.3555,-1.042108
2026-08-29,BR715_0,protected_areas,Brazil,BR,ÁREA DE PROTEçãO AMBIENTAL DAS REENTRâNCIAS MARANHENSES,,202501,0.0,3861.08,-46.162487,-2.583333,-44.3555,-1.042108
2026-08-29,BR715_0,protected_areas,Brazil,BR,ÁREA DE PROTEçãO AMBIENTAL DAS REENTRâNCIAS MARANHENSES,,202502,8.77,3869.85,-46.162487,-2.583333,-44.3555,-1.042108
2026-08-29,BR715_0,protected_areas,Brazil,BR,ÁREA DE PROTEçãO AMBIENTAL DAS REENTRâNCIAS MARANHENSES,,202503,151.94,4021.79,-46.162487,-2.583333,-44.3555,-1.042108
2026-08-29,BR715_0,protected_areas,Brazil,BR,ÁREA DE PROTEçãO AMBIENTAL DAS REENTRâNCIAS MARANHENSES,,202504,68.31,4090.1,-46.162487,-2.583333,-44.3555,-1.042108
2026-08-29,BR715_0,protected_areas,Brazil,BR,ÁREA DE PROTEçãO AMBIENTAL DAS REENTRâNCIAS MARANHENSES,,202601,0.0,4090.1,-46.162487,-2.583333,-44.3555,-1.042108
2026-08-29,BR715_0,protected_areas,Brazil,BR,ÁREA DE PROTEçãO AMBIENTAL DAS REENTRâNCIAS MARANHENSES,,202602,32.09,4122.19,-46.162487,-2.583333,-44.3555,-1.042108
2026-08-29,BR1399_0,protected_areas,Brazil,BR,ÁREA DE PROTEçãO AMBIENTAL DE UPAON-AçU / MIRITIBA / ALTO PREGUIçAS,,201800,0.0,0.0,-44.374602,-3.249627,-44.018961,-2.397906
2026-08-29,BR1399_0,protected_areas,Brazil,BR,ÁREA DE PROTEçãO AMBIENTAL DE UPAON-AçU / MIRITIBA / ALTO PREGUIçAS,,201900,0.0,0.0,-44.374602,-3.249627,-44.018961,-2.397906
2026-08-29,BR1399_0,protected_areas,Brazil,BR,ÁREA DE PROTEçãO AMBIENTAL DE UPAON-AçU / MIRITIBA / ALTO PREGUIçAS,,202000,0.0,0.0,-44.374602,-3.249627,-44.018961,-2.397906
2026-08-29,BR1399_0,protected_areas,Brazil,BR,ÁREA DE PROTEçãO AMBIENTAL DE UPAON-AçU / MIRITIBA / ALTO PREGUIçAS,,202100,0.0,0.0,-44.374602,-3.249627,-44.018961,-2.397906
2026-08-29,BR1399_0,protected_areas,Brazil,BR,ÁREA DE PROTEçãO AMBIENTAL DE UPAON-AçU / MIRITIBA / ALTO PREGUIçAS,,202200,0.0,0.0,-44.374602,-3.249627,-44.018961,-2.397906
2026-08-29,BR1399_0,protected_areas,Brazil,BR,ÁREA DE PROTEçãO AMBIENTAL DE UPAON-AçU / MIRITIBA / ALTO PREGUIçAS,,202300,40.57,40.57,-44.374602,-3.249627,-44.018961,-2.397906
2026-08-29,BR1399_0,protected_areas,Brazil,BR,ÁREA DE PROTEçãO AMBIENTAL DE UPAON-AçU / MIRITIBA / ALTO PREGUIçAS,,202400,1.2,41.77,-44.374602,-3.249627,-44.018961,-2.397906
2026-08-29,BR1399_0,protected_areas,Brazil,BR,ÁREA DE PROTEçãO AMBIENTAL DE UPAON-AçU / MIRITIBA / ALTO PREGUIçAS,,202501,0.0,41.77,-44.374602,-3.249627,-44.018961,-2.397906
2026-08-29,BR1399_0,protected_areas,Brazil,BR,ÁREA DE PROTEçãO AMBIENTAL DE UPAON-AçU / MIRITIBA / ALTO PREGUIçAS,,202502,0.0,41.77,-44.374602,-3.249627,-44.018961,-2.397906
2026-08-29,BR1399_0,protected_areas,Brazil,BR,ÁREA DE PROTEçãO AMBIENTAL DE UPAON-AçU / MIRITIBA / ALTO PREGUIçAS,,202503,0.0,41.77,-44.374602,-3.249627,-44.018961,-2.397906
2026-08-29,BR1399_0,protected_areas,Brazil,BR,ÁREA DE PROTEçãO AMBIENTAL DE UPAON-AçU / MIRITIBA / ALTO PREGUIçAS,,202504,0.0,41.77,-44.374602,-3.249627,-44.018961,-2.397906
2026-08-29,BR1399_0,protected_areas,Brazil,BR,ÁREA DE PROTEçãO AMBIENTAL DE UPAON-AçU / MIRITIBA / ALTO PREGUIçAS,,202601,0.0,41.77,-44.374602,-3.249627,-44.018961,-2.397906
2026-08-29,BR1399_0,protected_areas,Brazil,BR,ÁREA DE PROTEçãO AMBIENTAL DE UPAON-AçU / MIRITIBA / ALTO PREGUIçAS,,202602,14.32,56.09,-44.374602,-3.249627,-44.018961,-2.397906
2026-08-29,CO55_0,protected_areas,Colombia,CO,Puinawai,REGISTRADA,201800,34.21,34.21,-69.716703,1.729358,-68.669467,2.984338
2026-08-29,CO55_0,protected_areas,Colombia,CO,Puinawai,REGISTRADA,201900,3.75,37.96,-69.716703,1.729358,-68.669467,2.984338
2026-08-29,CO55_0,protected_areas,Colombia,CO,Puinawai,REGISTRADA,202000,0.93,38.88,-69.716703,1.729358,-68.669467,2.984338
2026-08-29,CO55_0,protected_areas,Colombia,CO,Puinawai,REGISTRADA,202100,3.29,42.17,-69.716703,1.729358,-68.669467,2.984338
2026-08-29,CO55_0,protected_areas,Colombia,CO,Puinawai,REGISTRADA,202200,0.55,42.72,-69.716703,1.729358,-68.669467,2.984338
2026-08-29,CO55_0,protected_areas,Colombia,CO,Puinawai,REGISTRADA,202300,0.31,43.03,-69.716703,1.729358,-68.669467,2.984338
2026-08-29,CO55_0,protected_areas,Colombia,CO,Puinawai,REGISTRADA,202400,0.0,43.03,-69.716703,1.729358,-68.669467,2.984338
2026-08-29,CO55_0,protected_areas,Colombia,CO,Puinawai,REGISTRADA,202501,13.2,56.23,-69.716703,1.729358,-68.669467,2.984338
2026-08-29,CO55_0,protected_areas,Colombia,CO,Puinawai,REGISTRADA,202502,0.0,56.23,-69.716703,1.729358,-68.669467,2.984338
2026-08-29,CO55_0,protected_areas,Colombia,CO,Puinawai,REGISTRADA,202503,0.0,56.23,-69.716703,1.729358,-68.669467,2.984338
2026-08-29,CO55_0,protected_areas,Colombia,CO,Puinawai,REGISTRADA,202504,0.0,56.23,-69.716703,1.729358,-68.669467,2.984338
2026-08-29,CO55_0,protected_areas,Colombia,CO,Puinawai,REGISTRADA,202601,8.59,64.82,-69.716703,1.729358,-68.669467,2.984338
2026-08-29,CO55_0,protected_areas,Colombia,CO,Puinawai,REGISTRADA,202602,1.19,66.0,-69.716703,1.729358,-68.669467,2.984338
2026-08-29,CO146_0,protected_areas,Colombia,CO,Río Puré,REGISTRADA,201800,0.0,0.0,-70.761183,-2.435497,-69.45939,-1.507474
2026-08-29,CO146_0,protected_areas,Colombia,CO,Río Puré,REGISTRADA,201900,0.0,0.0,-70.761183,-2.435497,-69.45939,-1.507474
2026-08-29,CO146_0,protected_areas,Colombia,CO,Río Puré,REGISTRADA,202000,0.0,0.0,-70.761183,-2.435497,-69.45939,-1.507474
2026-08-29,CO146_0,protected_areas,Colombia,CO,Río Puré,REGISTRADA,202100,0.0,0.0,-70.761183,-2.435497,-69.45939,-1.507474
2026-08-29,CO146_0,protected_areas,Colombia,CO,Río Puré,REGISTRADA,202200,0.0,0.0,-70.761183,-2.435497,-69.45939,-1.507474
2026-08-29,CO146_0,protected_areas,Colombia,CO,Río Puré,REGISTRADA,202300,0.0,0.0,-70.761183,-2.435497,-69.45939,-1.507474
2026-08-29,CO146_0,protected_areas,Colombia,CO,Río Puré,REGISTRADA,202400,0.0,0.0,-70.761183,-2.435497,-69.45939,-1.507474
2026-08-29,CO146_0,protected_areas,Colombia,CO,Río Puré,REGISTRADA,202501,0.0,0.0,-70.761183,-2.435497,-69.45939,-1.507474
2026-08-29,CO146_0,protected_areas,Colombia,CO,Río Puré,REGISTRADA,202502,0.0,0.0,-70.761183,-2.435497,-69.45939,-1.507474
2026-08-29,CO146_0,protected_areas,Colombia,CO,Río Puré,REGISTRADA,202503,66.43,66.43,-70.761183,-2.435497,-69.45939,-1.507474
2026-08-29,CO146_0,protected_areas,Colombia,CO,Río Puré,REGISTRADA,202504,0.0,66.43,-70.761183,-2.435497,-69.45939,-1.507474
2026-08-29,CO146_0,protected_areas,Colombia,CO,Río Puré,REGISTRADA,202601,19.14,85.57,-70.761183,-2.435497,-69.45939,-1.507474
2026-08-29,CO146_0,protected_areas,Colombia,CO,Río Puré,REGISTRADA,202602,104.41,189.98,-70.761183,-2.435497,-69.45939,-1.507474
2026-08-29,ECv_fa210_snap_a.30_0,protected_areas,Ecuador,EC,EL ZARZA,EN REVISIÓN,201800,0.0,0.0,-78.573303,-3.85428,-78.500897,-3.781537
2026-08-29,ECv_fa210_snap_a.30_0,protected_areas,Ecuador,EC,EL ZARZA,EN REVISIÓN,201900,0.0,0.0,-78.573303,-3.85428,-78.500897,-3.781537
2026-08-29,ECv_fa210_snap_a.30_0,protected_areas,Ecuador,EC,EL ZARZA,EN REVISIÓN,202000,0.0,0.0,-78.573303,-3.85428,-78.500897,-3.781537
2026-08-29,ECv_fa210_snap_a.30_0,protected_areas,Ecuador,EC,EL ZARZA,EN REVISIÓN,202100,0.0,0.0,-78.573303,-3.85428,-78.500897,-3.781537
2026-08-29,ECv_fa210_snap_a.30_0,protected_areas,Ecuador,EC,EL ZARZA,EN REVISIÓN,202200,0.0,0.0,-78.573303,-3.85428,-78.500897,-3.781537
2026-08-29,ECv_fa210_snap_a.30_0,protected_areas,Ecuador,EC,EL ZARZA,EN REVISIÓN,202300,0.0,0.0,-78.573303,-3.85428,-78.500897,-3.781537
2026-08-29,ECv_fa210_snap_a.30_0,protected_areas,Ecuador,EC,EL ZARZA,EN REVISIÓN,202400,0.0,0.0,-78.573303,-3.85428,-78.500897,-3.781537
2026-08-29,ECv_fa210_snap_a.30_0,protected_areas,Ecuador,EC,EL ZARZA,EN REVISIÓN,202501,0.0,0.0,-78.573303,-3.85428,-78.500897,-3.781537
2026-08-29,ECv_fa210_snap_a.30_0,protected_areas,Ecuador,EC,EL ZARZA,EN REVISIÓN,202502,0.0,0.0,-78.573303,-3.85428,-78.500897,-3.781537
2026-08-29,ECv_fa210_snap_a.30_0,protected_areas,Ecuador,EC,EL ZARZA,EN REVISIÓN,202503,6.51,6.51,-78.573303,-3.85428,-78.500897,-3.781537
2026-08-29,ECv_fa210_snap_a.30_0,protected_areas,Ecuador,EC,EL ZARZA,EN REVISIÓN,202504,0.0,6.51,-78.573303,-3.85428,-78.500897,-3.781537
2026-08-29,ECv_fa210_snap_a.30_0,protected_areas,Ecuador,EC,EL ZARZA,EN REVISIÓN,202601,0.0,6.51,-78.573303,-3.85428,-78.500897,-3.781537
2026-08-29,ECv_fa210_snap_a.30_0,protected_areas,Ecuador,EC,EL ZARZA,EN REVISIÓN,202602,0.0,6.51,-78.573303,-3.85428,-78.500897,-3.781537
2026-08-29,ECv_fa210_snap_a.7_0,protected_areas,Ecuador,EC,SANGAY,EN REVISIÓN,201800,0.0,0.0,-78.952218,-2.655804,-78.061676,-1.444489
2026-08-29,ECv_fa210_snap_a.7_0,protected_areas,Ecuador,EC,SANGAY,EN REVISIÓN,201900,0.0,0.0,-78.952218,-2.655804,-78.061676,-1.444489
2026-08-29,ECv_fa210_snap_a.7_0,protected_areas,Ecuador,EC,SANGAY,EN REVISIÓN,202000,0.0,0.0,-78.952218,-2.655804,-78.061676,-1.444489
2026-08-29,ECv_fa210_snap_a.7_0,protected_areas,Ecuador,EC,SANGAY,EN REVISIÓN,202100,0.0,0.0,-78.952218,-2.655804,-78.061676,-1.444489
2026-08-29,ECv_fa210_snap_a.7_0,protected_areas,Ecuador,EC,SANGAY,EN REVISIÓN,202200,0.0,0.0,-78.952218,-2.655804,-78.061676,-1.444489
2026-08-29,ECv_fa210_snap_a.7_0,protected_areas,Ecuador,EC,SANGAY,EN REVISIÓN,202300,0.0,0.0,-78.952218,-2.655804,-78.061676,-1.444489
2026-08-29,ECv_fa210_snap_a.7_0,protected_areas,Ecuador,EC,SANGAY,EN REVISIÓN,202400,17.58,17.58,-78.952218,-2.655804,-78.061676,-1.444489
2026-08-29,ECv_fa210_snap_a.7_0,protected_areas,Ecuador,EC,SANGAY,EN REVISIÓN,202501,8.62,26.2,-78.952218,-2.655804,-78.061676,-1.444489
2026-08-29,ECv_fa210_snap_a.7_0,protected_areas,Ecuador,EC,SANGAY,EN REVISIÓN,202502,0.0,26.2,-78.952218,-2.655804,-78.061676,-1.444489
2026-08-29,ECv_fa210_snap_a.7_0,protected_areas,Ecuador,EC,SANGAY,EN REVISIÓN,202503,0.0,26.2,-78.952218,-2.655804,-78.061676,-1.444489
2026-08-29,ECv_fa210_snap_a.7_0,protected_areas,Ecuador,EC,SANGAY,EN REVISIÓN,202504,0.0,26.2,-78.952218,-2.655804,-78.061676,-1.444489
2026-08-29,ECv_fa210_snap_a.7_0,protected_areas,Ecuador,EC,SANGAY,EN REVISIÓN,202601,0.0,26.2,-78.952218,-2.655804,-78.061676,-1.444489
2026-08-29,ECv_fa210_snap_a.7_0,protected_areas,Ecuador,EC,SANGAY,EN REVISIÓN,202602,0.0,26.2,-78.952218,-2.655804,-78.061676,-1.444489
2026-08-29,GF12023_0,protected_areas,French Guiana,GF,Abattis et Montagne Kotika,creada,201800,47.95,47.95,-54.329926,3.890352,-54.127079,4.109092
2026-08-29,GF12023_0,protected_areas,French Guiana,GF,Abattis et Montagne Kotika,creada,201900,10.98,58.93,-54.329926,3.890352,-54.127079,4.109092
2026-08-29,GF12023_0,protected_areas,French Guiana,GF,Abattis et Montagne Kotika,creada,202000,44.22,103.15,-54.329926,3.890352,-54.127079,4.109092
2026-08-29,GF12023_0,protected_areas,French Guiana,GF,Abattis et Montagne Kotika,creada,202100,30.41,133.56,-54.329926,3.890352,-54.127079,4.109092
2026-08-29,GF12023_0,protected_areas,French Guiana,GF,Abattis et Montagne Kotika,creada,202200,16.31,149.87,-54.329926,3.890352,-54.127079,4.109092
2026-08-29,GF12023_0,protected_areas,French Guiana,GF,Abattis et Montagne Kotika,creada,202300,56.75,206.62,-54.329926,3.890352,-54.127079,4.109092
2026-08-29,GF12023_0,protected_areas,French Guiana,GF,Abattis et Montagne Kotika,creada,202400,7.08,213.7,-54.329926,3.890352,-54.127079,4.109092
2026-08-29,GF12023_0,protected_areas,French Guiana,GF,Abattis et Montagne Kotika,creada,202501,0.0,213.7,-54.329926,3.890352,-54.127079,4.109092
2026-08-29,GF12023_0,protected_areas,French Guiana,GF,Abattis et Montagne Kotika,creada,202502,0.0,213.7,-54.329926,3.890352,-54.127079,4.109092
2026-08-29,GF12023_0,protected_areas,French Guiana,GF,Abattis et Montagne Kotika,creada,202503,5.1,218.81,-54.329926,3.890352,-54.127079,4.109092
2026-08-29,GF12023_0,protected_areas,French Guiana,GF,Abattis et Montagne Kotika,creada,202504,0.0,218.81,-54.329926,3.890352,-54.127079,4.109092
2026-08-29,GF12023_0,protected_areas,French Guiana,GF,Abattis et Montagne Kotika,creada,202601,0.0,218.81,-54.329926,3.890352,-54.127079,4.109092
2026-08-29,GF12023_0,protected_areas,French Guiana,GF,Abattis et Montagne Kotika,creada,202602,0.0,218.81,-54.329926,3.890352,-54.127079,4.109092
2026-08-29,GF12318_0,protected_areas,French Guiana,GF,Kaw-Roura,creada,201800,137.5,137.5,-52.422366,4.36521,-52.159095,4.856506
2026-08-29,GF12318_0,protected_areas,French Guiana,GF,Kaw-Roura,creada,201900,4.58,142.08,-52.422366,4.36521,-52.159095,4.856506
2026-08-29,GF12318_0,protected_areas,French Guiana,GF,Kaw-Roura,creada,202000,2.14,144.22,-52.422366,4.36521,-52.159095,4.856506
2026-08-29,GF12318_0,protected_areas,French Guiana,GF,Kaw-Roura,creada,202100,1.15,145.37,-52.422366,4.36521,-52.159095,4.856506
2026-08-29,GF12318_0,protected_areas,French Guiana,GF,Kaw-Roura,creada,202200,0.32,145.69,-52.422366,4.36521,-52.159095,4.856506
2026-08-29,GF12318_0,protected_areas,French Guiana,GF,Kaw-Roura,creada,202300,7.41,153.1,-52.422366,4.36521,-52.159095,4.856506
2026-08-29,GF12318_0,protected_areas,French Guiana,GF,Kaw-Roura,creada,202400,0.0,153.1,-52.422366,4.36521,-52.159095,4.856506
2026-08-29,GF12318_0,protected_areas,French Guiana,GF,Kaw-Roura,creada,202501,0.0,153.1,-52.422366,4.36521,-52.159095,4.856506
2026-08-29,GF12318_0,protected_areas,French Guiana,GF,Kaw-Roura,creada,202502,0.0,153.1,-52.422366,4.36521,-52.159095,4.856506
2026-08-29,GF12318_0,protected_areas,French Guiana,GF,Kaw-Roura,creada,202503,0.0,153.1,-52.422366,4.36521,-52.159095,4.856506
2026-08-29,GF12318_0,protected_areas,French Guiana,GF,Kaw-Roura,creada,202504,0.0,153.1,-52.422366,4.36521,-52.159095,4.856506
2026-08-29,GF12318_0,protected_areas,French Guiana,GF,Kaw-Roura,creada,202601,0.0,153.1,-52.422366,4.36521,-52.159095,4.856506
2026-08-29,GF12318_0,protected_areas,French Guiana,GF,Kaw-Roura,creada,202602,0.0,153.1,-52.422366,4.36521,-52.159095,4.856506
2026-08-29,GF12019_0,protected_areas,French Guiana,GF,Lucifer Dékou-Dékou,creada,201800,1837.77,1837.77,-54.070833,4.575953,-53.747965,4.995921
2026-08-29,GF12019_0,protected_areas,French Guiana,GF,Lucifer Dékou-Dékou,creada,201900,175.8,2013.57,-54.070833,4.575953,-53.747965,4.995921
2026-08-29,GF12019_0,protected_areas,French Guiana,GF,Lucifer Dékou-Dékou,creada,202000,199.38,2212.95,-54.070833,4.575953,-53.747965,4.995921
2026-08-29,GF12019_0,protected_areas,French Guiana,GF,Lucifer Dékou-Dékou,creada,202100,146.54,2359.49,-54.070833,4.575953,-53.747965,4.995921
2026-08-29,GF12019_0,protected_areas,French Guiana,GF,Lucifer Dékou-Dékou,creada,202200,183.29,2542.77,-54.070833,4.575953,-53.747965,4.995921
2026-08-29,GF12019_0,protected_areas,French Guiana,GF,Lucifer Dékou-Dékou,creada,202300,163.66,2706.43,-54.070833,4.575953,-53.747965,4.995921
2026-08-29,GF12019_0,protected_areas,French Guiana,GF,Lucifer Dékou-Dékou,creada,202400,72.24,2778.67,-54.070833,4.575953,-53.747965,4.995921
2026-08-29,GF12019_0,protected_areas,French Guiana,GF,Lucifer Dékou-Dékou,creada,202501,85.49,2864.16,-54.070833,4.575953,-53.747965,4.995921
2026-08-29,GF12019_0,protected_areas,French Guiana,GF,Lucifer Dékou-Dékou,creada,202502,0.0,2864.16,-54.070833,4.575953,-53.747965,4.995921
2026-08-29,GF12019_0,protected_areas,French Guiana,GF,Lucifer Dékou-Dékou,creada,202503,36.23,2900.39,-54.070833,4.575953,-53.747965,4.995921
2026-08-29,GF12019_0,protected_areas,French Guiana,GF,Lucifer Dékou-Dékou,creada,202504,2.42,2902.81,-54.070833,4.575953,-53.747965,4.995921
2026-08-29,GF12019_0,protected_areas,French Guiana,GF,Lucifer Dékou-Dékou,creada,202601,0.0,2902.81,-54.070833,4.575953,-53.747965,4.995921
2026-08-29,GF12019_0,protected_areas,French Guiana,GF,Lucifer Dékou-Dékou,creada,202602,0.69,2903.5,-54.070833,4.575953,-53.747965,4.995921
2026-08-29,GF12033_0,protected_areas,French Guiana,GF,Nouragues,creada,201800,77.3,77.3,-52.94262,3.861443,-52.561926,4.259573
2026-08-29,GF12033_0,protected_areas,French Guiana,GF,Nouragues,creada,201900,5.53,82.83,-52.94262,3.861443,-52.561926,4.259573
2026-08-29,GF12033_0,protected_areas,French Guiana,GF,Nouragues,creada,202000,3.09,85.93,-52.94262,3.861443,-52.561926,4.259573
2026-08-29,GF12033_0,protected_areas,French Guiana,GF,Nouragues,creada,202100,11.87,97.8,-52.94262,3.861443,-52.561926,4.259573
2026-08-29,GF12033_0,protected_areas,French Guiana,GF,Nouragues,creada,202200,0.0,97.8,-52.94262,3.861443,-52.561926,4.259573
2026-08-29,GF12033_0,protected_areas,French Guiana,GF,Nouragues,creada,202300,0.01,97.81,-52.94262,3.861443,-52.561926,4.259573
2026-08-29,GF12033_0,protected_areas,French Guiana,GF,Nouragues,creada,202400,0.06,97.87,-52.94262,3.861443,-52.561926,4.259573
2026-08-29,GF12033_0,protected_areas,French Guiana,GF,Nouragues,creada,202501,0.0,97.87,-52.94262,3.861443,-52.561926,4.259573
2026-08-29,GF12033_0,protected_areas,French Guiana,GF,Nouragues,creada,202502,0.0,97.87,-52.94262,3.861443,-52.561926,4.259573
2026-08-29,GF12033_0,protected_areas,French Guiana,GF,Nouragues,creada,202503,0.0,97.87,-52.94262,3.861443,-52.561926,4.259573
2026-08-29,GF12033_0,protected_areas,French Guiana,GF,Nouragues,creada,202504,0.0,97.87,-52.94262,3.861443,-52.561926,4.259573
2026-08-29,GF12033_0,protected_areas,French Guiana,GF,Nouragues,creada,202601,0.0,97.87,-52.94262,3.861443,-52.561926,4.259573
2026-08-29,GF12033_0,protected_areas,French Guiana,GF,Nouragues,creada,202602,0.0,97.87,-52.94262,3.861443,-52.561926,4.259573
2026-08-29,GF12315_0,protected_areas,French Guiana,GF,Parc Amazonien de Guyane,creada,201800,1398.62,1398.62,-54.602416,2.111076,-52.039153,4.468047
2026-08-29,GF12315_0,protected_areas,French Guiana,GF,Parc Amazonien de Guyane,creada,201900,314.34,1712.95,-54.602416,2.111076,-52.039153,4.468047
2026-08-29,GF12315_0,protected_areas,French Guiana,GF,Parc Amazonien de Guyane,creada,202000,339.62,2052.57,-54.602416,2.111076,-52.039153,4.468047
2026-08-29,GF12315_0,protected_areas,French Guiana,GF,Parc Amazonien de Guyane,creada,202100,264.51,2317.09,-54.602416,2.111076,-52.039153,4.468047
2026-08-29,GF12315_0,protected_areas,French Guiana,GF,Parc Amazonien de Guyane,creada,202200,231.26,2548.35,-54.602416,2.111076,-52.039153,4.468047
2026-08-29,GF12315_0,protected_areas,French Guiana,GF,Parc Amazonien de Guyane,creada,202300,189.56,2737.91,-54.602416,2.111076,-52.039153,4.468047
2026-08-29,GF12315_0,protected_areas,French Guiana,GF,Parc Amazonien de Guyane,creada,202400,109.96,2847.87,-54.602416,2.111076,-52.039153,4.468047
2026-08-29,GF12315_0,protected_areas,French Guiana,GF,Parc Amazonien de Guyane,creada,202501,15.94,2863.81,-54.602416,2.111076,-52.039153,4.468047
2026-08-29,GF12315_0,protected_areas,French Guiana,GF,Parc Amazonien de Guyane,creada,202502,91.94,2955.75,-54.602416,2.111076,-52.039153,4.468047
2026-08-29,GF12315_0,protected_areas,French Guiana,GF,Parc Amazonien de Guyane,creada,202503,78.77,3034.52,-54.602416,2.111076,-52.039153,4.468047
2026-08-29,GF12315_0,protected_areas,French Guiana,GF,Parc Amazonien de Guyane,creada,202504,0.0,3034.52,-54.602416,2.111076,-52.039153,4.468047
2026-08-29,GF12315_0,protected_areas,French Guiana,GF,Parc Amazonien de Guyane,creada,202601,0.0,3034.52,-54.602416,2.111076,-52.039153,4.468047
2026-08-29,GF12315_0,protected_areas,French Guiana,GF,Parc Amazonien de Guyane,creada,202602,74.08,3108.6,-54.602416,2.111076,-52.039153,4.468047
2026-08-29,GF12317_0,protected_areas,French Guiana,GF,Parc Naturel Régional de la Guyane,creada,201800,1408.27,1408.27,-53.994774,3.892776,-51.550323,6.023278
2026-08-29,GF12317_0,protected_areas,French Guiana,GF,Parc Naturel Régional de la Guyane,creada,201900,221.54,1629.81,-53.994774,3.892776,-51.550323,6.023278
2026-08-29,GF12317_0,protected_areas,French Guiana,GF,Parc Naturel Régional de la Guyane,creada,202000,212.79,1842.6,-53.994774,3.892776,-51.550323,6.023278
2026-08-29,GF12317_0,protected_areas,French Guiana,GF,Parc Naturel Régional de la Guyane,creada,202100,219.41,2062.01,-53.994774,3.892776,-51.550323,6.023278
2026-08-29,GF12317_0,protected_areas,French Guiana,GF,Parc Naturel Régional de la Guyane,creada,202200,78.8,2140.81,-53.994774,3.892776,-51.550323,6.023278
2026-08-29,GF12317_0,protected_areas,French Guiana,GF,Parc Naturel Régional de la Guyane,creada,202300,117.15,2257.96,-53.994774,3.892776,-51.550323,6.023278
2026-08-29,GF12317_0,protected_areas,French Guiana,GF,Parc Naturel Régional de la Guyane,creada,202400,49.97,2307.93,-53.994774,3.892776,-51.550323,6.023278
2026-08-29,GF12317_0,protected_areas,French Guiana,GF,Parc Naturel Régional de la Guyane,creada,202501,9.28,2317.22,-53.994774,3.892776,-51.550323,6.023278
2026-08-29,GF12317_0,protected_areas,French Guiana,GF,Parc Naturel Régional de la Guyane,creada,202502,41.54,2358.76,-53.994774,3.892776,-51.550323,6.023278
2026-08-29,GF12317_0,protected_areas,French Guiana,GF,Parc Naturel Régional de la Guyane,creada,202503,115.3,2474.06,-53.994774,3.892776,-51.550323,6.023278
2026-08-29,GF12317_0,protected_areas,French Guiana,GF,Parc Naturel Régional de la Guyane,creada,202504,18.35,2492.41,-53.994774,3.892776,-51.550323,6.023278
2026-08-29,GF12317_0,protected_areas,French Guiana,GF,Parc Naturel Régional de la Guyane,creada,202601,0.0,2492.41,-53.994774,3.892776,-51.550323,6.023278
2026-08-29,GF12317_0,protected_areas,French Guiana,GF,Parc Naturel Régional de la Guyane,creada,202602,57.73,2550.14,-53.994774,3.892776,-51.550323,6.023278
2026-08-29,GF12001_0,protected_areas,French Guiana,GF,Trinité,creada,201800,7.91,7.91,-53.434206,4.399861,-53.169334,4.744028
2026-08-29,GF12001_0,protected_areas,French Guiana,GF,Trinité,creada,201900,0.0,7.91,-53.434206,4.399861,-53.169334,4.744028
2026-08-29,GF12001_0,protected_areas,French Guiana,GF,Trinité,creada,202000,0.42,8.33,-53.434206,4.399861,-53.169334,4.744028
2026-08-29,GF12001_0,protected_areas,French Guiana,GF,Trinité,creada,202100,0.05,8.38,-53.434206,4.399861,-53.169334,4.744028
2026-08-29,GF12001_0,protected_areas,French Guiana,GF,Trinité,creada,202200,0.0,8.38,-53.434206,4.399861,-53.169334,4.744028
2026-08-29,GF12001_0,protected_areas,French Guiana,GF,Trinité,creada,202300,0.0,8.38,-53.434206,4.399861,-53.169334,4.744028
2026-08-29,GF12001_0,protected_areas,French Guiana,GF,Trinité,creada,202400,0.0,8.38,-53.434206,4.399861,-53.169334,4.744028
2026-08-29,GF12001_0,protected_areas,French Guiana,GF,Trinité,creada,202501,0.0,8.38,-53.434206,4.399861,-53.169334,4.744028
2026-08-29,GF12001_0,protected_areas,French Guiana,GF,Trinité,creada,202502,0.0,8.38,-53.434206,4.399861,-53.169334,4.744028
2026-08-29,GF12001_0,protected_areas,French Guiana,GF,Trinité,creada,202503,0.0,8.38,-53.434206,4.399861,-53.169334,4.744028
2026-08-29,GF12001_0,protected_areas,French Guiana,GF,Trinité,creada,202504,0.0,8.38,-53.434206,4.399861,-53.169334,4.744028
2026-08-29,GF12001_0,protected_areas,French Guiana,GF,Trinité,creada,202601,0.0,8.38,-53.434206,4.399861,-53.169334,4.744028
2026-08-29,GF12001_0,protected_areas,French Guiana,GF,Trinité,creada,202602,0.0,8.38,-53.434206,4.399861,-53.169334,4.744028
2026-08-29,GY15001_0,protected_areas,Guyana,GY,Extended Kaieteur,creada,201800,11.26,11.26,-59.642502,5.037339,-59.369002,5.317939
2026-08-29,GY15001_0,protected_areas,Guyana,GY,Extended Kaieteur,creada,201900,2.17,13.43,-59.642502,5.037339,-59.369002,5.317939
2026-08-29,GY15001_0,protected_areas,Guyana,GY,Extended Kaieteur,creada,202000,4.73,18.16,-59.642502,5.037339,-59.369002,5.317939
2026-08-29,GY15001_0,protected_areas,Guyana,GY,Extended Kaieteur,creada,202100,0.0,18.16,-59.642502,5.037339,-59.369002,5.317939
2026-08-29,GY15001_0,protected_areas,Guyana,GY,Extended Kaieteur,creada,202200,0.0,18.16,-59.642502,5.037339,-59.369002,5.317939
2026-08-29,GY15001_0,protected_areas,Guyana,GY,Extended Kaieteur,creada,202300,22.1,40.26,-59.642502,5.037339,-59.369002,5.317939
2026-08-29,GY15001_0,protected_areas,Guyana,GY,Extended Kaieteur,creada,202400,9.12,49.38,-59.642502,5.037339,-59.369002,5.317939
2026-08-29,GY15001_0,protected_areas,Guyana,GY,Extended Kaieteur,creada,202501,0.0,49.38,-59.642502,5.037339,-59.369002,5.317939
2026-08-29,GY15001_0,protected_areas,Guyana,GY,Extended Kaieteur,creada,202502,22.2,71.58,-59.642502,5.037339,-59.369002,5.317939
2026-08-29,GY15001_0,protected_areas,Guyana,GY,Extended Kaieteur,creada,202503,44.59,116.17,-59.642502,5.037339,-59.369002,5.317939
2026-08-29,GY15001_0,protected_areas,Guyana,GY,Extended Kaieteur,creada,202504,0.0,116.17,-59.642502,5.037339,-59.369002,5.317939
2026-08-29,GY15001_0,protected_areas,Guyana,GY,Extended Kaieteur,creada,202601,0.0,116.17,-59.642502,5.037339,-59.369002,5.317939
2026-08-29,GY15001_0,protected_areas,Guyana,GY,Extended Kaieteur,creada,202602,0.0,116.17,-59.642502,5.037339,-59.369002,5.317939
2026-08-29,GY15003_0,protected_areas,Guyana,GY,Iwokrama,creada,201800,0.0,0.0,-59.268613,4.12729,-58.483415,4.842061
2026-08-29,GY15003_0,protected_areas,Guyana,GY,Iwokrama,creada,201900,0.0,0.0,-59.268613,4.12729,-58.483415,4.842061
2026-08-29,GY15003_0,protected_areas,Guyana,GY,Iwokrama,creada,202000,1.05,1.05,-59.268613,4.12729,-58.483415,4.842061
2026-08-29,GY15003_0,protected_areas,Guyana,GY,Iwokrama,creada,202100,0.08,1.12,-59.268613,4.12729,-58.483415,4.842061
2026-08-29,GY15003_0,protected_areas,Guyana,GY,Iwokrama,creada,202200,0.0,1.12,-59.268613,4.12729,-58.483415,4.842061
2026-08-29,GY15003_0,protected_areas,Guyana,GY,Iwokrama,creada,202300,0.0,1.12,-59.268613,4.12729,-58.483415,4.842061
2026-08-29,GY15003_0,protected_areas,Guyana,GY,Iwokrama,creada,202400,0.0,1.12,-59.268613,4.12729,-58.483415,4.842061
2026-08-29,GY15003_0,protected_areas,Guyana,GY,Iwokrama,creada,202501,22.25,23.37,-59.268613,4.12729,-58.483415,4.842061
2026-08-29,GY15003_0,protected_areas,Guyana,GY,Iwokrama,creada,202502,1.7,25.07,-59.268613,4.12729,-58.483415,4.842061
2026-08-29,GY15003_0,protected_areas,Guyana,GY,Iwokrama,creada,202503,2.37,27.45,-59.268613,4.12729,-58.483415,4.842061
2026-08-29,GY15003_0,protected_areas,Guyana,GY,Iwokrama,creada,202504,0.0,27.45,-59.268613,4.12729,-58.483415,4.842061
2026-08-29,GY15003_0,protected_areas,Guyana,GY,Iwokrama,creada,202601,0.0,27.45,-59.268613,4.12729,-58.483415,4.842061
2026-08-29,GY15003_0,protected_areas,Guyana,GY,Iwokrama,creada,202602,11.01,38.46,-59.268613,4.12729,-58.483415,4.842061
2026-08-29,PE27_0,protected_areas,Peru,PE,Amarakaeri,,201800,10052.42,10052.42,-71.403461,-13.281401,-70.393596,-12.264114
2026-08-29,PE27_0,protected_areas,Peru,PE,Amarakaeri,,201900,1196.11,11248.52,-71.403461,-13.281401,-70.393596,-12.264114
2026-08-29,PE27_0,protected_areas,Peru,PE,Amarakaeri,,202000,901.95,12150.48,-71.403461,-13.281401,-70.393596,-12.264114
2026-08-29,PE27_0,protected_areas,Peru,PE,Amarakaeri,,202100,1095.45,13245.93,-71.403461,-13.281401,-70.393596,-12.264114
2026-08-29,PE27_0,protected_areas,Peru,PE,Amarakaeri,,202200,844.28,14090.21,-71.403461,-13.281401,-70.393596,-12.264114
2026-08-29,PE27_0,protected_areas,Peru,PE,Amarakaeri,,202300,1039.62,15129.83,-71.403461,-13.281401,-70.393596,-12.264114
2026-08-29,PE27_0,protected_areas,Peru,PE,Amarakaeri,,202400,1226.58,16356.4,-71.403461,-13.281401,-70.393596,-12.264114
2026-08-29,PE27_0,protected_areas,Peru,PE,Amarakaeri,,202501,89.93,16446.33,-71.403461,-13.281401,-70.393596,-12.264114
2026-08-29,PE27_0,protected_areas,Peru,PE,Amarakaeri,,202502,143.1,16589.44,-71.403461,-13.281401,-70.393596,-12.264114
2026-08-29,PE27_0,protected_areas,Peru,PE,Amarakaeri,,202503,122.16,16711.59,-71.403461,-13.281401,-70.393596,-12.264114
2026-08-29,PE27_0,protected_areas,Peru,PE,Amarakaeri,,202504,117.95,16829.55,-71.403461,-13.281401,-70.393596,-12.264114
2026-08-29,PE27_0,protected_areas,Peru,PE,Amarakaeri,,202601,0.0,16829.55,-71.403461,-13.281401,-70.393596,-12.264114
2026-08-29,PE27_0,protected_areas,Peru,PE,Amarakaeri,,202602,739.86,17569.41,-71.403461,-13.281401,-70.393596,-12.264114
2026-08-29,PE17_0,protected_areas,Peru,PE,Bahuaja-Sonene,,201800,3234.27,3234.27,-70.39857,-14.119637,-68.712302,-12.661179
2026-08-29,PE17_0,protected_areas,Peru,PE,Bahuaja-Sonene,,201900,521.43,3755.7,-70.39857,-14.119637,-68.712302,-12.661179
2026-08-29,PE17_0,protected_areas,Peru,PE,Bahuaja-Sonene,,202000,514.85,4270.56,-70.39857,-14.119637,-68.712302,-12.661179
2026-08-29,PE17_0,protected_areas,Peru,PE,Bahuaja-Sonene,,202100,225.8,4496.36,-70.39857,-14.119637,-68.712302,-12.661179
2026-08-29,PE17_0,protected_areas,Peru,PE,Bahuaja-Sonene,,202200,192.69,4689.05,-70.39857,-14.119637,-68.712302,-12.661179
2026-08-29,PE17_0,protected_areas,Peru,PE,Bahuaja-Sonene,,202300,345.53,5034.58,-70.39857,-14.119637,-68.712302,-12.661179
2026-08-29,PE17_0,protected_areas,Peru,PE,Bahuaja-Sonene,,202400,235.42,5270.0,-70.39857,-14.119637,-68.712302,-12.661179
2026-08-29,PE17_0,protected_areas,Peru,PE,Bahuaja-Sonene,,202501,11.49,5281.49,-70.39857,-14.119637,-68.712302,-12.661179
2026-08-29,PE17_0,protected_areas,Peru,PE,Bahuaja-Sonene,,202502,1.14,5282.62,-70.39857,-14.119637,-68.712302,-12.661179
2026-08-29,PE17_0,protected_areas,Peru,PE,Bahuaja-Sonene,,202503,38.31,5320.93,-70.39857,-14.119637,-68.712302,-12.661179
2026-08-29,PE17_0,protected_areas,Peru,PE,Bahuaja-Sonene,,202504,95.57,5416.5,-70.39857,-14.119637,-68.712302,-12.661179
2026-08-29,PE17_0,protected_areas,Peru,PE,Bahuaja-Sonene,,202601,0.0,5416.5,-70.39857,-14.119637,-68.712302,-12.661179
2026-08-29,PE17_0,protected_areas,Peru,PE,Bahuaja-Sonene,,202602,38.5,5455.01,-70.39857,-14.119637,-68.712302,-12.661179
2026-08-29,PE26_0,protected_areas,Peru,PE,El Sira,,201800,17.39,17.39,-75.043228,-10.920531,-73.943791,-8.696266
2026-08-29,PE26_0,protected_areas,Peru,PE,El Sira,,201900,59.41,76.8,-75.043228,-10.920531,-73.943791,-8.696266
2026-08-29,PE26_0,protected_areas,Peru,PE,El Sira,,202000,69.03,145.83,-75.043228,-10.920531,-73.943791,-8.696266
2026-08-29,PE26_0,protected_areas,Peru,PE,El Sira,,202100,190.26,336.09,-75.043228,-10.920531,-73.943791,-8.696266
2026-08-29,PE26_0,protected_areas,Peru,PE,El Sira,,202200,380.95,717.04,-75.043228,-10.920531,-73.943791,-8.696266
2026-08-29,PE26_0,protected_areas,Peru,PE,El Sira,,202300,237.37,954.41,-75.043228,-10.920531,-73.943791,-8.696266
2026-08-29,PE26_0,protected_areas,Peru,PE,El Sira,,202400,842.16,1796.57,-75.043228,-10.920531,-73.943791,-8.696266
2026-08-29,PE26_0,protected_areas,Peru,PE,El Sira,,202501,582.57,2379.14,-75.043228,-10.920531,-73.943791,-8.696266
2026-08-29,PE26_0,protected_areas,Peru,PE,El Sira,,202502,210.97,2590.11,-75.043228,-10.920531,-73.943791,-8.696266
2026-08-29,PE26_0,protected_areas,Peru,PE,El Sira,,202503,793.23,3383.34,-75.043228,-10.920531,-73.943791,-8.696266
2026-08-29,PE26_0,protected_areas,Peru,PE,El Sira,,202504,102.56,3485.9,-75.043228,-10.920531,-73.943791,-8.696266
2026-08-29,PE26_0,protected_areas,Peru,PE,El Sira,,202601,54.75,3540.65,-75.043228,-10.920531,-73.943791,-8.696266
2026-08-29,PE26_0,protected_areas,Peru,PE,El Sira,,202602,569.86,4110.51,-75.043228,-10.920531,-73.943791,-8.696266
2026-08-29,PE810_0,protected_areas,Peru,PE,Gran Pajatén,,201800,0.0,0.0,-78.038154,-8.57016,-76.491884,-6.245584
2026-08-29,PE810_0,protected_areas,Peru,PE,Gran Pajatén,,201900,0.0,0.0,-78.038154,-8.57016,-76.491884,-6.245584
2026-08-29,PE810_0,protected_areas,Peru,PE,Gran Pajatén,,202000,0.0,0.0,-78.038154,-8.57016,-76.491884,-6.245584
2026-08-29,PE810_0,protected_areas,Peru,PE,Gran Pajatén,,202100,0.0,0.0,-78.038154,-8.57016,-76.491884,-6.245584
2026-08-29,PE810_0,protected_areas,Peru,PE,Gran Pajatén,,202200,11.68,11.68,-78.038154,-8.57016,-76.491884,-6.245584
2026-08-29,PE810_0,protected_areas,Peru,PE,Gran Pajatén,,202300,0.0,11.68,-78.038154,-8.57016,-76.491884,-6.245584
2026-08-29,PE810_0,protected_areas,Peru,PE,Gran Pajatén,,202400,0.0,11.68,-78.038154,-8.57016,-76.491884,-6.245584
2026-08-29,PE810_0,protected_areas,Peru,PE,Gran Pajatén,,202501,0.0,11.68,-78.038154,-8.57016,-76.491884,-6.245584
2026-08-29,PE810_0,protected_areas,Peru,PE,Gran Pajatén,,202502,0.0,11.68,-78.038154,-8.57016,-76.491884,-6.245584
2026-08-29,PE810_0,protected_areas,Peru,PE,Gran Pajatén,,202503,0.0,11.68,-78.038154,-8.57016,-76.491884,-6.245584
2026-08-29,PE810_0,protected_areas,Peru,PE,Gran Pajatén,,202504,0.0,11.68,-78.038154,-8.57016,-76.491884,-6.245584
2026-08-29,PE810_0,protected_areas,Peru,PE,Gran Pajatén,,202601,0.0,11.68,-78.038154,-8.57016,-76.491884,-6.245584
2026-08-29,PE810_0,protected_areas,Peru,PE,Gran Pajatén,,202602,0.0,11.68,-78.038154,-8.57016,-76.491884,-6.245584
2026-08-29,PE359_0,protected_areas,Peru,PE,Los Amigos,,201800,0.0,0.0,-70.100421,-12.586986,-70.082052,-12.570771
2026-08-29,PE359_0,protected_areas,Peru,PE,Los Amigos,,201900,0.0,0.0,-70.100421,-12.586986,-70.082052,-12.570771
2026-08-29,PE359_0,protected_areas,Peru,PE,Los Amigos,,202000,0.35,0.35,-70.100421,-12.586986,-70.082052,-12.570771
2026-08-29,PE359_0,protected_areas,Peru,PE,Los Amigos,,202100,0.0,0.35,-70.100421,-12.586986,-70.082052,-12.570771
2026-08-29,PE359_0,protected_areas,Peru,PE,Los Amigos,,202200,0.79,1.13,-70.100421,-12.586986,-70.082052,-12.570771
2026-08-29,PE359_0,protected_areas,Peru,PE,Los Amigos,,202300,0.48,1.61,-70.100421,-12.586986,-70.082052,-12.570771
2026-08-29,PE359_0,protected_areas,Peru,PE,Los Amigos,,202400,0.0,1.61,-70.100421,-12.586986,-70.082052,-12.570771
2026-08-29,PE359_0,protected_areas,Peru,PE,Los Amigos,,202501,0.0,1.61,-70.100421,-12.586986,-70.082052,-12.570771
2026-08-29,PE359_0,protected_areas,Peru,PE,Los Amigos,,202502,0.0,1.61,-70.100421,-12.586986,-70.082052,-12.570771
2026-08-29,PE359_0,protected_areas,Peru,PE,Los Amigos,,202503,0.0,1.61,-70.100421,-12.586986,-70.082052,-12.570771
2026-08-29,PE359_0,protected_areas,Peru,PE,Los Amigos,,202504,0.0,1.61,-70.100421,-12.586986,-70.082052,-12.570771
2026-08-29,PE359_0,protected_areas,Peru,PE,Los Amigos,,202601,0.0,1.61,-70.100421,-12.586986,-70.082052,-12.570771
2026-08-29,PE359_0,protected_areas,Peru,PE,Los Amigos,,202602,0.0,1.61,-70.100421,-12.586986,-70.082052,-12.570771
2026-08-29,PE278_0,protected_areas,Peru,PE,Panguana,,201800,0.0,0.0,-74.938458,-9.634343,-74.9276,-9.606812
2026-08-29,PE278_0,protected_areas,Peru,PE,Panguana,,201900,0.0,0.0,-74.938458,-9.634343,-74.9276,-9.606812
2026-08-29,PE278_0,protected_areas,Peru,PE,Panguana,,202000,0.0,0.0,-74.938458,-9.634343,-74.9276,-9.606812
2026-08-29,PE278_0,protected_areas,Peru,PE,Panguana,,202100,0.0,0.0,-74.938458,-9.634343,-74.9276,-9.606812
2026-08-29,PE278_0,protected_areas,Peru,PE,Panguana,,202200,0.0,0.0,-74.938458,-9.634343,-74.9276,-9.606812
2026-08-29,PE278_0,protected_areas,Peru,PE,Panguana,,202300,0.0,0.0,-74.938458,-9.634343,-74.9276,-9.606812
2026-08-29,PE278_0,protected_areas,Peru,PE,Panguana,,202400,0.0,0.0,-74.938458,-9.634343,-74.9276,-9.606812
2026-08-29,PE278_0,protected_areas,Peru,PE,Panguana,,202501,0.0,0.0,-74.938458,-9.634343,-74.9276,-9.606812
2026-08-29,PE278_0,protected_areas,Peru,PE,Panguana,,202502,0.0,0.0,-74.938458,-9.634343,-74.9276,-9.606812
2026-08-29,PE278_0,protected_areas,Peru,PE,Panguana,,202503,0.0,0.0,-74.938458,-9.634343,-74.9276,-9.606812
2026-08-29,PE278_0,protected_areas,Peru,PE,Panguana,,202504,12.9,12.9,-74.938458,-9.634343,-74.9276,-9.606812
2026-08-29,PE278_0,protected_areas,Peru,PE,Panguana,,202601,0.0,12.9,-74.938458,-9.634343,-74.9276,-9.606812
2026-08-29,PE278_0,protected_areas,Peru,PE,Panguana,,202602,0.2,13.1,-74.938458,-9.634343,-74.9276,-9.606812
2026-08-29,PE23_0,protected_areas,Peru,PE,Sierra del Divisor,,201800,0.0,0.0,-74.995073,-8.223412,-73.104041,-6.107981
2026-08-29,PE23_0,protected_areas,Peru,PE,Sierra del Divisor,,201900,0.0,0.0,-74.995073,-8.223412,-73.104041,-6.107981
2026-08-29,PE23_0,protected_areas,Peru,PE,Sierra del Divisor,,202000,0.0,0.0,-74.995073,-8.223412,-73.104041,-6.107981
2026-08-29,PE23_0,protected_areas,Peru,PE,Sierra del Divisor,,202100,0.0,0.0,-74.995073,-8.223412,-73.104041,-6.107981
2026-08-29,PE23_0,protected_areas,Peru,PE,Sierra del Divisor,,202200,0.0,0.0,-74.995073,-8.223412,-73.104041,-6.107981
2026-08-29,PE23_0,protected_areas,Peru,PE,Sierra del Divisor,,202300,5.85,5.85,-74.995073,-8.223412,-73.104041,-6.107981
2026-08-29,PE23_0,protected_areas,Peru,PE,Sierra del Divisor,,202400,0.0,5.85,-74.995073,-8.223412,-73.104041,-6.107981
2026-08-29,PE23_0,protected_areas,Peru,PE,Sierra del Divisor,,202501,0.0,5.85,-74.995073,-8.223412,-73.104041,-6.107981
2026-08-29,PE23_0,protected_areas,Peru,PE,Sierra del Divisor,,202502,0.0,5.85,-74.995073,-8.223412,-73.104041,-6.107981
2026-08-29,PE23_0,protected_areas,Peru,PE,Sierra del Divisor,,202503,0.0,5.85,-74.995073,-8.223412,-73.104041,-6.107981
2026-08-29,PE23_0,protected_areas,Peru,PE,Sierra del Divisor,,202504,0.0,5.85,-74.995073,-8.223412,-73.104041,-6.107981
2026-08-29,PE23_0,protected_areas,Peru,PE,Sierra del Divisor,,202601,0.0,5.85,-74.995073,-8.223412,-73.104041,-6.107981
2026-08-29,PE23_0,protected_areas,Peru,PE,Sierra del Divisor,,202602,0.0,5.85,-74.995073,-8.223412,-73.104041,-6.107981
2026-08-29,PE46_0,protected_areas,Peru,PE,Tambopata,,201800,17798.68,17798.68,-70.371533,-13.174004,-68.65278,-12.450849
2026-08-29,PE46_0,protected_areas,Peru,PE,Tambopata,,201900,1722.75,19521.43,-70.371533,-13.174004,-68.65278,-12.450849
2026-08-29,PE46_0,protected_areas,Peru,PE,Tambopata,,202000,1089.24,20610.67,-70.371533,-13.174004,-68.65278,-12.450849
2026-08-29,PE46_0,protected_areas,Peru,PE,Tambopata,,202100,863.53,21474.2,-70.371533,-13.174004,-68.65278,-12.450849
2026-08-29,PE46_0,protected_areas,Peru,PE,Tambopata,,202200,845.32,22319.52,-70.371533,-13.174004,-68.65278,-12.450849
2026-08-29,PE46_0,protected_areas,Peru,PE,Tambopata,,202300,1156.51,23476.03,-70.371533,-13.174004,-68.65278,-12.450849
2026-08-29,PE46_0,protected_areas,Peru,PE,Tambopata,,202400,1619.15,25095.18,-70.371533,-13.174004,-68.65278,-12.450849
2026-08-29,PE46_0,protected_areas,Peru,PE,Tambopata,,202501,28.5,25123.68,-70.371533,-13.174004,-68.65278,-12.450849
2026-08-29,PE46_0,protected_areas,Peru,PE,Tambopata,,202502,967.46,26091.14,-70.371533,-13.174004,-68.65278,-12.450849
2026-08-29,PE46_0,protected_areas,Peru,PE,Tambopata,,202503,562.6,26653.74,-70.371533,-13.174004,-68.65278,-12.450849
2026-08-29,PE46_0,protected_areas,Peru,PE,Tambopata,,202504,620.92,27274.66,-70.371533,-13.174004,-68.65278,-12.450849
2026-08-29,PE46_0,protected_areas,Peru,PE,Tambopata,,202601,202.1,27476.76,-70.371533,-13.174004,-68.65278,-12.450849
2026-08-29,PE46_0,protected_areas,Peru,PE,Tambopata,,202602,2446.0,29922.76,-70.371533,-13.174004,-68.65278,-12.450849
2026-08-29,SR7.0_0,protected_areas,Suriname,SR,Brinckheuvel,Created,201800,0.0,0.0,-55.384594,5.103567,-55.277597,5.210061
2026-08-29,SR7.0_0,protected_areas,Suriname,SR,Brinckheuvel,Created,201900,0.0,0.0,-55.384594,5.103567,-55.277597,5.210061
2026-08-29,SR7.0_0,protected_areas,Suriname,SR,Brinckheuvel,Created,202000,0.0,0.0,-55.384594,5.103567,-55.277597,5.210061
2026-08-29,SR7.0_0,protected_areas,Suriname,SR,Brinckheuvel,Created,202100,0.0,0.0,-55.384594,5.103567,-55.277597,5.210061
2026-08-29,SR7.0_0,protected_areas,Suriname,SR,Brinckheuvel,Created,202200,0.0,0.0,-55.384594,5.103567,-55.277597,5.210061
2026-08-29,SR7.0_0,protected_areas,Suriname,SR,Brinckheuvel,Created,202300,0.0,0.0,-55.384594,5.103567,-55.277597,5.210061
2026-08-29,SR7.0_0,protected_areas,Suriname,SR,Brinckheuvel,Created,202400,0.0,0.0,-55.384594,5.103567,-55.277597,5.210061
2026-08-29,SR7.0_0,protected_areas,Suriname,SR,Brinckheuvel,Created,202501,0.0,0.0,-55.384594,5.103567,-55.277597,5.210061
2026-08-29,SR7.0_0,protected_areas,Suriname,SR,Brinckheuvel,Created,202502,0.0,0.0,-55.384594,5.103567,-55.277597,5.210061
2026-08-29,SR7.0_0,protected_areas,Suriname,SR,Brinckheuvel,Created,202503,6.09,6.09,-55.384594,5.103567,-55.277597,5.210061
2026-08-29,SR7.0_0,protected_areas,Suriname,SR,Brinckheuvel,Created,202504,0.0,6.09,-55.384594,5.103567,-55.277597,5.210061
2026-08-29,SR7.0_0,protected_areas,Suriname,SR,Brinckheuvel,Created,202601,0.0,6.09,-55.384594,5.103567,-55.277597,5.210061
2026-08-29,SR7.0_0,protected_areas,Suriname,SR,Brinckheuvel,Created,202602,0.0,6.09,-55.384594,5.103567,-55.277597,5.210061
2026-08-29,SR19.0_0,protected_areas,Suriname,SR,Brownsberg,Created,201800,1115.21,1115.21,-55.229746,4.803841,-55.130117,4.983567
2026-08-29,SR19.0_0,protected_areas,Suriname,SR,Brownsberg,Created,201900,114.96,1230.17,-55.229746,4.803841,-55.130117,4.983567
2026-08-29,SR19.0_0,protected_areas,Suriname,SR,Brownsberg,Created,202000,71.96,1302.13,-55.229746,4.803841,-55.130117,4.983567
2026-08-29,SR19.0_0,protected_areas,Suriname,SR,Brownsberg,Created,202100,129.79,1431.92,-55.229746,4.803841,-55.130117,4.983567
2026-08-29,SR19.0_0,protected_areas,Suriname,SR,Brownsberg,Created,202200,85.68,1517.6,-55.229746,4.803841,-55.130117,4.983567
2026-08-29,SR19.0_0,protected_areas,Suriname,SR,Brownsberg,Created,202300,78.97,1596.57,-55.229746,4.803841,-55.130117,4.983567
2026-08-29,SR19.0_0,protected_areas,Suriname,SR,Brownsberg,Created,202400,124.15,1720.72,-55.229746,4.803841,-55.130117,4.983567
2026-08-29,SR19.0_0,protected_areas,Suriname,SR,Brownsberg,Created,202501,65.26,1785.99,-55.229746,4.803841,-55.130117,4.983567
2026-08-29,SR19.0_0,protected_areas,Suriname,SR,Brownsberg,Created,202502,1.49,1787.48,-55.229746,4.803841,-55.130117,4.983567
2026-08-29,SR19.0_0,protected_areas,Suriname,SR,Brownsberg,Created,202503,19.45,1806.93,-55.229746,4.803841,-55.130117,4.983567
2026-08-29,SR19.0_0,protected_areas,Suriname,SR,Brownsberg,Created,202504,0.0,1806.93,-55.229746,4.803841,-55.130117,4.983567
2026-08-29,SR19.0_0,protected_areas,Suriname,SR,Brownsberg,Created,202601,2.1,1809.03,-55.229746,4.803841,-55.130117,4.983567
2026-08-29,SR19.0_0,protected_areas,Suriname,SR,Brownsberg,Created,202602,24.59,1833.62,-55.229746,4.803841,-55.130117,4.983567
2026-08-29,VE55035_0,protected_areas,Venezuela,VE,Canaima,creada,201800,1184.49,1184.49,-62.985738,4.68678,-60.673744,6.47978
2026-08-29,VE55035_0,protected_areas,Venezuela,VE,Canaima,creada,201900,217.68,1402.17,-62.985738,4.68678,-60.673744,6.47978
2026-08-29,VE55035_0,protected_areas,Venezuela,VE,Canaima,creada,202000,162.82,1565.0,-62.985738,4.68678,-60.673744,6.47978
2026-08-29,VE55035_0,protected_areas,Venezuela,VE,Canaima,creada,202100,189.16,1754.15,-62.985738,4.68678,-60.673744,6.47978
2026-08-29,VE55035_0,protected_areas,Venezuela,VE,Canaima,creada,202200,176.65,1930.8,-62.985738,4.68678,-60.673744,6.47978
2026-08-29,VE55035_0,protected_areas,Venezuela,VE,Canaima,creada,202300,130.05,2060.85,-62.985738,4.68678,-60.673744,6.47978
2026-08-29,VE55035_0,protected_areas,Venezuela,VE,Canaima,creada,202400,70.69,2131.54,-62.985738,4.68678,-60.673744,6.47978
2026-08-29,VE55035_0,protected_areas,Venezuela,VE,Canaima,creada,202501,203.51,2335.05,-62.985738,4.68678,-60.673744,6.47978
2026-08-29,VE55035_0,protected_areas,Venezuela,VE,Canaima,creada,202502,18.92,2353.97,-62.985738,4.68678,-60.673744,6.47978
2026-08-29,VE55035_0,protected_areas,Venezuela,VE,Canaima,creada,202503,62.62,2416.59,-62.985738,4.68678,-60.673744,6.47978
2026-08-29,VE55035_0,protected_areas,Venezuela,VE,Canaima,creada,202504,5.07,2421.66,-62.985738,4.68678,-60.673744,6.47978
2026-08-29,VE55035_0,protected_areas,Venezuela,VE,Canaima,creada,202601,8.55,2430.21,-62.985738,4.68678,-60.673744,6.47978
2026-08-29,VE55035_0,protected_areas,Venezuela,VE,Canaima,creada,202602,46.3,2476.51,-62.985738,4.68678,-60.673744,6.47978
2026-08-29,VE55043_0,protected_areas,Venezuela,VE,Caura,creada,201800,310.54,310.54,-65.760131,3.840267,-63.166667,7.483481
2026-08-29,VE55043_0,protected_areas,Venezuela,VE,Caura,creada,201900,163.95,474.49,-65.760131,3.840267,-63.166667,7.483481
2026-08-29,VE55043_0,protected_areas,Venezuela,VE,Caura,creada,202000,53.88,528.37,-65.760131,3.840267,-63.166667,7.483481
2026-08-29,VE55043_0,protected_areas,Venezuela,VE,Caura,creada,202100,31.88,560.25,-65.760131,3.840267,-63.166667,7.483481
2026-08-29,VE55043_0,protected_areas,Venezuela,VE,Caura,creada,202200,97.04,657.29,-65.760131,3.840267,-63.166667,7.483481
2026-08-29,VE55043_0,protected_areas,Venezuela,VE,Caura,creada,202300,81.57,738.86,-65.760131,3.840267,-63.166667,7.483481
2026-08-29,VE55043_0,protected_areas,Venezuela,VE,Caura,creada,202400,48.77,787.62,-65.760131,3.840267,-63.166667,7.483481
2026-08-29,VE55043_0,protected_areas,Venezuela,VE,Caura,creada,202501,10.7,798.32,-65.760131,3.840267,-63.166667,7.483481
2026-08-29,VE55043_0,protected_areas,Venezuela,VE,Caura,creada,202502,0.0,798.32,-65.760131,3.840267,-63.166667,7.483481
2026-08-29,VE55043_0,protected_areas,Venezuela,VE,Caura,creada,202503,7.02,805.34,-65.760131,3.840267,-63.166667,7.483481
2026-08-29,VE55043_0,protected_areas,Venezuela,VE,Caura,creada,202504,0.0,805.34,-65.760131,3.840267,-63.166667,7.483481
2026-08-29,VE55043_0,protected_areas,Venezuela,VE,Caura,creada,202601,85.62,890.96,-65.760131,3.840267,-63.166667,7.483481
2026-08-29,VE55043_0,protected_areas,Venezuela,VE,Caura,creada,202602,0.98,891.94,-65.760131,3.840267,-63.166667,7.483481
2026-08-29,VE55005_0,protected_areas,Venezuela,VE,Cerro Guaiquinima,creada,201800,108.06,108.06,-64.166667,5.5,-63.333333,6.166667
2026-08-29,VE55005_0,protected_areas,Venezuela,VE,Cerro Guaiquinima,creada,201900,89.76,197.82,-64.166667,5.5,-63.333333,6.166667
2026-08-29,VE55005_0,protected_areas,Venezuela,VE,Cerro Guaiquinima,creada,202000,5.95,203.77,-64.166667,5.5,-63.333333,6.166667
2026-08-29,VE55005_0,protected_areas,Venezuela,VE,Cerro Guaiquinima,creada,202100,2.69,206.46,-64.166667,5.5,-63.333333,6.166667
2026-08-29,VE55005_0,protected_areas,Venezuela,VE,Cerro Guaiquinima,creada,202200,15.03,221.49,-64.166667,5.5,-63.333333,6.166667
2026-08-29,VE55005_0,protected_areas,Venezuela,VE,Cerro Guaiquinima,creada,202300,33.36,254.85,-64.166667,5.5,-63.333333,6.166667
2026-08-29,VE55005_0,protected_areas,Venezuela,VE,Cerro Guaiquinima,creada,202400,6.06,260.91,-64.166667,5.5,-63.333333,6.166667
2026-08-29,VE55005_0,protected_areas,Venezuela,VE,Cerro Guaiquinima,creada,202501,4.83,265.74,-64.166667,5.5,-63.333333,6.166667
2026-08-29,VE55005_0,protected_areas,Venezuela,VE,Cerro Guaiquinima,creada,202502,0.0,265.74,-64.166667,5.5,-63.333333,6.166667
2026-08-29,VE55005_0,protected_areas,Venezuela,VE,Cerro Guaiquinima,creada,202503,7.02,272.76,-64.166667,5.5,-63.333333,6.166667
2026-08-29,VE55005_0,protected_areas,Venezuela,VE,Cerro Guaiquinima,creada,202504,0.0,272.76,-64.166667,5.5,-63.333333,6.166667
2026-08-29,VE55005_0,protected_areas,Venezuela,VE,Cerro Guaiquinima,creada,202601,0.0,272.76,-64.166667,5.5,-63.333333,6.166667
2026-08-29,VE55005_0,protected_areas,Venezuela,VE,Cerro Guaiquinima,creada,202602,0.98,273.74,-64.166667,5.5,-63.333333,6.166667
2026-08-29,VE57007_0,protected_areas,Venezuela,VE,Dorado Tumeremo,creada,201800,254.83,254.83,-61.618048,6.69726,-61.392683,7.127961
2026-08-29,VE57007_0,protected_areas,Venezuela,VE,Dorado Tumeremo,creada,201900,311.69,566.52,-61.618048,6.69726,-61.392683,7.127961
2026-08-29,VE57007_0,protected_areas,Venezuela,VE,Dorado Tumeremo,creada,202000,108.41,674.93,-61.618048,6.69726,-61.392683,7.127961
2026-08-29,VE57007_0,protected_areas,Venezuela,VE,Dorado Tumeremo,creada,202100,29.12,704.05,-61.618048,6.69726,-61.392683,7.127961
2026-08-29,VE57007_0,protected_areas,Venezuela,VE,Dorado Tumeremo,creada,202200,60.08,764.13,-61.618048,6.69726,-61.392683,7.127961
2026-08-29,VE57007_0,protected_areas,Venezuela,VE,Dorado Tumeremo,creada,202300,113.06,877.19,-61.618048,6.69726,-61.392683,7.127961
2026-08-29,VE57007_0,protected_areas,Venezuela,VE,Dorado Tumeremo,creada,202400,111.77,988.96,-61.618048,6.69726,-61.392683,7.127961
2026-08-29,VE57007_0,protected_areas,Venezuela,VE,Dorado Tumeremo,creada,202501,0.0,988.96,-61.618048,6.69726,-61.392683,7.127961
2026-08-29,VE57007_0,protected_areas,Venezuela,VE,Dorado Tumeremo,creada,202502,0.0,988.96,-61.618048,6.69726,-61.392683,7.127961
2026-08-29,VE57007_0,protected_areas,Venezuela,VE,Dorado Tumeremo,creada,202503,91.88,1080.84,-61.618048,6.69726,-61.392683,7.127961
2026-08-29,VE57007_0,protected_areas,Venezuela,VE,Dorado Tumeremo,creada,202504,14.51,1095.35,-61.618048,6.69726,-61.392683,7.127961
2026-08-29,VE57007_0,protected_areas,Venezuela,VE,Dorado Tumeremo,creada,202601,44.26,1139.61,-61.618048,6.69726,-61.392683,7.127961
2026-08-29,VE57007_0,protected_areas,Venezuela,VE,Dorado Tumeremo,creada,202602,15.23,1154.84,-61.618048,6.69726,-61.392683,7.127961
2026-08-29,VE55038_0,protected_areas,Venezuela,VE,Duida Marahuaca,creada,201800,0.0,0.0,-66.0,3.0,-65.0,4.0
2026-08-29,VE55038_0,protected_areas,Venezuela,VE,Duida Marahuaca,creada,201900,0.0,0.0,-66.0,3.0,-65.0,4.0
2026-08-29,VE55038_0,protected_areas,Venezuela,VE,Duida Marahuaca,creada,202000,0.0,0.0,-66.0,3.0,-65.0,4.0
2026-08-29,VE55038_0,protected_areas,Venezuela,VE,Duida Marahuaca,creada,202100,0.0,0.0,-66.0,3.0,-65.0,4.0
2026-08-29,VE55038_0,protected_areas,Venezuela,VE,Duida Marahuaca,creada,202200,0.0,0.0,-66.0,3.0,-65.0,4.0
2026-08-29,VE55038_0,protected_areas,Venezuela,VE,Duida Marahuaca,creada,202300,4.39,4.39,-66.0,3.0,-65.0,4.0
2026-08-29,VE55038_0,protected_areas,Venezuela,VE,Duida Marahuaca,creada,202400,6.57,10.96,-66.0,3.0,-65.0,4.0
2026-08-29,VE55038_0,protected_areas,Venezuela,VE,Duida Marahuaca,creada,202501,5.49,16.45,-66.0,3.0,-65.0,4.0
2026-08-29,VE55038_0,protected_areas,Venezuela,VE,Duida Marahuaca,creada,202502,0.0,16.45,-66.0,3.0,-65.0,4.0
2026-08-29,VE55038_0,protected_areas,Venezuela,VE,Duida Marahuaca,creada,202503,2.22,18.67,-66.0,3.0,-65.0,4.0
2026-08-29,VE55038_0,protected_areas,Venezuela,VE,Duida Marahuaca,creada,202504,0.0,18.67,-66.0,3.0,-65.0,4.0
2026-08-29,VE55038_0,protected_areas,Venezuela,VE,Duida Marahuaca,creada,202601,0.0,18.67,-66.0,3.0,-65.0,4.0
2026-08-29,VE55038_0,protected_areas,Venezuela,VE,Duida Marahuaca,creada,202602,0.0,18.67,-66.0,3.0,-65.0,4.0
2026-08-29,VE57005_0,protected_areas,Venezuela,VE,El Frío,creada,201800,0.0,0.0,-63.029456,6.746837,-62.552347,7.32454
2026-08-29,VE57005_0,protected_areas,Venezuela,VE,El Frío,creada,201900,0.0,0.0,-63.029456,6.746837,-62.552347,7.32454
2026-08-29,VE57005_0,protected_areas,Venezuela,VE,El Frío,creada,202000,0.0,0.0,-63.029456,6.746837,-62.552347,7.32454
2026-08-29,VE57005_0,protected_areas,Venezuela,VE,El Frío,creada,202100,0.0,0.0,-63.029456,6.746837,-62.552347,7.32454
2026-08-29,VE57005_0,protected_areas,Venezuela,VE,El Frío,creada,202200,0.0,0.0,-63.029456,6.746837,-62.552347,7.32454
2026-08-29,VE57005_0,protected_areas,Venezuela,VE,El Frío,creada,202300,0.0,0.0,-63.029456,6.746837,-62.552347,7.32454
2026-08-29,VE57005_0,protected_areas,Venezuela,VE,El Frío,creada,202400,0.0,0.0,-63.029456,6.746837,-62.552347,7.32454
2026-08-29,VE57005_0,protected_areas,Venezuela,VE,El Frío,creada,202501,107.83,107.83,-63.029456,6.746837,-62.552347,7.32454
2026-08-29,VE57005_0,protected_areas,Venezuela,VE,El Frío,creada,202502,327.86,435.69,-63.029456,6.746837,-62.552347,7.32454
2026-08-29,VE57005_0,protected_areas,Venezuela,VE,El Frío,creada,202503,0.0,435.69,-63.029456,6.746837,-62.552347,7.32454
2026-08-29,VE57005_0,protected_areas,Venezuela,VE,El Frío,creada,202504,0.0,435.69,-63.029456,6.746837,-62.552347,7.32454
2026-08-29,VE57005_0,protected_areas,Venezuela,VE,El Frío,creada,202601,16.34,452.03,-63.029456,6.746837,-62.552347,7.32454
2026-08-29,VE57005_0,protected_areas,Venezuela,VE,El Frío,creada,202602,0.0,452.03,-63.029456,6.746837,-62.552347,7.32454
2026-08-29,VE57002_0,protected_areas,Venezuela,VE,Imataca,creada,201800,22794.17,22794.17,-62.408081,5.962778,-59.806376,8.635377
2026-08-29,VE57002_0,protected_areas,Venezuela,VE,Imataca,creada,201900,3147.86,25942.03,-62.408081,5.962778,-59.806376,8.635377
2026-08-29,VE57002_0,protected_areas,Venezuela,VE,Imataca,creada,202000,2893.94,28835.96,-62.408081,5.962778,-59.806376,8.635377
2026-08-29,VE57002_0,protected_areas,Venezuela,VE,Imataca,creada,202100,3402.38,32238.35,-62.408081,5.962778,-59.806376,8.635377
2026-08-29,VE57002_0,protected_areas,Venezuela,VE,Imataca,creada,202200,3683.46,35921.81,-62.408081,5.962778,-59.806376,8.635377
2026-08-29,VE57002_0,protected_areas,Venezuela,VE,Imataca,creada,202300,4385.41,40307.21,-62.408081,5.962778,-59.806376,8.635377
2026-08-29,VE57002_0,protected_areas,Venezuela,VE,Imataca,creada,202400,2924.86,43232.07,-62.408081,5.962778,-59.806376,8.635377
2026-08-29,VE57002_0,protected_areas,Venezuela,VE,Imataca,creada,202501,614.47,43846.53,-62.408081,5.962778,-59.806376,8.635377
2026-08-29,VE57002_0,protected_areas,Venezuela,VE,Imataca,creada,202502,9.33,43855.87,-62.408081,5.962778,-59.806376,8.635377
2026-08-29,VE57002_0,protected_areas,Venezuela,VE,Imataca,creada,202503,402.24,44258.1,-62.408081,5.962778,-59.806376,8.635377
2026-08-29,VE57002_0,protected_areas,Venezuela,VE,Imataca,creada,202504,201.17,44459.27,-62.408081,5.962778,-59.806376,8.635377
2026-08-29,VE57002_0,protected_areas,Venezuela,VE,Imataca,creada,202601,157.06,44616.33,-62.408081,5.962778,-59.806376,8.635377
2026-08-29,VE57002_0,protected_areas,Venezuela,VE,Imataca,creada,202602,1003.22,45619.55,-62.408081,5.962778,-59.806376,8.635377
2026-08-29,VE57003_0,protected_areas,Venezuela,VE,La Paragua,creada,201800,7984.19,7984.19,-63.91229,5.620843,-62.785323,6.915825
2026-08-29,VE57003_0,protected_areas,Venezuela,VE,La Paragua,creada,201900,394.86,8379.05,-63.91229,5.620843,-62.785323,6.915825
2026-08-29,VE57003_0,protected_areas,Venezuela,VE,La Paragua,creada,202000,277.13,8656.18,-63.91229,5.620843,-62.785323,6.915825
2026-08-29,VE57003_0,protected_areas,Venezuela,VE,La Paragua,creada,202100,419.19,9075.36,-63.91229,5.620843,-62.785323,6.915825
2026-08-29,VE57003_0,protected_areas,Venezuela,VE,La Paragua,creada,202200,463.97,9539.33,-63.91229,5.620843,-62.785323,6.915825
2026-08-29,VE57003_0,protected_areas,Venezuela,VE,La Paragua,creada,202300,294.69,9834.03,-63.91229,5.620843,-62.785323,6.915825
2026-08-29,VE57003_0,protected_areas,Venezuela,VE,La Paragua,creada,202400,164.97,9999.0,-63.91229,5.620843,-62.785323,6.915825
2026-08-29,VE57003_0,protected_areas,Venezuela,VE,La Paragua,creada,202501,67.65,10066.65,-63.91229,5.620843,-62.785323,6.915825
2026-08-29,VE57003_0,protected_areas,Venezuela,VE,La Paragua,creada,202502,39.7,10106.35,-63.91229,5.620843,-62.785323,6.915825
2026-08-29,VE57003_0,protected_areas,Venezuela,VE,La Paragua,creada,202503,107.64,10213.99,-63.91229,5.620843,-62.785323,6.915825
2026-08-29,VE57003_0,protected_areas,Venezuela,VE,La Paragua,creada,202504,35.13,10249.12,-63.91229,5.620843,-62.785323,6.915825
2026-08-29,VE57003_0,protected_areas,Venezuela,VE,La Paragua,creada,202601,79.42,10328.54,-63.91229,5.620843,-62.785323,6.915825
2026-08-29,VE57003_0,protected_areas,Venezuela,VE,La Paragua,creada,202602,98.44,10426.99,-63.91229,5.620843,-62.785323,6.915825
2026-08-29,VE55018_0,protected_areas,Venezuela,VE,Macizo Cuao-Sipapo y Cerro Moriche,creada,201800,0.0,0.0,-67.5,4.333333,-66.3,5.166667
2026-08-29,VE55018_0,protected_areas,Venezuela,VE,Macizo Cuao-Sipapo y Cerro Moriche,creada,201900,0.0,0.0,-67.5,4.333333,-66.3,5.166667
2026-08-29,VE55018_0,protected_areas,Venezuela,VE,Macizo Cuao-Sipapo y Cerro Moriche,creada,202000,0.0,0.0,-67.5,4.333333,-66.3,5.166667
2026-08-29,VE55018_0,protected_areas,Venezuela,VE,Macizo Cuao-Sipapo y Cerro Moriche,creada,202100,0.0,0.0,-67.5,4.333333,-66.3,5.166667
2026-08-29,VE55018_0,protected_areas,Venezuela,VE,Macizo Cuao-Sipapo y Cerro Moriche,creada,202200,42.34,42.34,-67.5,4.333333,-66.3,5.166667
2026-08-29,VE55018_0,protected_areas,Venezuela,VE,Macizo Cuao-Sipapo y Cerro Moriche,creada,202300,31.34,73.68,-67.5,4.333333,-66.3,5.166667
2026-08-29,VE55018_0,protected_areas,Venezuela,VE,Macizo Cuao-Sipapo y Cerro Moriche,creada,202400,13.37,87.05,-67.5,4.333333,-66.3,5.166667
2026-08-29,VE55018_0,protected_areas,Venezuela,VE,Macizo Cuao-Sipapo y Cerro Moriche,creada,202501,0.0,87.05,-67.5,4.333333,-66.3,5.166667
2026-08-29,VE55018_0,protected_areas,Venezuela,VE,Macizo Cuao-Sipapo y Cerro Moriche,creada,202502,0.0,87.05,-67.5,4.333333,-66.3,5.166667
2026-08-29,VE55018_0,protected_areas,Venezuela,VE,Macizo Cuao-Sipapo y Cerro Moriche,creada,202503,20.69,107.74,-67.5,4.333333,-66.3,5.166667
2026-08-29,VE55018_0,protected_areas,Venezuela,VE,Macizo Cuao-Sipapo y Cerro Moriche,creada,202504,0.0,107.74,-67.5,4.333333,-66.3,5.166667
2026-08-29,VE55018_0,protected_areas,Venezuela,VE,Macizo Cuao-Sipapo y Cerro Moriche,creada,202601,0.0,107.74,-67.5,4.333333,-66.3,5.166667
2026-08-29,VE55018_0,protected_areas,Venezuela,VE,Macizo Cuao-Sipapo y Cerro Moriche,creada,202602,0.0,107.74,-67.5,4.333333,-66.3,5.166667
2026-08-29,VE55040_0,protected_areas,Venezuela,VE,Parima Tapirapeco,creada,201800,0.0,0.0,-65.588615,1.133162,-63.354771,4.067163
2026-08-29,VE55040_0,protected_areas,Venezuela,VE,Parima Tapirapeco,creada,201900,0.0,0.0,-65.588615,1.133162,-63.354771,4.067163
2026-08-29,VE55040_0,protected_areas,Venezuela,VE,Parima Tapirapeco,creada,202000,37.27,37.27,-65.588615,1.133162,-63.354771,4.067163
2026-08-29,VE55040_0,protected_areas,Venezuela,VE,Parima Tapirapeco,creada,202100,87.24,124.51,-65.588615,1.133162,-63.354771,4.067163
2026-08-29,VE55040_0,protected_areas,Venezuela,VE,Parima Tapirapeco,creada,202200,179.54,304.05,-65.588615,1.133162,-63.354771,4.067163
2026-08-29,VE55040_0,protected_areas,Venezuela,VE,Parima Tapirapeco,creada,202300,56.0,360.05,-65.588615,1.133162,-63.354771,4.067163
2026-08-29,VE55040_0,protected_areas,Venezuela,VE,Parima Tapirapeco,creada,202400,121.9,481.96,-65.588615,1.133162,-63.354771,4.067163
2026-08-29,VE55040_0,protected_areas,Venezuela,VE,Parima Tapirapeco,creada,202501,3.25,485.2,-65.588615,1.133162,-63.354771,4.067163
2026-08-29,VE55040_0,protected_areas,Venezuela,VE,Parima Tapirapeco,creada,202502,0.0,485.2,-65.588615,1.133162,-63.354771,4.067163
2026-08-29,VE55040_0,protected_areas,Venezuela,VE,Parima Tapirapeco,creada,202503,49.44,534.65,-65.588615,1.133162,-63.354771,4.067163
2026-08-29,VE55040_0,protected_areas,Venezuela,VE,Parima Tapirapeco,creada,202504,8.63,543.28,-65.588615,1.133162,-63.354771,4.067163
2026-08-29,VE55040_0,protected_areas,Venezuela,VE,Parima Tapirapeco,creada,202601,0.0,543.28,-65.588615,1.133162,-63.354771,4.067163
2026-08-29,VE55040_0,protected_areas,Venezuela,VE,Parima Tapirapeco,creada,202602,0.0,543.28,-65.588615,1.133162,-63.354771,4.067163
2026-08-29,VE57004_0,protected_areas,Venezuela,VE,San Pedro,creada,201800,4208.82,4208.82,-62.906647,6.132083,-61.6183,7.297123
2026-08-29,VE57004_0,protected_areas,Venezuela,VE,San Pedro,creada,201900,481.2,4690.03,-62.906647,6.132083,-61.6183,7.297123
2026-08-29,VE57004_0,protected_areas,Venezuela,VE,San Pedro,creada,202000,419.78,5109.81,-62.906647,6.132083,-61.6183,7.297123
2026-08-29,VE57004_0,protected_areas,Venezuela,VE,San Pedro,creada,202100,388.69,5498.5,-62.906647,6.132083,-61.6183,7.297123
2026-08-29,VE57004_0,protected_areas,Venezuela,VE,San Pedro,creada,202200,189.24,5687.74,-62.906647,6.132083,-61.6183,7.297123
2026-08-29,VE57004_0,protected_areas,Venezuela,VE,San Pedro,creada,202300,219.51,5907.25,-62.906647,6.132083,-61.6183,7.297123
2026-08-29,VE57004_0,protected_areas,Venezuela,VE,San Pedro,creada,202400,199.12,6106.37,-62.906647,6.132083,-61.6183,7.297123
2026-08-29,VE57004_0,protected_areas,Venezuela,VE,San Pedro,creada,202501,31.89,6138.26,-62.906647,6.132083,-61.6183,7.297123
2026-08-29,VE57004_0,protected_areas,Venezuela,VE,San Pedro,creada,202502,3.06,6141.32,-62.906647,6.132083,-61.6183,7.297123
2026-08-29,VE57004_0,protected_areas,Venezuela,VE,San Pedro,creada,202503,18.01,6159.33,-62.906647,6.132083,-61.6183,7.297123
2026-08-29,VE57004_0,protected_areas,Venezuela,VE,San Pedro,creada,202504,22.97,6182.31,-62.906647,6.132083,-61.6183,7.297123
2026-08-29,VE57004_0,protected_areas,Venezuela,VE,San Pedro,creada,202601,3.44,6185.74,-62.906647,6.132083,-61.6183,7.297123
2026-08-29,VE57004_0,protected_areas,Venezuela,VE,San Pedro,creada,202602,13.61,6199.36,-62.906647,6.132083,-61.6183,7.297123
2026-08-29,VE55041_0,protected_areas,Venezuela,VE,Serranía La Neblina,creada,201800,0.0,0.0,-66.566459,0.646933,-64.997844,1.936139
2026-08-29,VE55041_0,protected_areas,Venezuela,VE,Serranía La Neblina,creada,201900,55.33,55.33,-66.566459,0.646933,-64.997844,1.936139
2026-08-29,VE55041_0,protected_areas,Venezuela,VE,Serranía La Neblina,creada,202000,0.23,55.56,-66.566459,0.646933,-64.997844,1.936139
2026-08-29,VE55041_0,protected_areas,Venezuela,VE,Serranía La Neblina,creada,202100,0.0,55.56,-66.566459,0.646933,-64.997844,1.936139
2026-08-29,VE55041_0,protected_areas,Venezuela,VE,Serranía La Neblina,creada,202200,0.0,55.56,-66.566459,0.646933,-64.997844,1.936139
2026-08-29,VE55041_0,protected_areas,Venezuela,VE,Serranía La Neblina,creada,202300,0.0,55.56,-66.566459,0.646933,-64.997844,1.936139
2026-08-29,VE55041_0,protected_areas,Venezuela,VE,Serranía La Neblina,creada,202400,0.0,55.56,-66.566459,0.646933,-64.997844,1.936139
2026-08-29,VE55041_0,protected_areas,Venezuela,VE,Serranía La Neblina,creada,202501,70.1,125.67,-66.566459,0.646933,-64.997844,1.936139
2026-08-29,VE55041_0,protected_areas,Venezuela,VE,Serranía La Neblina,creada,202502,41.54,167.2,-66.566459,0.646933,-64.997844,1.936139
2026-08-29,VE55041_0,protected_areas,Venezuela,VE,Serranía La Neblina,creada,202503,10.5,177.7,-66.566459,0.646933,-64.997844,1.936139
2026-08-29,VE55041_0,protected_areas,Venezuela,VE,Serranía La Neblina,creada,202504,0.0,177.7,-66.566459,0.646933,-64.997844,1.936139
2026-08-29,VE55041_0,protected_areas,Venezuela,VE,Serranía La Neblina,creada,202601,0.0,177.7,-66.566459,0.646933,-64.997844,1.936139
2026-08-29,VE55041_0,protected_areas,Venezuela,VE,Serranía La Neblina,creada,202602,0.03,177.73,-66.566459,0.646933,-64.997844,1.936139
2026-08-29,VE55030_0,protected_areas,Venezuela,VE,Sierra Maigualida,creada,201800,0.0,0.0,-65.666667,4.833333,-64.666667,6.5
2026-08-29,VE55030_0,protected_areas,Venezuela,VE,Sierra Maigualida,creada,201900,0.0,0.0,-65.666667,4.833333,-64.666667,6.5
2026-08-29,VE55030_0,protected_areas,Venezuela,VE,Sierra Maigualida,creada,202000,0.0,0.0,-65.666667,4.833333,-64.666667,6.5
2026-08-29,VE55030_0,protected_areas,Venezuela,VE,Sierra Maigualida,creada,202100,0.0,0.0,-65.666667,4.833333,-64.666667,6.5
2026-08-29,VE55030_0,protected_areas,Venezuela,VE,Sierra Maigualida,creada,202200,0.0,0.0,-65.666667,4.833333,-64.666667,6.5
2026-08-29,VE55030_0,protected_areas,Venezuela,VE,Sierra Maigualida,creada,202300,5.41,5.41,-65.666667,4.833333,-64.666667,6.5
2026-08-29,VE55030_0,protected_areas,Venezuela,VE,Sierra Maigualida,creada,202400,0.0,5.41,-65.666667,4.833333,-64.666667,6.5
2026-08-29,VE55030_0,protected_areas,Venezuela,VE,Sierra Maigualida,creada,202501,0.0,5.41,-65.666667,4.833333,-64.666667,6.5
2026-08-29,VE55030_0,protected_areas,Venezuela,VE,Sierra Maigualida,creada,202502,0.0,5.41,-65.666667,4.833333,-64.666667,6.5
2026-08-29,VE55030_0,protected_areas,Venezuela,VE,Sierra Maigualida,creada,202503,0.0,5.41,-65.666667,4.833333,-64.666667,6.5
2026-08-29,VE55030_0,protected_areas,Venezuela,VE,Sierra Maigualida,creada,202504,0.0,5.41,-65.666667,4.833333,-64.666667,6.5
2026-08-29,VE55030_0,protected_areas,Venezuela,VE,Sierra Maigualida,creada,202601,0.0,5.41,-65.666667,4.833333,-64.666667,6.5
2026-08-29,VE55030_0,protected_areas,Venezuela,VE,Sierra Maigualida,creada,202602,0.0,5.41,-65.666667,4.833333,-64.666667,6.5
2026-08-29,VE57001_0,protected_areas,Venezuela,VE,Sipapo,creada,201800,0.0,0.0,-67.803229,4.008099,-66.3848,5.772995
2026-08-29,VE57001_0,protected_areas,Venezuela,VE,Sipapo,creada,201900,0.0,0.0,-67.803229,4.008099,-66.3848,5.772995
2026-08-29,VE57001_0,protected_areas,Venezuela,VE,Sipapo,creada,202000,0.0,0.0,-67.803229,4.008099,-66.3848,5.772995
2026-08-29,VE57001_0,protected_areas,Venezuela,VE,Sipapo,creada,202100,0.0,0.0,-67.803229,4.008099,-66.3848,5.772995
2026-08-29,VE57001_0,protected_areas,Venezuela,VE,Sipapo,creada,202200,42.34,42.34,-67.803229,4.008099,-66.3848,5.772995
2026-08-29,VE57001_0,protected_areas,Venezuela,VE,Sipapo,creada,202300,24.19,66.53,-67.803229,4.008099,-66.3848,5.772995
2026-08-29,VE57001_0,protected_areas,Venezuela,VE,Sipapo,creada,202400,45.63,112.16,-67.803229,4.008099,-66.3848,5.772995
2026-08-29,VE57001_0,protected_areas,Venezuela,VE,Sipapo,creada,202501,0.0,112.16,-67.803229,4.008099,-66.3848,5.772995
2026-08-29,VE57001_0,protected_areas,Venezuela,VE,Sipapo,creada,202502,0.0,112.16,-67.803229,4.008099,-66.3848,5.772995
2026-08-29,VE57001_0,protected_areas,Venezuela,VE,Sipapo,creada,202503,5.64,117.79,-67.803229,4.008099,-66.3848,5.772995
2026-08-29,VE57001_0,protected_areas,Venezuela,VE,Sipapo,creada,202504,0.0,117.79,-67.803229,4.008099,-66.3848,5.772995
2026-08-29,VE57001_0,protected_areas,Venezuela,VE,Sipapo,creada,202601,13.34,131.14,-67.803229,4.008099,-66.3848,5.772995
2026-08-29,VE57001_0,protected_areas,Venezuela,VE,Sipapo,creada,202602,14.78,145.91,-67.803229,4.008099,-66.3848,5.772995
2026-08-29,VE55042_0,protected_areas,Venezuela,VE,Yapacana,creada,201800,1656.74,1656.74,-67.037854,3.518354,-66.535112,4.170087
2026-08-29,VE55042_0,protected_areas,Venezuela,VE,Yapacana,creada,201900,236.41,1893.15,-67.037854,3.518354,-66.535112,4.170087
2026-08-29,VE55042_0,protected_areas,Venezuela,VE,Yapacana,creada,202000,398.88,2292.03,-67.037854,3.518354,-66.535112,4.170087
2026-08-29,VE55042_0,protected_areas,Venezuela,VE,Yapacana,creada,202100,318.45,2610.48,-67.037854,3.518354,-66.535112,4.170087
2026-08-29,VE55042_0,protected_areas,Venezuela,VE,Yapacana,creada,202200,615.09,3225.57,-67.037854,3.518354,-66.535112,4.170087
2026-08-29,VE55042_0,protected_areas,Venezuela,VE,Yapacana,creada,202300,306.39,3531.96,-67.037854,3.518354,-66.535112,4.170087
2026-08-29,VE55042_0,protected_areas,Venezuela,VE,Yapacana,creada,202400,70.09,3602.05,-67.037854,3.518354,-66.535112,4.170087
2026-08-29,VE55042_0,protected_areas,Venezuela,VE,Yapacana,creada,202501,13.08,3615.13,-67.037854,3.518354,-66.535112,4.170087
2026-08-29,VE55042_0,protected_areas,Venezuela,VE,Yapacana,creada,202502,11.45,3626.58,-67.037854,3.518354,-66.535112,4.170087
2026-08-29,VE55042_0,protected_areas,Venezuela,VE,Yapacana,creada,202503,98.48,3725.06,-67.037854,3.518354,-66.535112,4.170087
2026-08-29,VE55042_0,protected_areas,Venezuela,VE,Yapacana,creada,202504,141.72,3866.78,-67.037854,3.518354,-66.535112,4.170087
2026-08-29,VE55042_0,protected_areas,Venezuela,VE,Yapacana,creada,202601,114.27,3981.05,-67.037854,3.518354,-66.535112,4.170087
2026-08-29,VE55042_0,protected_areas,Venezuela,VE,Yapacana,creada,202602,26.28,4007.33,-67.037854,3.518354,-66.535112,4.170087
